age,monthly_income,dependents,horizon_years,emergency_fund,drop_reaction,goal_type,experience,monthly_investable,risk_label
24,78855,0,5,no,buy_more,child_education,none,19944,Aggressive
51,34896,2,2,yes,hold,wealth_creation,none,6038,Conservative
47,15000,0,20,yes,buy_more,wealth_creation,none,3782,Aggressive
38,22133,1,20,yes,hold,retirement,some,6916,Aggressive
38,92942,1,3,no,buy_more,retirement,none,22849,Conservative
55,40922,0,20,yes,hold,wealth_creation,none,4008,Aggressive
24,34967,0,1,yes,hold,wealth_creation,some,6113,Aggressive
48,102661,1,20,no,buy_more,short_term,some,22055,Moderate
29,86623,1,15,no,hold,retirement,some,7628,Aggressive
24,49563,4,3,yes,hold,short_term,experienced,12047,Aggressive
42,42957,1,7,yes,hold,retirement,none,11339,Aggressive
60,46191,3,10,yes,buy_more,retirement,some,12875,Aggressive
50,54296,1,3,yes,hold,wealth_creation,some,4667,Moderate
51,100712,0,5,no,sell,wealth_creation,some,26340,Conservative
49,59284,0,7,no,buy_more,retirement,some,9476,Moderate
52,67962,1,2,yes,hold,retirement,some,7704,Conservative
41,82964,0,2,yes,sell,tax_saving,some,17198,Conservative
26,28959,3,3,yes,sell,wealth_creation,experienced,6423,Moderate
54,68850,2,10,yes,sell,wealth_creation,experienced,12876,Aggressive
39,42935,1,5,yes,hold,wealth_creation,experienced,12977,Aggressive
41,15799,1,7,yes,sell,wealth_creation,some,1528,Aggressive
35,18813,1,3,yes,sell,retirement,some,3238,Moderate
28,31003,2,3,yes,hold,wealth_creation,some,4033,Aggressive
58,62258,0,7,no,buy_more,tax_saving,some,4024,Moderate
52,51596,0,2,no,hold,tax_saving,none,7828,Conservative
46,53261,0,10,yes,hold,child_education,none,14136,Moderate
37,117939,0,5,yes,hold,child_education,experienced,24410,Aggressive
53,27692,2,10,no,sell,retirement,some,4863,Moderate
42,48419,0,5,yes,buy_more,retirement,none,9316,Aggressive
38,56218,0,15,no,sell,child_education,some,8081,Moderate
39,35195,3,1,yes,sell,wealth_creation,none,3049,Conservative
30,49649,4,15,no,hold,wealth_creation,experienced,11276,Aggressive
24,23861,1,3,yes,sell,short_term,none,7029,Conservative
43,92453,1,1,no,sell,tax_saving,some,26507,Conservative
56,36072,2,7,yes,hold,retirement,some,4328,Moderate
23,122287,0,3,no,hold,retirement,some,22046,Moderate
55,48309,1,5,no,sell,retirement,none,10417,Conservative
54,77856,0,10,yes,hold,retirement,some,22635,Aggressive
32,47858,1,10,no,hold,retirement,some,5214,Aggressive
46,48347,4,7,yes,buy_more,tax_saving,none,4335,Moderate
27,37691,2,20,yes,sell,wealth_creation,none,12418,Moderate
51,51720,4,5,yes,buy_more,retirement,some,4846,Aggressive
49,56562,2,1,no,hold,retirement,none,19611,Conservative
35,34443,2,15,no,hold,child_education,none,7911,Moderate
23,46338,2,3,yes,sell,retirement,some,9253,Moderate
59,37251,2,2,no,hold,wealth_creation,some,3974,Conservative
38,137977,1,1,no,sell,tax_saving,experienced,42517,Conservative
56,47080,0,5,no,hold,retirement,experienced,4785,Moderate
48,98258,1,5,yes,hold,retirement,some,16741,Moderate
52,44889,0,3,yes,sell,retirement,none,2891,Conservative
51,55087,1,7,yes,sell,child_education,none,3126,Conservative
28,27048,0,10,yes,buy_more,tax_saving,none,7272,Aggressive
35,40087,1,20,yes,hold,tax_saving,some,4502,Aggressive
39,53892,0,2,no,hold,child_education,some,12407,Moderate
40,100077,0,2,no,buy_more,tax_saving,experienced,26722,Aggressive
22,54170,1,7,no,sell,wealth_creation,some,10700,Moderate
42,91370,0,2,yes,hold,wealth_creation,none,22561,Moderate
27,65403,4,5,yes,buy_more,wealth_creation,some,8001,Aggressive
50,101959,1,7,no,hold,wealth_creation,none,30114,Conservative
48,47735,1,10,yes,hold,short_term,none,5340,Moderate
57,143716,0,3,no,buy_more,retirement,none,32649,Conservative
50,39401,3,10,yes,sell,retirement,none,11850,Conservative
35,34720,2,7,yes,sell,wealth_creation,none,9997,Moderate
59,28437,1,15,no,hold,retirement,some,1859,Moderate
37,139938,0,3,no,buy_more,child_education,experienced,22411,Moderate
34,70880,2,10,yes,hold,wealth_creation,experienced,21673,Aggressive
57,42177,4,10,no,sell,retirement,none,12875,Conservative
35,85996,1,3,yes,hold,tax_saving,some,20718,Moderate
24,66800,0,7,yes,hold,short_term,experienced,5514,Aggressive
39,118747,0,10,yes,hold,wealth_creation,experienced,20339,Aggressive
52,24427,0,3,no,buy_more,wealth_creation,experienced,8264,Moderate
28,43503,2,5,no,hold,short_term,some,3565,Moderate
39,39809,4,5,yes,hold,retirement,experienced,11561,Moderate
26,20167,4,10,no,hold,tax_saving,some,3536,Moderate
48,78995,2,1,no,buy_more,tax_saving,none,21598,Conservative
40,43404,0,7,yes,hold,child_education,none,2877,Aggressive
34,68379,4,3,yes,sell,child_education,experienced,3630,Conservative
30,141760,0,7,yes,hold,child_education,experienced,19873,Aggressive
43,41816,0,10,yes,hold,retirement,some,13007,Aggressive
47,40557,2,7,no,hold,child_education,some,10299,Conservative
58,51709,0,7,no,sell,short_term,none,12076,Conservative
38,76439,3,3,yes,sell,wealth_creation,some,26700,Conservative
27,37986,4,3,yes,sell,child_education,some,5857,Conservative
54,36903,2,10,yes,sell,child_education,none,11258,Moderate
46,78884,2,2,yes,sell,short_term,some,6539,Conservative
49,58127,1,10,yes,sell,retirement,some,5883,Conservative
24,19533,0,7,yes,sell,retirement,experienced,3778,Aggressive
33,28242,2,15,yes,sell,child_education,experienced,9541,Aggressive
51,96332,1,3,yes,buy_more,child_education,none,25144,Moderate
54,58739,3,7,yes,hold,wealth_creation,none,4919,Moderate
38,34787,0,1,yes,hold,wealth_creation,none,11704,Moderate
53,45402,0,15,yes,hold,tax_saving,none,12699,Aggressive
54,49313,1,10,yes,hold,retirement,some,13362,Aggressive
36,68260,2,7,yes,sell,tax_saving,some,14706,Moderate
56,26603,2,10,yes,hold,child_education,none,4470,Moderate
32,33576,4,3,no,hold,wealth_creation,experienced,2785,Moderate
30,55427,0,7,yes,hold,short_term,some,13077,Aggressive
48,46867,1,10,no,sell,tax_saving,none,4138,Conservative
46,63407,0,2,yes,hold,wealth_creation,some,14392,Conservative
26,28189,0,20,yes,sell,wealth_creation,none,5973,Aggressive
54,57567,1,15,yes,sell,tax_saving,some,13180,Moderate
28,80114,1,20,no,hold,short_term,some,23876,Aggressive
53,61026,1,10,no,sell,tax_saving,none,10579,Conservative
21,52187,1,3,yes,hold,child_education,some,9444,Aggressive
52,46950,2,7,yes,sell,retirement,experienced,3192,Moderate
52,33668,3,2,no,hold,child_education,some,4589,Conservative
52,47458,0,10,yes,hold,tax_saving,some,3526,Aggressive
47,86410,0,2,yes,buy_more,wealth_creation,experienced,7995,Aggressive
39,46464,2,15,no,hold,retirement,experienced,8272,Aggressive
49,32846,2,3,yes,buy_more,wealth_creation,experienced,5654,Aggressive
32,39280,3,2,no,sell,wealth_creation,none,12992,Conservative
52,53657,0,1,yes,hold,child_education,none,4603,Conservative
43,41436,1,10,yes,hold,short_term,some,3927,Aggressive
39,60985,3,3,no,hold,retirement,experienced,16786,Moderate
41,62024,1,3,yes,hold,wealth_creation,some,3517,Moderate
43,73133,1,2,yes,buy_more,wealth_creation,experienced,17938,Aggressive
22,93022,4,3,yes,buy_more,child_education,some,25512,Aggressive
26,76736,0,20,yes,hold,short_term,none,18316,Aggressive
30,32195,2,5,yes,hold,retirement,experienced,4389,Aggressive
25,32643,3,3,yes,sell,retirement,experienced,2646,Moderate
38,47377,0,2,yes,hold,retirement,some,16499,Moderate
47,40013,2,1,yes,hold,tax_saving,some,12316,Conservative
47,29370,1,5,no,sell,retirement,none,7906,Conservative
39,40184,3,2,yes,sell,retirement,some,4264,Conservative
55,39595,3,1,no,buy_more,child_education,some,7098,Conservative
43,36230,3,2,yes,sell,wealth_creation,some,9526,Conservative
24,42527,0,3,yes,hold,child_education,some,3420,Aggressive
51,83308,2,10,no,sell,short_term,none,28091,Conservative
43,53618,4,1,no,hold,wealth_creation,none,18046,Conservative
46,149091,2,10,yes,sell,retirement,none,14185,Moderate
43,52930,2,7,yes,hold,tax_saving,some,5775,Aggressive
43,43022,0,15,no,sell,short_term,some,6850,Conservative
24,49112,3,3,yes,sell,wealth_creation,some,9095,Moderate
43,55018,0,10,yes,sell,child_education,some,10025,Moderate
52,59627,0,15,yes,sell,short_term,none,15292,Conservative
33,124806,4,20,no,hold,tax_saving,some,23845,Moderate
45,33510,4,10,no,sell,retirement,some,3527,Conservative
22,72154,4,2,yes,hold,wealth_creation,some,9257,Moderate
34,53824,1,20,no,hold,wealth_creation,none,9330,Moderate
38,24173,0,15,yes,sell,wealth_creation,some,4974,Aggressive
60,69342,1,3,no,sell,child_education,some,22668,Conservative
29,86719,0,2,yes,hold,wealth_creation,some,6838,Aggressive
32,33331,3,20,no,hold,retirement,none,9709,Conservative
37,48824,1,2,yes,hold,short_term,some,6994,Conservative
60,22552,1,10,yes,buy_more,tax_saving,experienced,6046,Aggressive
55,27820,0,5,yes,sell,retirement,experienced,3546,Moderate
22,78559,1,10,no,hold,tax_saving,experienced,13004,Aggressive
30,39739,3,2,yes,hold,short_term,none,7271,Conservative
53,29763,2,10,yes,sell,wealth_creation,some,8191,Conservative
23,54353,0,7,yes,hold,wealth_creation,none,5428,Aggressive
55,38751,0,15,no,hold,short_term,some,5966,Conservative
32,39661,1,3,no,hold,short_term,some,8271,Conservative
57,68370,0,2,yes,hold,retirement,some,16906,Conservative
32,29062,4,3,yes,sell,retirement,experienced,2116,Conservative
38,32616,2,1,no,hold,tax_saving,experienced,2557,Moderate
47,52540,0,20,yes,buy_more,retirement,none,13951,Aggressive
26,75828,2,2,yes,hold,child_education,experienced,12120,Aggressive
43,85577,1,3,yes,hold,retirement,experienced,8530,Aggressive
41,36341,0,10,yes,hold,short_term,some,4686,Aggressive
52,74743,1,3,no,hold,child_education,none,17150,Conservative
60,34445,0,3,no,sell,wealth_creation,none,11573,Conservative
47,111501,1,10,yes,hold,tax_saving,some,30057,Moderate
37,29430,3,5,no,hold,retirement,none,8508,Conservative
37,89126,4,15,yes,sell,tax_saving,none,20724,Moderate
37,36482,0,7,no,sell,child_education,none,5886,Conservative
53,121292,2,3,yes,sell,child_education,some,41077,Conservative
33,63965,0,7,no,hold,wealth_creation,some,4757,Aggressive
27,31032,1,15,no,sell,child_education,none,9079,Moderate
34,38754,0,5,no,buy_more,child_education,experienced,4940,Aggressive
21,69670,1,10,yes,buy_more,wealth_creation,none,16188,Aggressive
25,78722,0,5,no,buy_more,child_education,none,27136,Moderate
24,47485,4,7,no,sell,retirement,some,14373,Conservative
51,50015,3,10,yes,hold,child_education,some,15256,Moderate
49,68958,0,1,yes,buy_more,child_education,none,20475,Aggressive
48,52016,2,5,no,hold,tax_saving,some,9682,Conservative
39,27389,0,2,no,sell,wealth_creation,none,4599,Conservative
49,34001,2,10,no,buy_more,child_education,none,6989,Moderate
27,54491,0,7,yes,hold,retirement,some,7385,Aggressive
57,84708,0,5,no,hold,wealth_creation,none,16386,Conservative
41,101436,2,1,yes,buy_more,wealth_creation,experienced,8930,Aggressive
58,69618,1,20,yes,buy_more,wealth_creation,some,22121,Aggressive
27,55786,1,3,no,hold,retirement,none,15101,Conservative
40,68663,1,3,no,sell,wealth_creation,some,4710,Conservative
48,36314,0,2,no,hold,child_education,some,9005,Conservative
40,45754,0,7,yes,hold,child_education,some,12701,Aggressive
38,33831,2,3,yes,hold,child_education,experienced,10436,Moderate
27,27947,2,15,no,hold,tax_saving,some,4156,Aggressive
36,56959,0,10,yes,hold,short_term,none,13625,Moderate
30,53288,1,1,no,hold,tax_saving,some,7078,Conservative
33,66799,2,7,no,buy_more,short_term,experienced,20351,Moderate
48,62677,2,3,no,buy_more,child_education,none,19589,Conservative
46,54676,3,1,no,hold,retirement,none,3989,Conservative
45,62974,1,7,yes,hold,child_education,some,8534,Aggressive
35,48088,1,3,yes,hold,child_education,some,3887,Moderate
59,59030,1,15,no,hold,wealth_creation,none,10013,Conservative
24,35356,0,7,yes,sell,child_education,experienced,1822,Aggressive
34,57893,0,3,no,hold,child_education,none,16490,Conservative
25,66223,0,20,yes,hold,retirement,experienced,11882,Aggressive
34,36266,3,7,no,hold,retirement,experienced,7626,Moderate
59,50177,0,2,yes,buy_more,short_term,none,13687,Conservative
35,37026,2,7,no,buy_more,short_term,some,9763,Moderate
57,38679,1,20,yes,buy_more,retirement,none,5585,Aggressive
40,29548,1,5,no,buy_more,wealth_creation,some,8416,Aggressive
48,86647,3,5,no,hold,tax_saving,some,20988,Conservative
39,79186,2,5,yes,buy_more,wealth_creation,some,9142,Aggressive
31,62432,0,3,yes,buy_more,retirement,some,3669,Aggressive
51,119072,2,2,yes,hold,retirement,none,32964,Conservative
59,45018,1,7,no,sell,child_education,none,4488,Conservative
31,191816,0,15,no,sell,retirement,none,16071,Conservative
52,44250,2,10,no,hold,tax_saving,some,7793,Moderate
31,54986,2,2,yes,hold,tax_saving,experienced,17953,Conservative
49,40986,0,5,yes,hold,child_education,some,10879,Aggressive
52,57962,4,1,no,buy_more,child_education,none,16775,Conservative
38,71398,2,3,no,buy_more,child_education,experienced,9350,Moderate
50,46571,2,10,yes,sell,tax_saving,none,13995,Conservative
31,109045,0,3,yes,sell,retirement,experienced,19040,Moderate
24,54590,0,15,yes,hold,wealth_creation,none,18769,Aggressive
24,55365,1,5,no,hold,wealth_creation,none,12231,Moderate
38,32563,2,10,no,buy_more,retirement,experienced,7550,Aggressive
57,59179,1,15,no,buy_more,retirement,some,19205,Moderate
26,46151,2,10,no,hold,wealth_creation,experienced,15438,Aggressive
39,37282,0,15,no,hold,wealth_creation,some,2061,Aggressive
49,34564,2,10,yes,buy_more,tax_saving,none,4138,Aggressive
29,163128,3,7,yes,buy_more,child_education,none,38216,Aggressive
49,43539,2,3,yes,hold,wealth_creation,some,2224,Moderate
33,25447,2,3,no,buy_more,retirement,some,3696,Moderate
53,35803,3,15,no,hold,tax_saving,some,3898,Moderate
44,47896,0,1,yes,sell,wealth_creation,none,9916,Conservative
42,62692,2,20,no,hold,child_education,none,14368,Moderate
28,62922,4,5,yes,buy_more,wealth_creation,some,6714,Aggressive
39,66468,1,10,yes,buy_more,wealth_creation,none,14019,Aggressive
55,36673,0,5,no,sell,short_term,some,6198,Conservative
21,57136,4,20,no,hold,wealth_creation,none,19842,Moderate
51,33049,0,1,yes,hold,tax_saving,experienced,2297,Moderate
40,37092,0,5,yes,buy_more,retirement,some,11209,Aggressive
49,32436,0,15,no,hold,wealth_creation,none,11347,Moderate
47,28716,1,3,no,sell,retirement,some,6101,Conservative
38,79133,1,3,no,buy_more,short_term,some,20113,Moderate
33,66827,1,15,yes,hold,retirement,some,5906,Aggressive
46,76076,4,15,yes,buy_more,retirement,none,11810,Aggressive
26,49895,1,2,yes,buy_more,tax_saving,none,5211,Aggressive
44,69533,1,7,yes,sell,tax_saving,experienced,15644,Aggressive
24,22190,3,3,no,buy_more,wealth_creation,none,7380,Conservative
46,72286,3,3,no,hold,child_education,some,4256,Conservative
46,53087,0,7,no,buy_more,tax_saving,none,10528,Moderate
24,65003,0,2,yes,sell,child_education,some,17360,Moderate
51,58163,2,5,yes,buy_more,wealth_creation,some,10421,Aggressive
37,31439,3,3,no,hold,tax_saving,none,6654,Conservative
52,24981,1,15,yes,sell,wealth_creation,none,4643,Moderate
22,35581,0,7,yes,buy_more,wealth_creation,some,8156,Aggressive
28,63209,2,3,yes,hold,retirement,some,4460,Moderate
40,66872,2,20,yes,sell,retirement,experienced,14313,Aggressive
28,26487,1,15,yes,buy_more,child_education,some,5391,Aggressive
34,31524,3,3,yes,hold,child_education,experienced,3296,Aggressive
47,35402,2,20,no,hold,retirement,experienced,7449,Moderate
26,41739,2,3,yes,buy_more,retirement,none,7886,Aggressive
48,26557,2,3,no,hold,retirement,experienced,6053,Conservative
25,25850,2,5,no,sell,tax_saving,experienced,5664,Moderate
28,33866,1,2,yes,hold,retirement,some,5803,Conservative
44,50960,1,10,yes,hold,short_term,some,14489,Aggressive
52,28817,2,7,yes,sell,retirement,none,4531,Conservative
27,46531,2,15,yes,hold,short_term,none,8950,Aggressive
32,78932,1,3,yes,hold,child_education,none,14043,Moderate
58,27287,0,2,no,sell,retirement,none,5341,Conservative
60,44671,2,5,yes,hold,child_education,some,12957,Conservative
44,77741,2,2,yes,buy_more,child_education,some,20437,Moderate
38,40610,0,20,no,hold,tax_saving,none,2545,Moderate
34,37867,1,10,no,sell,wealth_creation,none,7511,Moderate
45,82749,0,10,no,buy_more,tax_saving,none,7234,Moderate
44,42710,4,10,yes,hold,wealth_creation,experienced,11480,Aggressive
32,80581,3,3,no,buy_more,child_education,experienced,27881,Moderate
21,59458,1,2,no,buy_more,tax_saving,none,14010,Moderate
27,42012,1,5,no,hold,short_term,experienced,6888,Aggressive
59,60831,2,15,no,hold,tax_saving,experienced,4361,Moderate
37,56624,1,5,yes,sell,wealth_creation,experienced,8480,Aggressive
40,77605,4,1,no,sell,tax_saving,experienced,16109,Conservative
39,38301,0,10,no,sell,child_education,some,12036,Moderate
52,49938,0,3,no,hold,wealth_creation,none,10182,Conservative
23,47682,1,7,yes,hold,wealth_creation,experienced,16465,Aggressive
24,67296,0,1,no,buy_more,child_education,experienced,10817,Aggressive
32,30904,2,7,yes,sell,wealth_creation,none,1549,Moderate
40,77469,2,5,no,hold,child_education,some,18483,Moderate
47,60466,0,15,yes,sell,retirement,some,6998,Moderate
40,27102,1,10,no,sell,short_term,some,3337,Conservative
38,84433,2,1,no,buy_more,tax_saving,some,4662,Conservative
58,133966,3,10,yes,hold,retirement,none,28058,Conservative
27,76943,1,10,no,hold,retirement,some,9560,Aggressive
43,93166,0,10,no,hold,wealth_creation,none,32448,Moderate
42,50940,1,20,yes,hold,short_term,none,15317,Moderate
39,23209,1,10,yes,buy_more,wealth_creation,some,6181,Aggressive
53,21378,2,3,yes,hold,wealth_creation,none,3338,Conservative
31,54983,1,5,no,hold,tax_saving,some,3930,Moderate
59,37556,0,5,yes,sell,child_education,none,9414,Conservative
34,32481,2,7,yes,hold,retirement,some,1841,Moderate
42,47656,1,20,yes,hold,tax_saving,none,8696,Aggressive
41,64667,0,7,yes,sell,child_education,none,4257,Moderate
54,25495,1,3,yes,hold,tax_saving,some,5555,Moderate
38,40054,4,20,no,hold,child_education,some,8726,Moderate
32,96707,2,10,yes,sell,tax_saving,some,20229,Moderate
21,30215,0,3,no,buy_more,short_term,some,7988,Moderate
35,72503,2,15,no,sell,short_term,none,8587,Conservative
54,39413,0,5,no,buy_more,retirement,none,4834,Moderate
21,62668,1,7,yes,hold,tax_saving,none,10957,Aggressive
56,80321,1,5,no,sell,tax_saving,some,20950,Conservative
42,68430,0,20,no,sell,retirement,some,5818,Moderate
26,73800,0,3,yes,hold,wealth_creation,some,23303,Aggressive
33,29195,4,5,yes,buy_more,short_term,experienced,3668,Aggressive
43,80914,0,10,yes,hold,retirement,none,7150,Aggressive
33,33399,3,15,no,hold,wealth_creation,experienced,7671,Aggressive
25,55093,2,2,yes,sell,retirement,some,7309,Moderate
47,55061,1,3,no,buy_more,retirement,some,9505,Moderate
47,60980,0,20,no,buy_more,tax_saving,some,4167,Aggressive
25,57046,0,10,no,hold,retirement,some,10809,Aggressive
32,33533,0,5,no,buy_more,wealth_creation,none,4731,Moderate
30,26703,1,5,no,hold,retirement,none,2695,Moderate
47,72588,4,5,yes,hold,child_education,none,12041,Conservative
50,53296,3,10,yes,hold,child_education,none,14977,Moderate
50,82225,0,7,no,sell,retirement,none,22948,Conservative
58,48043,0,10,yes,sell,retirement,none,7597,Moderate
51,26047,0,1,no,hold,wealth_creation,experienced,8915,Conservative
33,75717,4,15,yes,buy_more,retirement,none,6645,Aggressive
25,41495,0,1,yes,hold,short_term,experienced,12715,Moderate
45,57176,0,15,no,sell,tax_saving,some,19650,Conservative
57,36630,2,1,no,sell,tax_saving,none,8127,Conservative
60,102737,1,2,no,hold,child_education,none,6990,Conservative
30,33042,0,3,yes,hold,child_education,none,10781,Moderate
30,42114,2,3,yes,sell,wealth_creation,none,7626,Conservative
22,51449,0,5,no,sell,tax_saving,none,5225,Moderate
26,29986,0,7,no,hold,wealth_creation,experienced,9518,Aggressive
43,56881,0,15,yes,sell,tax_saving,none,10128,Aggressive
42,101251,1,7,no,hold,retirement,some,20231,Moderate
35,39312,4,7,yes,hold,wealth_creation,some,8699,Moderate
33,58560,1,3,no,sell,wealth_creation,some,18855,Conservative
54,15000,2,10,yes,hold,retirement,experienced,3016,Aggressive
39,48169,0,2,no,sell,wealth_creation,some,15243,Conservative
53,42579,2,3,yes,hold,short_term,none,4303,Conservative
59,33917,4,2,no,buy_more,wealth_creation,experienced,7970,Conservative
33,79750,1,3,no,hold,child_education,experienced,16560,Moderate
29,42327,4,7,yes,sell,wealth_creation,some,6243,Moderate
59,45258,2,2,yes,sell,child_education,some,5148,Conservative
46,41368,2,2,no,sell,retirement,some,2936,Conservative
32,20690,0,15,no,buy_more,wealth_creation,some,2659,Aggressive
45,29454,2,2,no,hold,retirement,none,7486,Conservative
41,75545,1,7,no,hold,retirement,some,10082,Moderate
57,18968,4,5,yes,sell,retirement,experienced,5091,Conservative
31,34723,3,15,no,buy_more,tax_saving,none,10852,Moderate
60,40950,1,10,yes,buy_more,retirement,some,10577,Aggressive
58,107433,4,1,no,sell,retirement,some,31318,Conservative
28,69277,3,15,no,hold,wealth_creation,none,15376,Aggressive
27,38149,1,5,no,hold,short_term,some,12741,Moderate
42,88170,0,3,yes,hold,wealth_creation,some,24589,Aggressive
22,35128,0,10,yes,hold,retirement,none,5156,Aggressive
32,77195,0,10,no,sell,retirement,none,20611,Moderate
38,26595,0,3,yes,hold,short_term,none,6690,Moderate
59,79456,4,5,no,hold,short_term,none,21884,Conservative
60,40832,0,2,yes,hold,wealth_creation,some,5953,Conservative
27,30858,2,7,yes,hold,tax_saving,some,6260,Aggressive
56,44457,2,20,yes,sell,retirement,none,13964,Conservative
24,55537,2,5,no,hold,wealth_creation,some,19033,Aggressive
50,39236,0,20,no,buy_more,short_term,none,6198,Moderate
54,62898,1,2,yes,hold,short_term,experienced,12328,Conservative
56,37708,2,10,yes,buy_more,wealth_creation,none,5627,Aggressive
29,64806,1,20,yes,hold,short_term,some,17198,Aggressive
56,59814,0,10,no,buy_more,wealth_creation,none,3686,Moderate
25,47695,2,2,no,hold,short_term,experienced,16032,Conservative
41,40190,0,5,no,sell,short_term,some,8633,Conservative
39,52480,1,2,no,buy_more,short_term,experienced,6889,Moderate
33,62793,1,7,yes,hold,retirement,some,3842,Aggressive
21,123971,0,20,no,buy_more,wealth_creation,experienced,27053,Aggressive
51,74812,3,5,yes,hold,wealth_creation,some,16896,Moderate
34,76053,0,2,no,hold,wealth_creation,none,19665,Conservative
47,196777,4,3,yes,sell,wealth_creation,some,40854,Conservative
37,61832,3,7,no,hold,short_term,none,12657,Conservative
35,60967,1,7,no,hold,tax_saving,some,8610,Moderate
56,67292,0,3,yes,buy_more,tax_saving,none,7281,Moderate
24,31131,0,10,no,buy_more,tax_saving,some,3900,Aggressive
50,40144,3,2,no,hold,wealth_creation,some,6520,Conservative
50,39035,2,7,no,hold,retirement,some,11008,Conservative
36,65606,0,5,yes,sell,retirement,some,5607,Moderate
31,45325,1,2,no,hold,short_term,some,11018,Conservative
21,52166,0,7,no,buy_more,retirement,some,3202,Aggressive
58,79965,1,10,no,hold,wealth_creation,some,5031,Moderate
58,72288,1,5,yes,hold,wealth_creation,some,9548,Moderate
30,45580,0,10,no,buy_more,tax_saving,experienced,7163,Aggressive
22,36261,3,7,no,sell,child_education,none,3878,Conservative
25,81705,0,3,no,buy_more,child_education,none,25808,Moderate
23,69442,1,20,no,hold,retirement,some,9820,Aggressive
54,23793,2,20,yes,sell,tax_saving,some,4532,Moderate
56,42577,4,2,no,hold,retirement,experienced,14826,Conservative
27,52811,1,20,yes,sell,short_term,experienced,6663,Aggressive
50,69596,3,10,yes,hold,wealth_creation,experienced,16399,Aggressive
28,73831,1,2,yes,hold,retirement,some,20226,Moderate
35,55701,3,7,yes,sell,wealth_creation,some,7314,Moderate
44,63790,0,1,yes,hold,wealth_creation,none,4289,Moderate
49,50456,2,7,yes,hold,child_education,none,14501,Moderate
55,36198,0,20,yes,sell,retirement,some,4948,Moderate
22,43583,4,5,no,buy_more,child_education,some,6379,Moderate
28,49441,4,7,yes,sell,retirement,none,8623,Moderate
32,48261,1,3,yes,hold,retirement,experienced,2978,Aggressive
33,20983,1,7,yes,hold,short_term,experienced,6408,Moderate
60,40992,1,10,yes,sell,tax_saving,none,12666,Conservative
52,50276,0,3,yes,buy_more,child_education,none,15656,Moderate
33,43190,2,7,no,hold,tax_saving,experienced,4525,Moderate
59,43867,2,5,no,sell,tax_saving,none,15040,Conservative
40,61059,1,10,yes,hold,retirement,none,15169,Aggressive
41,30165,0,10,yes,hold,child_education,some,6874,Aggressive
38,23561,3,10,yes,sell,short_term,experienced,6283,Aggressive
26,41911,0,5,no,hold,tax_saving,some,11600,Aggressive
58,69137,2,7,no,hold,short_term,some,12087,Conservative
21,104757,0,7,yes,hold,retirement,experienced,23588,Aggressive
27,69700,0,10,yes,hold,child_education,some,15720,Aggressive
30,25318,0,7,no,hold,tax_saving,some,1325,Moderate
32,44153,1,15,yes,sell,child_education,none,2337,Moderate
26,55021,2,3,yes,sell,short_term,some,10520,Moderate
21,53099,1,1,no,hold,wealth_creation,some,11551,Moderate
48,62485,2,20,no,hold,short_term,none,16381,Conservative
59,32445,2,1,yes,sell,short_term,some,8948,Conservative
25,50474,0,15,no,sell,retirement,none,11393,Moderate
32,59227,0,7,yes,hold,short_term,none,8014,Moderate
41,71079,2,15,yes,hold,tax_saving,some,16759,Aggressive
58,34112,2,7,no,hold,child_education,none,4364,Conservative
48,41968,1,15,no,hold,child_education,none,12391,Moderate
51,15000,0,10,no,hold,retirement,some,2654,Aggressive
44,37061,3,7,no,sell,retirement,experienced,11803,Conservative
37,38716,0,5,no,hold,retirement,some,3421,Aggressive
28,30982,2,1,no,sell,short_term,none,8106,Conservative
55,52813,0,3,no,buy_more,child_education,some,9442,Moderate
53,47802,2,20,yes,sell,short_term,some,4216,Conservative
22,17736,1,3,no,hold,child_education,none,3861,Conservative
49,54012,2,10,yes,hold,tax_saving,none,6133,Moderate
24,32281,0,7,no,hold,tax_saving,some,4445,Aggressive
50,60995,1,3,yes,buy_more,child_education,some,11397,Aggressive
54,27533,0,20,yes,hold,retirement,none,4386,Aggressive
26,49687,2,1,no,sell,wealth_creation,none,8278,Conservative
38,43155,0,7,no,hold,wealth_creation,some,7297,Aggressive
25,56184,0,5,yes,hold,retirement,some,3095,Aggressive
43,51850,2,1,yes,buy_more,tax_saving,some,8306,Aggressive
58,43703,0,3,no,hold,wealth_creation,experienced,7344,Moderate
24,24555,0,10,no,hold,wealth_creation,none,5594,Aggressive
36,25216,3,2,yes,sell,retirement,some,4898,Conservative
59,37693,3,10,yes,buy_more,wealth_creation,none,3835,Moderate
33,48838,3,7,yes,hold,retirement,some,11055,Aggressive
26,37282,0,2,yes,sell,child_education,some,2256,Moderate
40,64948,1,3,yes,hold,tax_saving,some,9741,Aggressive
41,43232,2,2,no,hold,short_term,some,10204,Conservative
47,31753,0,10,yes,sell,wealth_creation,some,7531,Aggressive
33,43254,2,7,yes,hold,retirement,some,4503,Aggressive
59,54265,0,1,yes,hold,short_term,none,8235,Conservative
41,56737,3,7,yes,sell,retirement,none,10627,Conservative
32,114150,2,5,yes,buy_more,wealth_creation,experienced,19796,Aggressive
59,36278,1,7,yes,buy_more,tax_saving,some,9273,Aggressive
57,47426,1,1,yes,sell,short_term,none,12902,Conservative
40,59382,0,1,no,hold,child_education,experienced,3697,Moderate
21,48506,0,5,yes,buy_more,retirement,experienced,13270,Aggressive
44,39133,2,10,no,hold,short_term,some,12270,Conservative
43,24412,1,10,no,buy_more,wealth_creation,some,7913,Aggressive
26,38953,1,3,yes,sell,short_term,none,2601,Conservative
46,30237,0,3,yes,hold,child_education,some,9528,Moderate
54,22539,2,10,no,hold,tax_saving,experienced,2233,Moderate
25,34267,1,1,yes,hold,wealth_creation,none,5191,Aggressive
49,30601,0,7,yes,hold,short_term,none,5033,Conservative
26,63748,4,5,no,sell,tax_saving,experienced,8905,Conservative
50,64247,1,3,no,sell,child_education,none,8892,Conservative
37,32638,1,7,no,sell,tax_saving,experienced,3290,Moderate
21,43603,4,3,yes,sell,child_education,none,10800,Conservative
59,21243,1,7,yes,sell,retirement,none,4761,Conservative
27,39243,4,2,yes,hold,short_term,experienced,9185,Moderate
44,58661,2,5,yes,sell,wealth_creation,none,12108,Moderate
28,71055,2,7,yes,sell,short_term,some,8260,Moderate
58,35565,0,1,yes,sell,child_education,none,8033,Conservative
50,78694,0,7,yes,buy_more,short_term,some,19368,Aggressive
53,24783,1,10,yes,sell,short_term,none,1625,Conservative
38,27961,0,20,yes,hold,retirement,experienced,9683,Aggressive
39,67463,0,3,yes,sell,retirement,experienced,15107,Moderate
46,103985,1,3,no,sell,tax_saving,none,25112,Conservative
52,61208,2,3,yes,hold,wealth_creation,none,13521,Moderate
54,48138,0,15,no,hold,retirement,some,12381,Moderate
21,18254,2,5,yes,hold,short_term,experienced,4509,Aggressive
47,19730,4,3,yes,hold,short_term,none,5716,Conservative
25,51960,2,10,no,hold,retirement,experienced,5116,Aggressive
32,41725,2,1,no,sell,retirement,experienced,4135,Conservative
54,29803,2,7,yes,buy_more,wealth_creation,some,3453,Aggressive
31,50487,0,5,yes,sell,tax_saving,none,17116,Conservative
52,51627,1,7,no,buy_more,child_education,some,8111,Moderate
39,74980,4,10,yes,hold,wealth_creation,some,10861,Aggressive
30,52128,2,5,yes,sell,retirement,some,6192,Conservative
34,85201,2,7,yes,hold,child_education,none,16564,Moderate
42,49197,4,7,yes,hold,retirement,some,15821,Moderate
51,46541,0,2,no,hold,tax_saving,experienced,11740,Conservative
45,79137,0,15,no,buy_more,wealth_creation,some,8414,Aggressive
58,31561,2,10,yes,hold,child_education,some,9506,Aggressive
55,173946,0,20,yes,buy_more,short_term,none,58037,Moderate
51,58038,1,10,yes,sell,retirement,none,15317,Moderate
45,58184,3,3,no,sell,wealth_creation,none,13271,Conservative
32,62087,2,5,no,hold,retirement,some,15616,Moderate
37,114086,0,5,yes,buy_more,wealth_creation,some,30893,Aggressive
25,70026,2,1,no,hold,wealth_creation,some,21555,Conservative
35,23806,0,5,yes,buy_more,tax_saving,none,5894,Aggressive
58,92185,3,5,no,hold,short_term,none,19307,Conservative
38,42049,0,1,yes,buy_more,retirement,experienced,4403,Aggressive
25,51442,3,15,yes,buy_more,wealth_creation,none,8347,Aggressive
47,27565,1,2,yes,hold,child_education,experienced,2077,Moderate
59,62117,1,7,no,hold,wealth_creation,some,16682,Conservative
55,36566,1,10,yes,hold,tax_saving,experienced,12713,Moderate
31,51281,0,7,yes,buy_more,short_term,some,4040,Aggressive
39,43137,1,2,no,hold,short_term,experienced,7853,Conservative
42,116570,3,7,no,hold,tax_saving,some,30310,Conservative
30,119613,3,10,yes,buy_more,child_education,none,7054,Aggressive
31,50057,0,15,yes,hold,retirement,experienced,9103,Aggressive
30,50452,2,3,no,hold,retirement,none,14552,Conservative
60,41437,3,1,yes,hold,wealth_creation,some,5716,Conservative
50,80636,3,7,yes,hold,retirement,none,19990,Conservative
54,42276,1,3,yes,hold,retirement,some,9816,Moderate
53,40554,0,10,yes,sell,retirement,some,10544,Aggressive
59,76142,4,10,no,buy_more,short_term,experienced,9292,Conservative
25,38475,1,10,no,hold,wealth_creation,none,3866,Aggressive
56,48194,1,20,yes,buy_more,child_education,experienced,2654,Aggressive
23,24062,2,7,no,hold,wealth_creation,experienced,4670,Aggressive
40,67297,0,15,no,buy_more,tax_saving,none,7136,Aggressive
44,117405,3,7,no,hold,retirement,none,28806,Conservative
35,67815,0,3,yes,hold,retirement,none,14563,Aggressive
26,94637,2,10,yes,buy_more,short_term,none,28401,Aggressive
28,33498,4,10,no,hold,retirement,some,9733,Aggressive
53,54521,4,20,no,buy_more,short_term,none,8634,Conservative
33,32066,4,3,yes,hold,short_term,some,4453,Moderate
33,44245,3,5,yes,sell,short_term,some,3302,Moderate
57,69389,0,15,yes,hold,tax_saving,some,19214,Moderate
26,51319,4,1,yes,buy_more,child_education,experienced,10205,Aggressive
57,25959,4,7,yes,hold,retirement,none,3916,Conservative
57,27125,1,7,yes,hold,child_education,some,7081,Moderate
44,26330,1,2,yes,sell,retirement,experienced,3481,Conservative
27,61154,0,2,no,hold,wealth_creation,none,11827,Conservative
27,124088,1,15,no,buy_more,child_education,some,22433,Aggressive
32,90500,2,1,yes,buy_more,wealth_creation,experienced,11861,Aggressive
44,20885,1,10,yes,hold,child_education,some,5996,Aggressive
27,92919,1,10,yes,sell,tax_saving,experienced,24363,Aggressive
39,74710,1,7,yes,sell,child_education,experienced,15379,Moderate
25,24455,0,5,no,sell,retirement,none,6294,Conservative
42,42768,4,1,yes,buy_more,tax_saving,some,3285,Moderate
21,80256,0,10,no,hold,retirement,some,14361,Aggressive
49,62799,0,2,yes,sell,retirement,experienced,14446,Conservative
23,27198,0,3,no,buy_more,short_term,some,4573,Moderate
28,64526,3,20,no,buy_more,short_term,some,17050,Aggressive
27,18734,3,3,no,hold,short_term,none,3871,Conservative
54,44343,0,3,no,buy_more,short_term,some,7310,Conservative
23,81803,0,20,yes,hold,short_term,some,14283,Aggressive
38,49428,1,2,yes,sell,wealth_creation,experienced,13092,Conservative
44,39162,0,2,yes,buy_more,wealth_creation,none,2731,Moderate
41,73145,2,5,no,sell,short_term,none,22049,Conservative
48,76011,0,10,no,buy_more,short_term,experienced,5108,Aggressive
53,88390,1,15,yes,hold,retirement,some,7937,Aggressive
36,72653,1,10,no,buy_more,wealth_creation,none,21291,Aggressive
54,79747,1,20,yes,sell,retirement,some,12945,Moderate
33,68173,1,1,yes,hold,short_term,experienced,12804,Moderate
60,55242,0,7,no,buy_more,retirement,experienced,8939,Moderate
41,51035,0,2,yes,buy_more,tax_saving,none,3976,Moderate
50,44056,0,15,yes,buy_more,short_term,some,10245,Aggressive
56,28408,0,20,no,sell,child_education,some,7292,Conservative
52,31891,4,3,yes,hold,wealth_creation,none,3411,Conservative
55,43178,0,15,yes,hold,child_education,some,11901,Moderate
42,54647,0,7,yes,hold,short_term,none,4368,Aggressive
22,93748,0,2,yes,hold,retirement,some,26478,Moderate
40,48107,2,7,no,hold,wealth_creation,none,12527,Moderate
28,77000,4,20,no,hold,wealth_creation,none,24919,Moderate
56,79673,2,3,yes,sell,retirement,none,23427,Conservative
30,44172,2,1,no,buy_more,wealth_creation,experienced,13399,Moderate
30,64062,3,20,no,buy_more,retirement,some,21608,Moderate
30,43932,1,5,no,hold,child_education,some,13324,Conservative
46,88872,3,5,no,buy_more,wealth_creation,none,25677,Conservative
43,65259,2,10,yes,buy_more,retirement,experienced,7102,Aggressive
58,28689,0,7,no,sell,tax_saving,some,7933,Conservative
37,52716,1,3,yes,hold,child_education,experienced,12641,Aggressive
32,102914,0,2,yes,buy_more,child_education,none,34833,Moderate
22,45181,0,15,yes,hold,child_education,some,12018,Aggressive
21,59962,3,5,yes,sell,child_education,none,7667,Conservative
35,62670,0,10,yes,hold,wealth_creation,none,6219,Aggressive
58,30746,2,15,no,buy_more,tax_saving,some,4132,Moderate
41,61686,4,1,yes,hold,wealth_creation,experienced,11969,Moderate
56,26180,1,15,yes,sell,child_education,none,6433,Conservative
25,36992,1,10,no,sell,retirement,some,4236,Aggressive
24,79544,2,20,yes,buy_more,tax_saving,some,9533,Aggressive
54,57557,3,3,yes,hold,retirement,some,8090,Moderate
25,42744,0,5,no,buy_more,child_education,some,12489,Aggressive
23,59928,0,10,no,hold,wealth_creation,some,9566,Aggressive
37,47712,2,20,no,buy_more,child_education,experienced,3507,Aggressive
57,49299,4,20,yes,sell,child_education,some,10525,Conservative
48,65878,0,5,yes,buy_more,retirement,experienced,3411,Aggressive
24,35336,1,7,no,buy_more,short_term,none,8908,Moderate
54,49918,4,2,no,hold,wealth_creation,experienced,15106,Conservative
54,42594,0,10,yes,hold,wealth_creation,experienced,4255,Aggressive
53,24016,0,15,no,buy_more,wealth_creation,none,7285,Moderate
57,32396,1,10,no,buy_more,tax_saving,some,8219,Moderate
30,99279,0,5,yes,hold,wealth_creation,experienced,7899,Aggressive
60,58286,0,20,yes,hold,short_term,none,6899,Conservative
33,27021,2,2,yes,buy_more,short_term,some,3193,Moderate
53,24510,2,5,no,hold,wealth_creation,some,2738,Conservative
44,46607,1,7,yes,hold,retirement,experienced,7008,Aggressive
52,98966,1,7,no,hold,retirement,none,31896,Conservative
46,45069,1,10,yes,sell,wealth_creation,none,5283,Moderate
46,88269,2,7,no,buy_more,child_education,none,28953,Conservative
45,57432,3,1,yes,buy_more,wealth_creation,none,12341,Conservative
52,60600,2,2,no,hold,short_term,none,12429,Conservative
50,26874,2,7,yes,hold,child_education,some,6775,Moderate
26,74748,3,10,no,sell,wealth_creation,experienced,21804,Moderate
54,42162,3,7,no,sell,tax_saving,experienced,14220,Conservative
42,72286,0,5,yes,buy_more,child_education,experienced,3672,Aggressive
33,33983,4,1,no,buy_more,tax_saving,experienced,5758,Conservative
41,53086,3,10,yes,hold,retirement,none,5505,Aggressive
59,57434,0,5,no,sell,short_term,none,5486,Conservative
55,45738,0,7,yes,sell,child_education,none,4304,Conservative
54,58808,2,5,no,hold,short_term,some,15462,Conservative
39,43482,1,3,no,sell,short_term,experienced,2841,Conservative
52,36604,2,3,no,hold,short_term,none,11018,Conservative
36,100958,1,1,yes,buy_more,tax_saving,some,27841,Moderate
48,78592,0,10,yes,hold,retirement,some,13579,Aggressive
46,34808,0,3,no,buy_more,child_education,none,6183,Moderate
30,63310,3,3,yes,sell,retirement,experienced,16049,Conservative
31,35094,0,20,no,hold,child_education,none,1868,Moderate
23,28764,2,5,yes,buy_more,wealth_creation,some,4778,Aggressive
26,78058,0,7,yes,buy_more,short_term,experienced,8121,Aggressive
38,22768,1,5,no,hold,child_education,none,2373,Moderate
40,74390,1,3,yes,hold,short_term,none,16007,Moderate
27,43751,0,1,yes,sell,retirement,some,5415,Moderate
37,44569,2,15,yes,hold,tax_saving,some,7244,Aggressive
45,58946,2,5,no,sell,retirement,some,15632,Conservative
30,63674,0,10,no,sell,retirement,some,15039,Moderate
34,33797,1,20,no,hold,tax_saving,none,5035,Moderate
35,67709,2,1,yes,sell,child_education,none,4393,Conservative
41,51586,2,10,yes,sell,child_education,experienced,2991,Aggressive
35,27855,1,2,yes,sell,tax_saving,none,5466,Moderate
50,45413,2,5,yes,hold,short_term,experienced,8013,Moderate
34,91269,0,15,yes,buy_more,retirement,none,26370,Aggressive
38,104241,0,1,yes,buy_more,retirement,experienced,7777,Aggressive
36,67697,2,20,yes,sell,short_term,experienced,20646,Moderate
28,28691,2,7,no,sell,short_term,none,3263,Conservative
48,61130,3,5,yes,buy_more,short_term,some,9488,Aggressive
30,71889,0,1,yes,sell,retirement,some,22140,Conservative
32,67952,1,7,yes,hold,wealth_creation,some,20473,Aggressive
52,69788,2,5,yes,sell,retirement,experienced,14269,Moderate
58,57726,0,3,no,hold,short_term,none,4300,Conservative
47,47449,1,5,no,sell,wealth_creation,experienced,10777,Conservative
57,37280,2,1,no,hold,wealth_creation,some,10383,Conservative
55,20867,0,20,yes,hold,tax_saving,none,2685,Moderate
40,57115,1,5,yes,sell,retirement,some,5992,Moderate
51,53301,0,5,no,hold,wealth_creation,none,10612,Moderate
34,63001,3,10,no,hold,short_term,some,17312,Conservative
39,26852,0,10,yes,buy_more,wealth_creation,none,5409,Aggressive
42,65529,0,15,yes,hold,tax_saving,experienced,7984,Aggressive
59,123567,0,20,no,sell,child_education,none,38389,Conservative
54,50782,0,3,no,hold,retirement,some,15823,Conservative
40,47679,0,5,yes,sell,wealth_creation,experienced,11800,Aggressive
47,56333,2,10,yes,buy_more,short_term,experienced,4072,Aggressive
29,122339,0,1,no,buy_more,tax_saving,some,14636,Moderate
53,30926,0,10,no,sell,child_education,none,7286,Conservative
43,53714,0,1,yes,hold,retirement,experienced,15275,Moderate
42,34205,1,15,yes,hold,child_education,none,6576,Aggressive
51,38324,0,10,no,sell,wealth_creation,some,5411,Aggressive
46,47938,2,7,no,hold,retirement,experienced,15117,Conservative
23,89885,2,5,no,hold,tax_saving,none,14777,Moderate
32,110243,2,20,yes,hold,wealth_creation,none,35814,Aggressive
28,59973,0,10,yes,hold,retirement,some,12576,Aggressive
50,41379,3,10,no,hold,retirement,some,9694,Moderate
22,150502,2,15,yes,hold,wealth_creation,none,13166,Aggressive
29,40441,0,1,yes,hold,tax_saving,experienced,5268,Moderate
44,37910,1,1,yes,hold,retirement,experienced,12980,Moderate
48,22054,2,3,yes,hold,retirement,experienced,5857,Moderate
41,91880,0,7,no,hold,wealth_creation,none,17744,Moderate
55,75789,1,7,yes,sell,short_term,some,15644,Conservative
57,145511,2,5,no,hold,child_education,experienced,11108,Conservative
26,26231,0,20,no,hold,retirement,none,7475,Aggressive
59,94483,4,2,yes,hold,child_education,some,6747,Conservative
45,50592,0,10,no,sell,short_term,none,8403,Conservative
46,70456,0,5,yes,hold,child_education,none,12202,Aggressive
24,23353,0,5,no,sell,tax_saving,none,5392,Conservative
45,94905,1,1,yes,hold,wealth_creation,some,16576,Moderate
50,69837,3,10,no,hold,short_term,some,23619,Conservative
44,48169,3,10,yes,hold,tax_saving,none,13938,Aggressive
24,65532,3,3,no,buy_more,child_education,some,22136,Moderate
41,34735,1,7,yes,buy_more,child_education,none,7142,Aggressive
58,37769,1,7,yes,buy_more,tax_saving,none,5312,Moderate
49,39793,1,5,yes,buy_more,tax_saving,experienced,13704,Aggressive
26,21295,0,7,yes,sell,wealth_creation,some,1583,Aggressive
59,72243,3,5,yes,sell,short_term,some,23704,Conservative
59,83802,1,15,yes,sell,short_term,none,6598,Conservative
27,35753,1,10,no,sell,short_term,none,10442,Conservative
53,57336,1,2,yes,buy_more,retirement,experienced,16282,Moderate
37,43499,2,10,yes,buy_more,child_education,none,10783,Aggressive
44,56824,0,5,no,hold,wealth_creation,none,16181,Moderate
38,36959,2,20,no,buy_more,retirement,some,2824,Aggressive
52,32940,2,7,yes,hold,retirement,some,5338,Aggressive
60,78702,3,1,yes,hold,retirement,experienced,11879,Conservative
52,47631,0,10,yes,sell,wealth_creation,experienced,16406,Moderate
58,121777,0,2,no,buy_more,retirement,none,23352,Conservative
58,50053,1,15,no,hold,retirement,none,3248,Moderate
24,32314,3,20,no,hold,retirement,some,4129,Aggressive
31,85146,4,10,no,sell,retirement,none,25818,Conservative
49,65111,1,7,no,buy_more,child_education,some,20672,Moderate
44,67988,0,7,no,buy_more,tax_saving,none,22314,Moderate
23,83764,0,5,no,hold,retirement,experienced,7809,Aggressive
24,36542,2,2,no,buy_more,tax_saving,experienced,9370,Aggressive
41,46292,0,20,no,hold,tax_saving,none,7902,Moderate
45,45380,1,5,no,buy_more,tax_saving,none,12281,Moderate
27,27423,3,3,yes,hold,wealth_creation,experienced,8153,Aggressive
27,43537,1,3,yes,hold,short_term,none,5589,Moderate
26,89444,1,20,yes,buy_more,retirement,none,17897,Aggressive
43,54546,0,20,yes,buy_more,retirement,none,8082,Aggressive
21,26749,0,5,no,sell,child_education,none,4996,Conservative
43,24339,2,3,no,buy_more,wealth_creation,none,3338,Moderate
40,103688,1,10,yes,hold,retirement,none,15749,Aggressive
39,47068,0,5,yes,sell,retirement,none,6198,Conservative
48,36631,0,20,yes,hold,short_term,experienced,5111,Aggressive
41,43334,0,15,no,hold,retirement,none,9680,Aggressive
50,25215,2,10,no,hold,wealth_creation,experienced,5801,Aggressive
51,93003,2,2,yes,hold,wealth_creation,some,30339,Conservative
57,41073,1,10,yes,sell,retirement,some,6866,Moderate
52,90701,1,20,no,sell,wealth_creation,experienced,22424,Conservative
41,50173,0,5,no,buy_more,retirement,none,17040,Moderate
40,93273,1,15,no,sell,wealth_creation,none,17713,Conservative
30,55023,0,5,yes,hold,retirement,some,15612,Aggressive
44,71966,4,20,yes,hold,child_education,none,24535,Aggressive
26,67750,0,7,no,sell,tax_saving,none,19439,Conservative
58,64892,1,2,yes,sell,retirement,experienced,4811,Conservative
54,57329,0,5,no,hold,retirement,experienced,6187,Moderate
25,44144,2,1,no,buy_more,short_term,some,6112,Conservative
52,116069,0,5,yes,buy_more,short_term,some,29697,Moderate
25,32593,4,15,yes,hold,wealth_creation,some,8194,Aggressive
49,49115,0,3,no,sell,retirement,none,4476,Conservative
24,49350,3,20,no,hold,tax_saving,none,9120,Moderate
40,58753,2,2,yes,hold,wealth_creation,some,10372,Moderate
47,40406,0,10,no,hold,retirement,none,10382,Moderate
50,56479,0,20,yes,hold,wealth_creation,none,7245,Aggressive
37,45434,1,7,no,hold,short_term,some,5512,Conservative
57,24055,3,15,no,hold,wealth_creation,some,5509,Conservative
51,49231,3,20,yes,buy_more,retirement,none,3684,Aggressive
29,29874,0,7,no,hold,retirement,experienced,7488,Aggressive
47,22460,1,10,no,hold,tax_saving,some,4083,Moderate
50,52135,0,1,no,buy_more,tax_saving,some,10995,Conservative
34,61056,0,5,yes,hold,short_term,none,17742,Moderate
50,62131,2,3,no,sell,tax_saving,some,6479,Conservative
56,63273,0,15,no,sell,wealth_creation,some,7148,Conservative
53,20544,0,10,yes,hold,wealth_creation,some,6580,Aggressive
51,26570,3,7,yes,hold,child_education,some,7234,Moderate
46,119143,2,20,no,hold,child_education,none,15346,Moderate
31,30600,2,2,no,sell,wealth_creation,none,8146,Conservative
52,64529,0,20,yes,sell,short_term,experienced,12077,Moderate
35,35985,3,2,no,hold,retirement,none,8463,Conservative
42,50810,1,5,yes,hold,retirement,some,14531,Aggressive
33,36865,1,7,no,hold,wealth_creation,experienced,2338,Moderate
33,63113,0,5,yes,hold,short_term,none,14727,Moderate
27,52132,3,10,yes,hold,child_education,experienced,7900,Aggressive
59,40065,1,10,no,hold,short_term,experienced,8207,Moderate
26,30559,3,15,no,hold,short_term,some,4862,Moderate
24,55298,2,2,yes,hold,retirement,some,18376,Moderate
58,28403,2,3,no,sell,child_education,experienced,6508,Conservative
43,59418,2,1,no,hold,retirement,none,18061,Conservative
38,159838,4,5,no,sell,child_education,some,20302,Conservative
50,90001,0,2,yes,hold,retirement,none,14344,Conservative
36,67728,0,3,yes,hold,retirement,experienced,19378,Aggressive
26,47168,2,15,no,hold,tax_saving,some,5675,Moderate
50,20487,1,20,no,buy_more,retirement,some,7170,Aggressive
28,27037,1,15,yes,hold,retirement,none,6705,Aggressive
43,87313,2,1,yes,sell,short_term,none,27856,Conservative
58,34358,1,7,yes,buy_more,short_term,experienced,2795,Conservative
58,35786,2,2,yes,hold,wealth_creation,none,6232,Conservative
35,45499,0,5,no,hold,tax_saving,some,6860,Moderate
52,30396,3,5,yes,sell,tax_saving,some,10373,Conservative
45,28224,0,20,no,hold,retirement,none,2636,Moderate
40,47919,2,7,no,hold,wealth_creation,none,13151,Moderate
26,32820,3,3,yes,buy_more,tax_saving,none,7852,Aggressive
36,35120,0,7,no,hold,child_education,experienced,10725,Moderate
47,34491,0,20,yes,hold,wealth_creation,none,11836,Aggressive
60,62010,0,1,yes,buy_more,short_term,none,18092,Conservative
21,44158,1,15,yes,buy_more,tax_saving,experienced,5548,Aggressive
49,45235,1,3,yes,sell,short_term,experienced,13582,Conservative
54,64127,0,2,yes,hold,short_term,some,13340,Moderate
59,45985,3,15,no,sell,tax_saving,some,11311,Conservative
37,43251,0,1,yes,hold,retirement,experienced,5801,Moderate
25,60578,1,10,yes,buy_more,child_education,experienced,17858,Aggressive
31,66216,1,2,no,buy_more,tax_saving,experienced,12139,Moderate
55,45881,0,7,no,buy_more,tax_saving,some,13420,Moderate
56,50831,0,7,yes,hold,tax_saving,some,9056,Moderate
46,34482,4,15,yes,sell,retirement,some,8101,Moderate
25,33279,2,15,yes,sell,wealth_creation,experienced,2692,Aggressive
25,69294,0,10,yes,sell,tax_saving,some,5386,Aggressive
40,59887,2,5,yes,hold,wealth_creation,none,20115,Moderate
44,60167,1,2,no,hold,retirement,some,16113,Conservative
22,55624,0,7,yes,hold,short_term,none,5663,Aggressive
48,50050,2,5,yes,sell,wealth_creation,none,11477,Conservative
42,67062,1,1,no,sell,short_term,none,19069,Conservative
21,74667,0,20,yes,sell,retirement,none,17144,Aggressive
24,73869,3,3,yes,buy_more,tax_saving,some,13631,Moderate
39,46847,0,1,no,hold,retirement,none,14080,Conservative
49,91504,0,15,yes,sell,short_term,some,5969,Moderate
54,54328,0,7,yes,hold,tax_saving,experienced,13038,Aggressive
38,65157,2,10,yes,sell,wealth_creation,none,12503,Moderate
32,55655,2,2,no,hold,child_education,none,13604,Conservative
59,54783,3,5,no,buy_more,wealth_creation,none,7512,Conservative
39,35203,0,7,yes,hold,wealth_creation,experienced,3476,Aggressive
33,67212,2,3,yes,sell,short_term,none,23003,Conservative
38,176377,1,10,yes,sell,tax_saving,none,54547,Conservative
21,41412,0,3,yes,sell,short_term,none,13362,Moderate
33,50612,0,3,no,buy_more,child_education,none,14203,Conservative
41,40103,3,1,no,hold,short_term,some,2786,Conservative
57,39355,0,3,yes,hold,retirement,some,9381,Conservative
50,98223,2,3,yes,hold,retirement,none,16150,Conservative
52,36212,1,10,no,sell,child_education,some,5442,Conservative
42,39603,0,7,yes,hold,retirement,some,4941,Aggressive
25,23995,4,2,yes,hold,tax_saving,experienced,2500,Moderate
36,34859,3,7,no,buy_more,child_education,some,3201,Moderate
60,22724,1,3,yes,hold,short_term,experienced,1962,Conservative
22,65141,2,5,yes,sell,retirement,experienced,17162,Aggressive
56,172795,1,15,yes,buy_more,short_term,none,56871,Moderate
48,41564,2,10,no,sell,wealth_creation,none,6820,Conservative
32,23154,0,7,no,sell,child_education,some,1894,Moderate
52,73496,1,3,yes,sell,tax_saving,none,8551,Conservative
54,35343,0,2,no,sell,tax_saving,some,9687,Conservative
22,87966,1,10,yes,sell,retirement,some,13595,Aggressive
25,43178,1,7,no,buy_more,retirement,some,10744,Aggressive
47,36889,0,7,yes,hold,wealth_creation,none,4120,Aggressive
60,45248,4,20,yes,hold,short_term,some,12535,Conservative
21,68940,0,5,no,sell,tax_saving,none,16997,Conservative
47,44252,0,10,yes,sell,child_education,none,5162,Moderate
26,39201,1,7,no,sell,retirement,some,12920,Conservative
47,44825,2,3,yes,sell,wealth_creation,none,9269,Conservative
45,27657,0,1,yes,hold,tax_saving,experienced,3207,Moderate
24,58610,1,7,yes,sell,short_term,some,12894,Moderate
48,21937,2,3,yes,sell,tax_saving,experienced,3830,Conservative
56,40140,0,10,yes,hold,wealth_creation,experienced,13051,Aggressive
55,68990,4,10,yes,buy_more,retirement,some,9862,Aggressive
22,56183,0,5,yes,sell,short_term,some,17747,Moderate
30,63936,2,7,no,hold,child_education,experienced,17436,Moderate
30,47606,0,7,no,hold,child_education,none,12090,Moderate
39,82982,2,5,yes,hold,short_term,some,8725,Moderate
26,74318,3,15,yes,hold,tax_saving,none,5636,Aggressive
55,59919,0,1,yes,hold,short_term,some,18534,Conservative
52,74413,0,20,yes,buy_more,short_term,experienced,16457,Aggressive
53,68712,0,1,yes,sell,retirement,some,23333,Conservative
28,40224,0,3,yes,hold,wealth_creation,some,8242,Aggressive
21,26775,4,10,no,hold,child_education,some,6089,Moderate
57,59228,1,2,no,buy_more,child_education,some,20678,Conservative
32,62676,2,3,yes,hold,short_term,some,16594,Moderate
47,80074,4,2,yes,buy_more,wealth_creation,experienced,12652,Conservative
57,32165,3,10,yes,hold,short_term,none,9596,Conservative
22,32601,3,7,yes,hold,retirement,none,4520,Aggressive
21,60292,0,1,yes,buy_more,retirement,none,12511,Aggressive
21,47475,0,5,yes,hold,tax_saving,some,5762,Aggressive
27,20981,0,3,yes,hold,tax_saving,experienced,7309,Aggressive
23,58034,0,20,yes,buy_more,wealth_creation,none,19171,Aggressive
53,21298,1,2,no,sell,tax_saving,some,6648,Conservative
45,32036,0,7,yes,buy_more,short_term,experienced,5457,Aggressive
60,90062,1,5,no,buy_more,retirement,none,24186,Conservative
53,111434,1,7,yes,hold,wealth_creation,experienced,14289,Aggressive
59,28366,0,20,yes,sell,short_term,experienced,4737,Moderate
30,42267,0,5,yes,sell,child_education,some,12314,Aggressive
32,49970,1,10,yes,sell,child_education,none,3344,Moderate
54,109267,1,5,yes,sell,retirement,some,7085,Moderate
30,39269,2,10,yes,hold,tax_saving,none,9751,Aggressive
23,39553,2,5,yes,buy_more,child_education,none,11168,Aggressive
47,98412,0,3,yes,hold,retirement,none,16244,Moderate
53,41412,0,2,yes,hold,tax_saving,none,10452,Conservative
59,67845,0,2,no,buy_more,wealth_creation,experienced,21771,Conservative
58,25217,0,20,no,buy_more,short_term,some,2017,Moderate
25,45385,1,10,no,hold,retirement,none,13577,Aggressive
51,23229,4,3,no,hold,wealth_creation,some,5215,Conservative
54,30486,0,7,yes,hold,wealth_creation,some,5387,Aggressive
48,71513,0,10,no,hold,wealth_creation,none,4685,Moderate
53,47932,2,5,yes,sell,retirement,none,7919,Conservative
54,42463,1,5,yes,hold,wealth_creation,some,12236,Aggressive
38,34998,0,10,no,hold,tax_saving,experienced,7440,Aggressive
22,44387,0,3,yes,hold,retirement,none,4567,Aggressive
39,56134,4,7,yes,buy_more,wealth_creation,experienced,6717,Aggressive
29,76291,0,3,yes,buy_more,retirement,some,23214,Aggressive
25,15043,2,1,yes,hold,child_education,some,2705,Aggressive
25,33715,2,10,yes,sell,retirement,none,2651,Moderate
48,52659,0,10,no,sell,tax_saving,some,18009,Conservative
41,46887,2,20,yes,hold,wealth_creation,none,5909,Aggressive
42,58777,0,3,yes,buy_more,wealth_creation,none,16983,Aggressive
50,55292,0,10,yes,hold,child_education,experienced,2976,Aggressive
42,42736,0,20,no,sell,short_term,some,5425,Moderate
46,38673,4,7,no,sell,tax_saving,none,5844,Conservative
24,43893,0,20,no,sell,retirement,none,13511,Moderate
55,82201,0,20,yes,hold,wealth_creation,none,22554,Aggressive
38,35263,4,10,yes,hold,wealth_creation,experienced,5021,Aggressive
27,47654,0,20,yes,sell,wealth_creation,none,13640,Aggressive
53,53236,3,7,no,hold,child_education,some,15599,Conservative
50,98929,2,5,yes,buy_more,wealth_creation,some,20142,Aggressive
23,42824,1,15,no,hold,wealth_creation,none,8666,Aggressive
28,75467,2,15,yes,sell,retirement,some,15309,Aggressive
21,85339,2,2,no,hold,wealth_creation,some,8552,Moderate
31,47634,0,3,yes,buy_more,retirement,experienced,13995,Aggressive
24,44586,4,3,yes,sell,wealth_creation,some,11787,Moderate
49,42273,4,15,yes,sell,child_education,none,12885,Conservative
41,43690,3,3,no,hold,tax_saving,none,12875,Conservative
60,71999,2,3,no,hold,retirement,none,20565,Conservative
50,54391,1,7,yes,buy_more,wealth_creation,none,15453,Aggressive
45,54495,1,1,no,hold,tax_saving,experienced,18165,Conservative
41,29544,0,20,yes,sell,retirement,none,6843,Aggressive
23,31717,1,5,yes,buy_more,child_education,none,9463,Aggressive
23,128611,2,3,yes,hold,tax_saving,some,37348,Aggressive
45,45250,2,3,yes,hold,wealth_creation,none,5930,Conservative
21,34591,0,10,no,sell,short_term,some,7600,Moderate
22,93339,1,7,yes,hold,retirement,none,25099,Aggressive
29,55648,2,5,yes,buy_more,retirement,experienced,4509,Aggressive
56,63587,1,5,yes,sell,tax_saving,none,13300,Conservative
39,46068,4,15,no,hold,retirement,some,2342,Moderate
49,42471,2,10,no,buy_more,retirement,some,5185,Moderate
37,45419,0,10,no,hold,child_education,none,8898,Moderate
27,26311,0,5,yes,sell,short_term,none,3738,Moderate
35,47119,2,20,yes,sell,retirement,some,13255,Moderate
24,56006,1,10,yes,hold,child_education,experienced,13509,Aggressive
51,112725,3,5,no,hold,retirement,some,14683,Conservative
28,50955,0,20,yes,sell,child_education,some,2808,Aggressive
36,17147,0,15,no,sell,wealth_creation,some,2167,Moderate
60,46990,1,10,no,hold,tax_saving,some,9666,Moderate
44,168177,2,10,no,hold,short_term,some,46865,Moderate
39,72392,4,5,no,sell,retirement,none,16723,Conservative
42,34033,3,7,yes,hold,child_education,some,2271,Moderate
52,63959,1,3,yes,hold,retirement,experienced,12149,Moderate
31,35104,3,7,yes,sell,child_education,some,11860,Moderate
46,26656,0,5,yes,sell,retirement,some,8562,Conservative
55,41908,1,5,no,buy_more,retirement,some,11429,Moderate
43,51081,4,20,yes,buy_more,retirement,none,6903,Aggressive
38,21110,1,2,no,hold,wealth_creation,some,1195,Conservative
26,29227,4,15,no,buy_more,tax_saving,none,5462,Aggressive
30,49249,0,3,yes,hold,tax_saving,none,7994,Moderate
58,40795,0,1,yes,buy_more,child_education,none,10311,Moderate
42,58551,1,1,yes,buy_more,tax_saving,some,4167,Aggressive
33,28378,3,5,yes,hold,tax_saving,some,9279,Aggressive
37,67599,0,5,no,hold,wealth_creation,experienced,18302,Aggressive
44,28776,3,5,no,sell,short_term,none,9821,Conservative
42,102665,0,10,no,hold,child_education,none,31784,Conservative
48,22649,2,5,yes,hold,wealth_creation,some,4055,Moderate
31,29981,1,1,no,hold,wealth_creation,none,7457,Conservative
46,59149,0,5,no,sell,wealth_creation,some,17962,Conservative
38,103663,2,2,no,buy_more,retirement,none,11523,Conservative
58,56487,2,1,no,buy_more,tax_saving,none,2987,Conservative
27,63151,1,3,no,sell,retirement,some,8984,Conservative
26,49409,0,10,yes,hold,child_education,some,8954,Aggressive
39,30887,0,10,no,buy_more,retirement,none,7331,Aggressive
41,39318,4,15,yes,hold,retirement,none,5073,Aggressive
48,28414,2,10,yes,buy_more,retirement,none,5188,Aggressive
37,27572,3,7,yes,hold,wealth_creation,none,6744,Moderate
57,58734,2,3,yes,sell,short_term,experienced,17463,Conservative
39,29571,3,1,yes,hold,child_education,some,3491,Moderate
26,56601,0,7,yes,hold,wealth_creation,none,16412,Aggressive
25,27287,1,3,no,sell,retirement,none,9052,Conservative
59,56014,2,3,no,buy_more,short_term,none,9683,Conservative
26,39343,0,20,no,hold,short_term,none,8482,Moderate
58,92316,0,2,no,hold,short_term,experienced,4892,Conservative
32,56708,2,1,yes,hold,wealth_creation,none,14917,Moderate
24,85485,3,20,no,hold,tax_saving,experienced,26637,Aggressive
33,34890,2,3,no,hold,retirement,experienced,1953,Moderate
45,50275,0,5,yes,hold,wealth_creation,some,15238,Aggressive
38,31524,4,2,no,hold,child_education,some,2985,Conservative
52,40695,0,5,no,buy_more,retirement,none,12315,Conservative
45,43566,0,20,yes,buy_more,wealth_creation,experienced,9260,Aggressive
37,35360,4,10,no,hold,retirement,experienced,5694,Aggressive
46,28368,2,5,yes,hold,retirement,some,9428,Moderate
59,25949,4,3,no,buy_more,child_education,none,6064,Conservative
37,17104,3,5,no,sell,retirement,none,1053,Conservative
27,30474,2,7,yes,sell,wealth_creation,none,8526,Aggressive
37,65014,0,3,no,sell,child_education,none,6808,Conservative
54,23877,0,2,yes,hold,retirement,some,7807,Conservative
29,26485,4,10,yes,hold,retirement,experienced,2646,Aggressive
58,109743,3,15,no,hold,wealth_creation,some,21542,Conservative
44,36811,1,15,no,hold,retirement,some,7611,Aggressive
45,56639,1,15,yes,sell,retirement,some,12411,Aggressive
33,65450,0,7,no,hold,tax_saving,some,13743,Moderate
57,66047,0,10,yes,sell,retirement,some,12001,Moderate
22,24709,3,20,yes,hold,tax_saving,experienced,6519,Aggressive
32,44179,0,1,no,sell,child_education,none,4270,Conservative
37,23666,1,5,yes,sell,retirement,experienced,6772,Moderate
40,147390,4,3,yes,sell,retirement,none,9025,Conservative
39,23916,1,20,no,hold,retirement,some,7237,Moderate
26,30591,1,20,no,sell,retirement,some,8410,Moderate
30,30691,0,10,no,hold,wealth_creation,some,8858,Aggressive
24,24996,0,3,no,buy_more,wealth_creation,some,3476,Aggressive
43,90099,0,20,no,hold,retirement,none,27472,Moderate
35,145816,0,1,no,sell,wealth_creation,some,37525,Conservative
43,39573,0,3,yes,hold,retirement,none,13477,Moderate
44,27059,0,7,yes,sell,short_term,some,1515,Conservative
49,17914,0,10,yes,buy_more,wealth_creation,experienced,5144,Aggressive
42,43921,0,15,yes,buy_more,short_term,some,10408,Aggressive
46,42515,4,3,yes,hold,tax_saving,experienced,14740,Conservative
44,36567,0,5,no,sell,wealth_creation,none,6688,Moderate
47,54155,1,5,no,hold,tax_saving,none,7251,Conservative
45,58561,3,1,no,hold,retirement,none,18383,Conservative
33,56691,0,15,yes,sell,short_term,experienced,8373,Aggressive
30,42520,1,5,yes,buy_more,wealth_creation,some,11090,Aggressive
52,29859,3,3,yes,hold,tax_saving,experienced,4465,Moderate
34,66146,1,5,yes,buy_more,tax_saving,some,22074,Aggressive
42,49297,0,10,yes,buy_more,tax_saving,none,10245,Aggressive
28,73112,2,15,no,sell,short_term,none,10669,Moderate
38,69949,2,3,yes,sell,retirement,some,20755,Conservative
42,25853,1,2,no,hold,wealth_creation,none,1777,Conservative
46,25709,0,20,yes,buy_more,retirement,some,2008,Aggressive
42,34891,0,7,yes,sell,retirement,experienced,10502,Moderate
35,30475,3,5,no,hold,retirement,none,4480,Moderate
59,68862,0,3,no,hold,tax_saving,some,7090,Conservative
41,57416,0,20,yes,sell,tax_saving,some,12984,Moderate
53,80389,1,10,no,sell,child_education,none,10159,Conservative
50,58595,4,3,yes,buy_more,tax_saving,none,20282,Conservative
43,53846,0,2,no,hold,short_term,some,15948,Conservative
56,84109,0,3,yes,hold,child_education,some,26641,Conservative
26,60559,1,3,yes,sell,retirement,some,18172,Moderate
57,50546,2,2,no,hold,short_term,none,15960,Conservative
55,95435,1,3,no,hold,wealth_creation,none,14448,Conservative
41,51628,3,2,no,hold,wealth_creation,some,13011,Conservative
50,42746,0,5,yes,buy_more,child_education,none,13768,Aggressive
41,33623,0,5,no,sell,retirement,some,8600,Conservative
31,67262,1,5,yes,hold,child_education,none,23484,Moderate
52,85534,0,15,yes,buy_more,child_education,some,26486,Aggressive
30,47917,1,3,yes,sell,child_education,none,3415,Conservative
33,88305,2,15,yes,buy_more,tax_saving,none,17705,Aggressive
41,20201,0,15,yes,hold,tax_saving,some,2679,Aggressive
54,47812,2,20,no,sell,wealth_creation,some,14942,Conservative
36,48144,0,3,yes,sell,wealth_creation,experienced,15944,Moderate
40,35342,1,3,no,hold,child_education,experienced,7774,Moderate
22,143305,1,7,yes,buy_more,wealth_creation,some,9664,Aggressive
25,47582,1,2,no,buy_more,wealth_creation,some,7327,Moderate
23,40803,0,2,yes,hold,child_education,some,4348,Moderate
23,49596,4,1,yes,sell,wealth_creation,some,10354,Conservative
55,19905,3,7,no,hold,child_education,none,6876,Conservative
54,34823,3,10,no,hold,wealth_creation,some,5327,Conservative
53,76302,3,3,no,sell,retirement,experienced,20616,Conservative
23,36937,0,20,yes,sell,tax_saving,none,11055,Aggressive
24,33759,1,10,no,hold,wealth_creation,none,10095,Aggressive
32,88369,0,1,no,hold,short_term,none,8382,Conservative
43,89600,3,5,no,hold,retirement,some,10862,Moderate
34,61861,0,1,yes,hold,retirement,some,7236,Moderate
40,39942,0,15,yes,sell,child_education,none,5559,Aggressive
27,44012,2,10,yes,sell,wealth_creation,some,2818,Aggressive
50,34136,0,10,no,hold,tax_saving,experienced,7230,Moderate
33,31330,2,10,yes,hold,retirement,none,8530,Aggressive
23,30638,0,3,yes,sell,child_education,some,3929,Moderate
50,37118,2,20,no,buy_more,child_education,some,8980,Moderate
57,30772,3,20,no,hold,tax_saving,some,6575,Conservative
21,24253,2,10,no,sell,retirement,none,1934,Moderate
38,54107,0,5,no,sell,child_education,experienced,6597,Conservative
54,54478,0,1,yes,buy_more,child_education,none,6670,Moderate
49,105383,0,1,no,hold,tax_saving,none,20718,Conservative
55,36288,0,2,yes,sell,tax_saving,none,8649,Conservative
37,56007,1,7,yes,hold,wealth_creation,experienced,7864,Aggressive
35,56427,0,10,yes,sell,retirement,none,4973,Moderate
49,43729,0,20,yes,buy_more,short_term,some,5718,Aggressive
27,68524,0,2,no,buy_more,short_term,some,4252,Moderate
30,69484,4,3,no,buy_more,tax_saving,some,19080,Conservative
45,56802,0,1,yes,hold,child_education,some,14756,Conservative
47,43693,0,20,yes,hold,wealth_creation,none,10975,Aggressive
25,41735,1,10,yes,hold,child_education,some,9821,Aggressive
41,26489,0,5,yes,buy_more,retirement,none,3690,Aggressive
35,34109,4,7,no,sell,child_education,none,2887,Conservative
41,37052,0,7,no,sell,retirement,none,8511,Conservative
59,29561,2,3,yes,buy_more,retirement,some,7974,Moderate
24,59752,2,3,yes,buy_more,tax_saving,none,17522,Aggressive
60,83992,3,3,no,hold,retirement,some,22506,Conservative
38,32577,2,3,no,hold,retirement,none,8066,Conservative
51,55689,2,7,no,sell,short_term,some,16557,Conservative
37,30780,1,3,yes,hold,wealth_creation,none,8573,Moderate
33,42735,1,10,yes,sell,child_education,some,14250,Moderate
51,35930,2,7,yes,hold,retirement,experienced,1861,Moderate
48,64270,1,7,no,hold,wealth_creation,none,6041,Conservative
26,36117,1,20,yes,buy_more,wealth_creation,some,8087,Aggressive
49,77284,0,5,no,buy_more,wealth_creation,some,13162,Moderate
51,43889,0,7,yes,buy_more,wealth_creation,none,6677,Aggressive
36,36595,1,1,no,buy_more,wealth_creation,none,10018,Conservative
58,27889,0,10,yes,sell,wealth_creation,none,5875,Moderate
46,54936,1,7,no,sell,retirement,some,11423,Conservative
34,73339,0,3,yes,hold,tax_saving,none,4763,Moderate
21,55436,1,1,no,sell,wealth_creation,experienced,10443,Conservative
47,134252,2,10,yes,hold,wealth_creation,some,31201,Aggressive
29,93284,1,10,no,hold,retirement,some,12502,Aggressive
51,42685,2,10,no,buy_more,child_education,experienced,5194,Aggressive
42,42484,0,5,yes,hold,retirement,none,9141,Aggressive
39,60558,0,7,yes,hold,child_education,some,19595,Aggressive
27,33620,2,7,yes,buy_more,retirement,none,2854,Aggressive
49,82853,3,3,yes,hold,child_education,some,11825,Conservative
27,57683,2,7,no,sell,wealth_creation,none,3890,Conservative
37,55017,2,7,yes,hold,tax_saving,experienced,8121,Aggressive
54,66778,2,15,yes,hold,wealth_creation,none,17258,Aggressive
57,106433,2,5,yes,sell,child_education,some,15496,Conservative
60,52940,2,5,yes,hold,wealth_creation,experienced,8976,Moderate
59,46589,2,20,yes,buy_more,short_term,none,15404,Conservative
43,96656,0,15,no,sell,retirement,experienced,14897,Aggressive
29,75765,0,3,yes,hold,tax_saving,some,16052,Aggressive
54,42427,1,15,no,sell,short_term,some,14004,Conservative
53,49135,1,2,no,hold,wealth_creation,some,9952,Conservative
60,53525,2,15,yes,buy_more,tax_saving,experienced,5408,Aggressive
47,57688,0,3,no,hold,short_term,experienced,5360,Conservative
26,26622,0,5,no,buy_more,tax_saving,none,8510,Aggressive
41,24486,2,20,no,buy_more,retirement,some,7729,Aggressive
38,32881,0,2,yes,sell,wealth_creation,experienced,4120,Moderate
54,31756,3,15,no,buy_more,short_term,some,7524,Moderate
36,36690,0,5,yes,buy_more,wealth_creation,experienced,3667,Aggressive
34,65226,1,2,yes,buy_more,tax_saving,some,7791,Aggressive
24,45432,1,20,yes,hold,retirement,none,14819,Aggressive
54,53550,0,7,yes,sell,child_education,experienced,9131,Moderate
51,28256,0,15,no,sell,tax_saving,some,3180,Conservative
22,39825,0,15,yes,sell,wealth_creation,none,8253,Aggressive
38,63848,0,1,yes,hold,child_education,none,19492,Conservative
40,64069,0,3,no,hold,short_term,none,19213,Conservative
39,35381,2,5,yes,hold,retirement,some,8795,Moderate
57,52719,0,7,yes,buy_more,wealth_creation,some,15501,Aggressive
27,131858,1,1,yes,sell,wealth_creation,experienced,37429,Moderate
33,48634,0,5,no,buy_more,wealth_creation,none,16491,Moderate
28,35884,4,15,no,sell,wealth_creation,none,8854,Conservative
30,45333,2,2,no,sell,wealth_creation,none,10398,Conservative
57,51096,4,10,no,buy_more,retirement,some,16437,Conservative
58,45797,3,5,no,sell,retirement,experienced,7257,Conservative
22,48333,0,1,no,sell,wealth_creation,experienced,9563,Moderate
46,25602,2,2,no,buy_more,retirement,none,7878,Conservative
30,31787,0,2,no,buy_more,tax_saving,some,10924,Conservative
28,45834,3,7,no,buy_more,retirement,some,8084,Aggressive
32,45507,1,2,yes,sell,retirement,experienced,10327,Conservative
28,37995,1,15,yes,sell,child_education,some,11448,Aggressive
40,45267,3,10,yes,sell,tax_saving,some,9308,Aggressive
60,50385,3,2,yes,sell,child_education,some,8634,Conservative
44,73147,4,15,no,buy_more,child_education,none,5080,Moderate
49,46880,0,20,no,sell,tax_saving,some,5326,Conservative
40,58664,0,1,no,hold,short_term,some,8766,Conservative
21,38417,0,20,no,sell,retirement,experienced,6549,Aggressive
24,63414,1,3,no,hold,short_term,none,17937,Conservative
31,58051,1,10,no,sell,tax_saving,experienced,5807,Moderate
30,72375,0,2,yes,sell,short_term,none,5190,Conservative
54,67579,2,15,yes,sell,retirement,some,15295,Moderate
54,63890,0,15,yes,buy_more,child_education,experienced,3349,Aggressive
55,46897,2,20,yes,hold,wealth_creation,none,15441,Moderate
46,54733,3,20,yes,hold,short_term,some,6940,Moderate
43,79108,2,1,yes,sell,child_education,some,23739,Conservative
46,36554,1,7,yes,hold,child_education,experienced,5989,Aggressive
37,36946,0,3,yes,hold,wealth_creation,none,12918,Moderate
47,53190,0,2,no,hold,wealth_creation,experienced,10658,Conservative
52,59093,2,2,yes,hold,tax_saving,experienced,20024,Conservative
51,33831,1,20,no,buy_more,tax_saving,some,6450,Aggressive
45,47399,0,10,yes,buy_more,wealth_creation,some,12526,Aggressive
23,46990,4,1,no,buy_more,short_term,some,3246,Conservative
49,18090,2,20,no,hold,child_education,none,3319,Conservative
35,44408,3,10,no,sell,wealth_creation,some,5827,Moderate
50,45670,1,3,yes,sell,retirement,none,13150,Conservative
42,45609,4,5,no,sell,short_term,none,9565,Conservative
56,92703,0,10,yes,hold,tax_saving,none,22434,Moderate
34,28364,0,10,yes,hold,child_education,some,3577,Aggressive
58,33823,3,5,no,hold,short_term,some,2876,Conservative
54,15131,3,7,yes,hold,wealth_creation,some,3845,Aggressive
34,39481,1,1,yes,hold,tax_saving,none,7212,Conservative
40,41025,0,7,no,buy_more,child_education,none,7183,Aggressive
42,38968,0,5,yes,sell,wealth_creation,some,13217,Moderate
51,80696,2,3,no,sell,retirement,some,6897,Conservative
48,72205,3,3,yes,hold,tax_saving,none,17556,Conservative
55,50768,0,7,yes,hold,retirement,some,3456,Moderate
35,41490,0,5,yes,hold,child_education,none,10599,Aggressive
41,77791,2,5,yes,buy_more,retirement,experienced,16950,Aggressive
38,48586,2,2,no,sell,wealth_creation,some,13024,Conservative
57,33920,1,20,no,hold,child_education,none,9336,Conservative
33,22644,1,3,yes,buy_more,retirement,none,2029,Aggressive
44,40191,4,5,yes,hold,retirement,none,5321,Moderate
25,68843,0,3,no,hold,retirement,none,8654,Conservative
55,136549,1,10,yes,sell,child_education,some,31735,Conservative
36,50398,2,5,yes,hold,child_education,some,6426,Aggressive
34,34738,1,5,yes,sell,wealth_creation,none,7113,Moderate
44,28760,3,15,no,hold,short_term,experienced,5252,Moderate
40,62842,2,10,yes,hold,short_term,none,14183,Moderate
54,22157,1,7,yes,buy_more,retirement,some,3443,Aggressive
42,62796,0,5,no,hold,retirement,none,20564,Conservative
41,70825,2,20,no,sell,child_education,none,24045,Conservative
25,59654,0,20,no,buy_more,retirement,some,9262,Aggressive
21,44406,0,10,no,hold,tax_saving,none,14399,Moderate
36,63210,1,10,no,hold,retirement,none,18198,Moderate
60,52940,1,15,no,sell,tax_saving,some,6238,Conservative
57,34538,4,20,no,buy_more,retirement,some,7558,Moderate
46,112722,2,2,yes,buy_more,retirement,experienced,18406,Aggressive
46,41845,3,20,yes,sell,retirement,some,12146,Moderate
36,69500,0,10,no,hold,child_education,none,22113,Moderate
28,16508,1,7,no,hold,retirement,some,3907,Aggressive
21,87065,4,5,yes,sell,wealth_creation,experienced,20811,Aggressive
34,94934,1,5,no,hold,wealth_creation,none,25288,Conservative
33,49683,3,10,no,hold,wealth_creation,none,9863,Conservative
28,63035,1,7,yes,sell,short_term,some,12052,Moderate
31,63027,0,3,no,sell,wealth_creation,some,13800,Conservative
21,36707,1,7,yes,buy_more,tax_saving,none,10847,Aggressive
45,62705,0,2,no,hold,tax_saving,some,15314,Conservative
58,34068,0,5,no,sell,child_education,none,3174,Conservative
48,37274,0,7,no,buy_more,child_education,some,3433,Aggressive
38,81399,0,7,no,buy_more,retirement,some,14226,Moderate
37,76008,1,2,no,buy_more,short_term,none,18829,Conservative
33,35672,3,2,yes,hold,short_term,none,5969,Conservative
26,35238,1,3,no,sell,child_education,some,5797,Moderate
44,36661,3,7,yes,sell,child_education,none,11681,Conservative
43,68165,1,20,no,buy_more,short_term,experienced,21162,Moderate
21,31257,0,10,yes,buy_more,wealth_creation,experienced,6023,Aggressive
37,57556,0,10,yes,hold,wealth_creation,some,15280,Aggressive
32,68602,4,5,yes,hold,child_education,some,12734,Aggressive
27,47112,2,2,yes,hold,child_education,experienced,10880,Aggressive
49,77228,4,15,yes,hold,retirement,some,10221,Moderate
42,42747,0,7,yes,sell,tax_saving,some,8517,Moderate
46,44523,2,2,yes,hold,retirement,none,10808,Conservative
49,31578,2,7,yes,hold,wealth_creation,experienced,5764,Aggressive
60,77476,4,10,no,buy_more,wealth_creation,none,21524,Moderate
53,34719,0,3,yes,hold,wealth_creation,none,4520,Moderate
45,57376,4,1,no,hold,short_term,some,3090,Conservative
56,47472,1,7,yes,sell,retirement,none,15393,Conservative
40,30523,3,1,no,sell,tax_saving,none,4832,Conservative
60,37268,1,5,no,sell,tax_saving,some,4681,Conservative
51,91335,1,15,no,hold,short_term,none,17610,Conservative
47,53677,1,20,no,hold,retirement,experienced,6699,Aggressive
57,31128,3,5,no,hold,wealth_creation,experienced,8403,Conservative
41,56240,0,1,yes,hold,short_term,some,7988,Moderate
49,45901,1,5,yes,hold,short_term,none,15950,Conservative
32,231960,1,3,yes,hold,wealth_creation,some,30820,Moderate
59,55731,2,15,no,buy_more,wealth_creation,none,8836,Moderate
45,41304,1,10,no,sell,child_education,some,8736,Conservative
52,92875,2,5,yes,hold,wealth_creation,none,4736,Moderate
39,21408,1,10,no,sell,retirement,some,1096,Moderate
55,51146,2,5,yes,sell,child_education,none,6144,Conservative
23,120269,2,7,no,hold,child_education,experienced,8959,Aggressive
25,46523,2,20,no,buy_more,retirement,none,12934,Aggressive
41,22471,3,3,yes,hold,child_education,some,7000,Moderate
50,41020,1,3,no,hold,wealth_creation,none,7136,Conservative
53,94327,0,15,yes,sell,child_education,some,19332,Moderate
38,58059,2,5,no,sell,tax_saving,experienced,13575,Conservative
46,33607,0,3,no,buy_more,wealth_creation,none,2636,Moderate
43,36013,0,1,yes,hold,child_education,none,6876,Moderate
59,38106,2,5,yes,hold,child_education,none,12872,Conservative
47,57672,1,7,yes,buy_more,retirement,some,6480,Aggressive
37,89517,1,5,no,hold,short_term,some,6733,Moderate
59,78715,4,3,no,sell,short_term,experienced,10561,Conservative
25,60186,0,5,yes,hold,tax_saving,experienced,12902,Aggressive
60,26923,0,7,yes,hold,wealth_creation,none,8360,Conservative
27,26968,0,15,yes,hold,retirement,experienced,4218,Aggressive
32,62315,0,7,yes,hold,child_education,experienced,9561,Aggressive
53,26756,2,7,yes,hold,wealth_creation,some,4091,Aggressive
50,44289,2,15,no,hold,tax_saving,none,13387,Conservative
59,56210,1,2,yes,hold,tax_saving,some,10724,Conservative
50,29380,0,3,no,sell,retirement,some,4389,Conservative
46,30917,1,1,yes,hold,retirement,none,3187,Conservative
34,46987,0,5,no,hold,retirement,none,4119,Moderate
21,61490,2,20,yes,hold,retirement,some,21044,Aggressive
25,79037,2,5,yes,buy_more,child_education,some,15485,Aggressive
32,64419,0,15,yes,hold,retirement,none,4616,Aggressive
22,50672,3,2,no,hold,retirement,experienced,16311,Conservative
41,35038,2,5,no,sell,tax_saving,none,11780,Conservative
52,30275,0,5,yes,hold,child_education,none,3667,Moderate
59,38952,2,3,yes,sell,retirement,none,5641,Conservative
40,58951,2,5,no,hold,retirement,some,19934,Moderate
56,57038,0,7,yes,hold,short_term,none,3121,Conservative
60,19054,0,5,no,sell,tax_saving,some,2806,Conservative
55,34421,2,15,yes,buy_more,tax_saving,some,6162,Aggressive
39,84290,4,15,no,hold,retirement,none,23695,Moderate
34,50799,1,5,no,hold,child_education,none,8144,Conservative
60,25909,1,20,yes,hold,tax_saving,some,3925,Moderate
30,141509,2,1,no,hold,child_education,some,38040,Conservative
37,48386,1,3,yes,hold,child_education,none,14747,Moderate
23,58276,0,5,no,sell,short_term,some,4544,Conservative
52,58676,1,7,no,buy_more,retirement,some,5441,Moderate
46,41547,3,7,no,hold,short_term,experienced,10300,Conservative
24,35333,3,7,yes,hold,tax_saving,some,5098,Aggressive
29,127357,4,15,yes,hold,retirement,none,31906,Aggressive
43,76990,0,3,yes,sell,wealth_creation,some,7866,Moderate
42,70960,1,15,no,buy_more,retirement,none,20664,Aggressive
53,63533,1,7,no,hold,child_education,some,9302,Conservative
31,31210,0,5,yes,buy_more,short_term,none,4698,Aggressive
57,87106,0,3,no,sell,short_term,experienced,9029,Conservative
38,33543,2,3,no,buy_more,short_term,some,3804,Conservative
53,55685,2,5,no,buy_more,tax_saving,experienced,12780,Moderate
30,23441,2,10,yes,buy_more,child_education,some,5262,Aggressive
22,19567,0,5,yes,buy_more,retirement,none,5817,Aggressive
23,56569,1,2,yes,hold,wealth_creation,none,13524,Moderate
35,34060,0,10,no,hold,tax_saving,none,6074,Aggressive
59,20027,0,10,no,sell,child_education,some,5828,Conservative
22,62522,1,20,no,hold,child_education,experienced,3437,Aggressive
35,127266,0,7,yes,hold,child_education,none,33157,Aggressive
25,91610,4,7,no,sell,short_term,some,19508,Conservative
58,43660,1,5,no,hold,retirement,none,5076,Conservative
48,49216,0,10,yes,sell,retirement,some,11873,Moderate
51,73091,0,5,yes,hold,wealth_creation,experienced,25289,Aggressive
49,81223,2,2,yes,hold,short_term,none,12504,Conservative
47,41999,0,20,no,buy_more,tax_saving,none,10144,Aggressive
51,49780,0,10,yes,sell,retirement,some,9050,Aggressive
21,56121,1,7,yes,sell,wealth_creation,none,9413,Aggressive
55,62896,0,5,yes,hold,child_education,none,8940,Moderate
50,46171,2,10,no,hold,retirement,none,5479,Moderate
50,46442,1,2,no,sell,tax_saving,some,5604,Conservative
36,91210,0,5,no,hold,wealth_creation,experienced,25746,Moderate
53,84481,2,2,no,buy_more,tax_saving,experienced,12430,Conservative
36,60768,1,2,no,hold,short_term,some,12692,Conservative
22,106255,2,1,no,sell,retirement,some,12118,Conservative
57,41196,0,10,yes,sell,short_term,some,4685,Conservative
30,101756,2,3,no,hold,short_term,some,23009,Conservative
25,62575,0,15,no,hold,wealth_creation,none,14068,Aggressive
45,213621,1,15,no,buy_more,child_education,none,43061,Aggressive
30,28663,0,2,yes,sell,short_term,some,7393,Conservative
55,35946,4,10,yes,hold,tax_saving,experienced,8666,Aggressive
38,59187,0,5,yes,buy_more,retirement,some,6512,Aggressive
21,58615,3,15,yes,sell,wealth_creation,experienced,3906,Aggressive
59,117896,3,5,yes,buy_more,wealth_creation,none,15432,Moderate
41,36287,1,5,yes,hold,wealth_creation,none,6508,Moderate
31,73659,0,3,yes,hold,tax_saving,experienced,8285,Aggressive
48,82711,1,15,no,hold,child_education,none,16105,Conservative
42,67311,4,3,no,buy_more,retirement,some,4106,Moderate
22,31810,2,15,no,buy_more,short_term,none,6143,Aggressive
51,92363,1,3,yes,sell,tax_saving,experienced,14358,Conservative
37,85237,0,7,yes,hold,short_term,none,28787,Moderate
48,64203,3,5,yes,sell,child_education,experienced,20096,Conservative
56,53742,0,2,no,sell,wealth_creation,none,18021,Conservative
45,54271,0,2,yes,hold,tax_saving,none,13440,Conservative
47,47314,0,3,no,hold,wealth_creation,experienced,16161,Conservative
31,65404,1,10,yes,hold,wealth_creation,none,6988,Aggressive
30,49712,3,10,yes,sell,tax_saving,none,10425,Moderate
37,33461,2,3,yes,sell,retirement,some,9133,Conservative
55,30580,0,5,yes,sell,retirement,none,5954,Conservative
41,34946,1,2,yes,sell,retirement,none,3988,Conservative
34,54174,2,10,no,sell,retirement,none,13334,Conservative
52,48429,1,10,yes,buy_more,wealth_creation,some,16531,Aggressive
55,54008,0,15,yes,sell,retirement,none,11177,Moderate
57,61412,1,15,yes,buy_more,retirement,experienced,7641,Aggressive
32,36964,2,5,no,sell,short_term,some,2297,Conservative
49,94802,4,3,no,hold,short_term,none,7701,Conservative
44,43457,2,15,no,sell,child_education,some,12305,Moderate
38,40334,0,2,yes,sell,child_education,some,7888,Conservative
36,60905,2,1,no,hold,child_education,some,6857,Conservative
25,21451,0,3,yes,hold,short_term,some,6607,Moderate
31,34346,3,10,no,hold,wealth_creation,some,6210,Moderate
42,76227,1,10,no,hold,retirement,none,22008,Moderate
56,22430,0,20,yes,buy_more,child_education,some,6580,Aggressive
55,81057,1,5,yes,hold,child_education,none,21510,Conservative
28,96762,0,3,yes,sell,tax_saving,experienced,33070,Moderate
48,41512,0,5,yes,sell,tax_saving,some,13245,Moderate
24,55899,1,10,yes,hold,retirement,some,4898,Aggressive
48,81112,2,3,yes,buy_more,retirement,some,12420,Moderate
34,39733,3,20,yes,sell,tax_saving,none,13361,Moderate
38,72438,1,7,no,hold,retirement,none,17868,Moderate
49,36242,0,10,yes,hold,wealth_creation,none,6636,Moderate
37,39540,1,15,no,buy_more,short_term,some,12203,Aggressive
53,34210,1,5,yes,sell,child_education,some,8267,Moderate
42,57193,0,10,yes,buy_more,child_education,none,9217,Aggressive
60,82543,3,5,yes,hold,retirement,some,10844,Moderate
46,45123,4,15,no,hold,wealth_creation,none,13777,Conservative
32,27665,0,15,yes,buy_more,tax_saving,some,8410,Aggressive
52,30115,2,7,no,hold,tax_saving,none,9802,Conservative
37,58546,2,3,no,sell,child_education,experienced,16706,Conservative
42,112403,0,20,no,sell,wealth_creation,some,11850,Moderate
26,58523,2,20,yes,hold,retirement,some,9746,Aggressive
25,41187,0,7,yes,hold,wealth_creation,some,6113,Aggressive
43,69201,0,20,no,hold,tax_saving,some,8813,Moderate
28,44012,4,7,no,hold,wealth_creation,some,12693,Moderate
60,41347,2,5,no,buy_more,wealth_creation,none,3613,Moderate
55,31846,0,5,no,hold,wealth_creation,none,6170,Conservative
49,92392,1,1,yes,hold,wealth_creation,none,28613,Conservative
50,15636,4,7,no,sell,short_term,some,4482,Conservative
44,70195,1,10,no,buy_more,retirement,some,9140,Aggressive
23,39787,3,2,no,sell,child_education,none,2413,Conservative
36,40755,3,3,no,hold,tax_saving,none,7098,Conservative
40,104981,0,10,yes,hold,retirement,some,23941,Aggressive
57,35548,2,10,no,buy_more,retirement,some,10892,Moderate
29,36097,2,20,no,sell,retirement,some,7525,Conservative
40,46227,2,3,yes,hold,retirement,some,5997,Moderate
34,59055,1,15,yes,sell,tax_saving,none,15190,Aggressive
26,40181,0,2,yes,buy_more,child_education,some,6850,Aggressive
25,24143,0,2,yes,hold,retirement,some,7184,Moderate
35,33204,2,10,no,hold,wealth_creation,some,1896,Moderate
24,87255,2,5,yes,sell,child_education,none,15330,Moderate
23,50698,2,10,no,hold,tax_saving,some,8955,Aggressive
35,60053,1,3,yes,sell,wealth_creation,none,13587,Conservative
29,43580,0,3,no,hold,wealth_creation,none,6867,Aggressive
43,36432,0,7,no,buy_more,retirement,none,6217,Aggressive
21,104287,2,2,no,sell,retirement,some,28206,Conservative
33,45040,1,3,yes,hold,child_education,some,4566,Moderate
39,40154,2,2,no,sell,tax_saving,none,4879,Conservative
59,80279,0,5,yes,hold,wealth_creation,none,6479,Moderate
46,35416,1,10,no,hold,child_education,none,4508,Moderate
56,37510,3,2,yes,hold,wealth_creation,some,7562,Conservative
34,49247,0,7,yes,hold,retirement,some,5256,Aggressive
38,49026,0,7,no,buy_more,child_education,some,3533,Aggressive
37,55095,2,7,yes,buy_more,short_term,some,19223,Aggressive
56,125649,1,5,yes,buy_more,short_term,experienced,23441,Moderate
59,57028,4,10,yes,sell,retirement,some,17077,Conservative
59,16812,3,15,yes,buy_more,wealth_creation,experienced,4566,Aggressive
51,56774,2,2,no,hold,child_education,some,5656,Conservative
41,49863,0,15,no,sell,retirement,some,10156,Aggressive
42,49988,1,1,yes,hold,child_education,some,11015,Moderate
60,54757,3,5,no,sell,short_term,experienced,5330,Conservative
32,48392,1,7,no,buy_more,wealth_creation,none,4044,Moderate
34,47873,4,3,no,sell,child_education,some,6174,Conservative
56,64593,2,2,no,hold,child_education,some,8292,Conservative
36,38409,0,1,yes,sell,child_education,experienced,5118,Conservative
30,32001,1,1,yes,sell,wealth_creation,none,4023,Moderate
43,191128,2,7,no,buy_more,tax_saving,some,40909,Moderate
34,35520,0,2,no,hold,wealth_creation,none,4913,Conservative
56,51280,0,10,no,hold,retirement,experienced,14434,Moderate
57,25008,2,15,yes,hold,child_education,some,1643,Aggressive
33,51658,0,3,no,buy_more,child_education,some,12214,Moderate
42,32210,0,2,yes,hold,retirement,some,9074,Moderate
60,40170,2,5,no,sell,short_term,some,7276,Conservative
50,78454,2,15,yes,buy_more,child_education,some,11438,Aggressive
29,60621,1,5,no,hold,tax_saving,none,8543,Moderate
44,63309,4,2,no,sell,retirement,experienced,9391,Conservative
45,22091,4,20,yes,sell,retirement,some,1882,Moderate
47,112039,1,5,no,sell,tax_saving,none,25132,Conservative
22,28671,0,5,no,buy_more,child_education,some,6796,Aggressive
32,97523,2,15,yes,buy_more,wealth_creation,none,16277,Aggressive
55,77628,0,20,yes,hold,wealth_creation,some,26141,Aggressive
30,63563,3,5,no,hold,short_term,some,20558,Conservative
32,33364,1,3,yes,buy_more,child_education,some,4649,Aggressive
33,52481,1,5,yes,hold,child_education,none,14154,Aggressive
28,39659,1,3,no,hold,child_education,some,3366,Conservative
27,49665,1,5,no,buy_more,tax_saving,some,13774,Aggressive
34,43807,4,3,no,sell,child_education,some,11859,Conservative
55,19587,0,7,no,sell,tax_saving,some,3074,Conservative
21,81210,4,10,yes,buy_more,tax_saving,some,13487,Aggressive
32,47263,0,20,no,hold,retirement,some,10672,Aggressive
23,39412,2,15,yes,sell,wealth_creation,none,5283,Aggressive
43,38095,3,2,yes,hold,retirement,none,8450,Moderate
31,57601,1,3,no,hold,child_education,some,18218,Conservative
52,32787,0,7,no,hold,retirement,experienced,6014,Moderate
44,17768,3,3,yes,buy_more,wealth_creation,none,1976,Moderate
52,58877,3,1,no,buy_more,child_education,some,12800,Conservative
46,61919,0,10,no,hold,short_term,some,15223,Conservative
38,44809,1,5,yes,hold,short_term,none,9311,Moderate
55,29244,3,1,yes,hold,short_term,none,1669,Conservative
40,51022,0,7,yes,sell,retirement,some,12795,Moderate
58,25360,2,20,no,hold,wealth_creation,none,1548,Conservative
60,30876,1,10,yes,hold,short_term,none,5410,Conservative
44,34967,0,2,yes,buy_more,child_education,experienced,6095,Aggressive
47,71666,3,7,yes,buy_more,wealth_creation,experienced,21780,Aggressive
31,41640,0,15,no,sell,wealth_creation,none,12858,Conservative
53,40073,4,1,yes,buy_more,retirement,none,11321,Conservative
47,118138,1,7,yes,hold,tax_saving,some,34959,Moderate
57,57446,1,10,yes,sell,wealth_creation,experienced,6643,Moderate
31,57099,1,10,yes,hold,retirement,experienced,15124,Aggressive
52,41507,1,2,yes,buy_more,wealth_creation,experienced,11405,Aggressive
39,37482,3,15,no,hold,tax_saving,some,10623,Moderate
28,18326,2,5,no,hold,tax_saving,experienced,5285,Aggressive
27,75806,2,1,yes,hold,wealth_creation,none,7502,Aggressive
43,59978,1,2,no,hold,wealth_creation,none,7621,Conservative
33,45223,0,5,yes,hold,wealth_creation,some,12893,Aggressive
25,46085,0,1,no,hold,tax_saving,some,4341,Moderate
38,68272,2,10,yes,buy_more,wealth_creation,some,5952,Aggressive
47,24352,1,15,no,hold,child_education,some,8355,Moderate
33,37592,1,1,no,sell,wealth_creation,experienced,12793,Conservative
59,29397,1,15,no,hold,short_term,none,4439,Conservative
52,108790,1,20,yes,hold,wealth_creation,none,5719,Aggressive
41,72696,2,1,yes,hold,tax_saving,some,12320,Moderate
58,18192,2,10,no,hold,short_term,some,1050,Conservative
38,24805,4,20,yes,sell,retirement,none,2307,Moderate
26,46186,0,10,yes,hold,wealth_creation,none,5414,Aggressive
22,39632,1,7,yes,buy_more,retirement,experienced,11959,Aggressive
58,27011,0,15,yes,hold,tax_saving,experienced,4391,Aggressive
59,117611,3,10,yes,hold,child_education,some,6170,Conservative
50,56423,2,3,yes,hold,tax_saving,some,13601,Moderate
25,60698,1,3,no,hold,short_term,experienced,4321,Moderate
32,35903,3,7,yes,hold,wealth_creation,none,11425,Moderate
22,67847,1,5,yes,hold,wealth_creation,some,8386,Aggressive
23,41307,0,5,yes,hold,short_term,some,5011,Aggressive
30,43152,1,2,no,hold,retirement,experienced,7297,Moderate
43,64534,0,15,no,hold,retirement,none,5306,Moderate
23,23551,3,10,no,hold,retirement,experienced,1341,Aggressive
60,100575,2,5,no,sell,retirement,some,32617,Conservative
39,53213,2,3,no,hold,child_education,none,16447,Conservative
31,87240,3,2,yes,hold,retirement,some,28343,Conservative
41,30214,2,2,no,sell,retirement,none,7643,Conservative
52,32356,1,7,yes,sell,retirement,some,1744,Moderate
33,29060,0,2,no,hold,retirement,some,9937,Conservative
22,54865,1,20,yes,hold,wealth_creation,some,14409,Aggressive
23,50498,4,3,no,hold,retirement,some,8815,Conservative
55,39775,4,1,yes,hold,retirement,some,10729,Conservative
25,31059,2,15,yes,buy_more,retirement,none,6836,Aggressive
46,27723,0,5,no,sell,short_term,experienced,6972,Conservative
36,47962,0,5,yes,hold,tax_saving,experienced,14255,Aggressive
52,39754,3,2,yes,hold,short_term,some,13152,Conservative
23,36007,0,10,no,hold,retirement,none,10405,Aggressive
56,98340,1,5,no,buy_more,wealth_creation,experienced,31347,Conservative
48,47237,1,15,no,buy_more,child_education,experienced,10403,Aggressive
38,86813,0,7,yes,sell,retirement,experienced,13154,Moderate
29,38562,2,15,yes,sell,wealth_creation,none,9675,Aggressive
60,54729,4,7,yes,buy_more,wealth_creation,experienced,11868,Aggressive
33,47812,2,10,no,sell,retirement,none,3196,Conservative
40,22835,1,10,no,buy_more,tax_saving,some,5086,Aggressive
36,93223,1,5,yes,sell,tax_saving,some,16334,Moderate
30,46128,3,10,yes,hold,wealth_creation,some,7420,Aggressive
37,68589,1,10,yes,sell,wealth_creation,none,18336,Moderate
27,34946,1,1,yes,hold,wealth_creation,some,11026,Moderate
21,45516,2,10,yes,sell,wealth_creation,none,4967,Aggressive
32,33187,0,3,yes,hold,child_education,some,9573,Moderate
25,85493,0,7,yes,buy_more,short_term,none,8624,Aggressive
37,56394,3,2,yes,sell,wealth_creation,some,12572,Conservative
55,57824,2,1,yes,hold,retirement,some,17605,Conservative
27,90326,0,1,yes,sell,short_term,experienced,29062,Moderate
21,82483,0,2,no,hold,retirement,some,11756,Moderate
25,69175,4,1,yes,sell,child_education,some,20452,Conservative
41,25854,2,2,yes,hold,child_education,experienced,8108,Moderate
31,35844,2,7,yes,buy_more,wealth_creation,experienced,3650,Aggressive
40,31202,0,5,yes,buy_more,child_education,some,5161,Aggressive
22,68008,4,20,yes,buy_more,retirement,some,19237,Aggressive
34,52933,3,10,yes,sell,retirement,none,2880,Moderate
37,26219,1,2,yes,sell,child_education,some,6233,Conservative
38,45029,0,5,no,sell,short_term,experienced,7852,Moderate
43,25025,2,5,no,hold,wealth_creation,experienced,5136,Aggressive
52,47862,3,5,yes,sell,child_education,none,8400,Conservative
39,23273,2,5,yes,buy_more,retirement,none,2527,Aggressive
54,62191,4,10,no,buy_more,short_term,experienced,9610,Moderate
42,58109,2,7,yes,sell,child_education,experienced,17915,Conservative
31,115679,0,5,no,sell,child_education,some,26986,Conservative
30,71793,1,10,no,hold,wealth_creation,none,13868,Moderate
33,40525,3,3,yes,hold,wealth_creation,some,10610,Moderate
44,70836,0,15,yes,hold,child_education,some,7446,Aggressive
30,26135,0,20,yes,sell,wealth_creation,none,1961,Aggressive
57,31789,2,3,no,buy_more,child_education,none,6821,Conservative
40,56949,1,10,yes,hold,wealth_creation,none,3043,Aggressive
55,18560,3,15,no,sell,retirement,some,1753,Conservative
48,48207,0,5,yes,sell,retirement,none,12780,Conservative
34,30973,0,2,no,buy_more,tax_saving,some,9926,Conservative
30,51307,0,10,no,sell,retirement,none,6956,Moderate
50,30182,2,5,yes,buy_more,wealth_creation,some,4973,Aggressive
34,59332,2,3,yes,hold,child_education,experienced,15088,Aggressive
30,49449,1,7,yes,buy_more,retirement,some,14412,Aggressive
58,92057,1,5,no,buy_more,tax_saving,none,11789,Conservative
40,49169,0,2,no,buy_more,wealth_creation,some,14645,Moderate
22,34686,2,20,yes,hold,tax_saving,none,11855,Aggressive
40,43866,4,3,no,hold,wealth_creation,some,3350,Conservative
39,26771,2,7,yes,sell,child_education,none,3140,Moderate
55,58850,0,10,yes,hold,wealth_creation,experienced,15762,Aggressive
49,63922,2,2,no,hold,tax_saving,none,3899,Conservative
28,148916,0,10,yes,hold,retirement,experienced,20134,Aggressive
27,37055,0,7,no,hold,wealth_creation,some,11240,Moderate
45,43455,0,5,yes,sell,retirement,none,11059,Conservative
22,37831,0,7,no,hold,tax_saving,experienced,9163,Aggressive
33,53930,0,20,yes,sell,wealth_creation,some,12598,Aggressive
26,58206,2,15,yes,hold,short_term,some,11674,Aggressive
21,47857,0,2,yes,hold,wealth_creation,some,13401,Aggressive
57,79925,2,5,no,buy_more,tax_saving,none,24743,Conservative
24,37136,4,7,yes,hold,retirement,none,10719,Aggressive
21,76403,1,15,yes,buy_more,short_term,experienced,14883,Aggressive
58,62462,1,15,yes,buy_more,child_education,none,17711,Aggressive
28,48756,2,5,yes,sell,wealth_creation,experienced,13486,Aggressive
53,42543,0,15,no,hold,retirement,none,7944,Aggressive
22,146093,1,5,no,sell,tax_saving,some,21948,Moderate
27,33939,1,3,no,buy_more,retirement,some,5872,Aggressive
25,56053,3,7,yes,hold,wealth_creation,some,11096,Aggressive
49,34975,3,5,yes,sell,retirement,experienced,3290,Moderate
45,109483,3,7,yes,sell,wealth_creation,none,12650,Conservative
40,73062,2,5,yes,hold,child_education,some,5885,Moderate
30,36125,1,10,no,sell,retirement,none,2589,Conservative
24,61738,3,20,yes,hold,wealth_creation,none,13572,Aggressive
43,55048,3,3,no,buy_more,wealth_creation,none,14280,Moderate
30,38852,1,7,yes,sell,wealth_creation,some,9094,Moderate
44,68952,4,10,no,hold,tax_saving,some,18483,Moderate
48,58406,3,2,no,hold,short_term,none,10042,Conservative
54,54017,1,10,no,hold,child_education,experienced,15651,Moderate
40,48104,0,7,no,sell,wealth_creation,none,13195,Conservative
21,59514,0,2,yes,sell,retirement,experienced,15670,Moderate
32,54351,2,15,no,buy_more,wealth_creation,none,15207,Aggressive
55,50341,0,5,yes,hold,tax_saving,some,6012,Aggressive
42,36737,1,2,yes,hold,short_term,none,8112,Conservative
45,105050,2,3,yes,buy_more,short_term,some,29674,Moderate
39,30555,3,10,yes,sell,child_education,experienced,2434,Moderate
27,59422,3,20,no,sell,retirement,some,7375,Aggressive
56,42441,2,5,yes,sell,child_education,none,8371,Conservative
51,108206,1,1,yes,buy_more,child_education,some,18855,Moderate
60,32644,0,2,yes,hold,retirement,some,10585,Conservative
55,35211,2,7,no,hold,wealth_creation,none,9689,Conservative
32,31684,0,5,no,sell,short_term,some,1972,Conservative
31,56701,1,5,no,buy_more,wealth_creation,experienced,10750,Aggressive
30,26426,4,5,no,buy_more,retirement,none,7366,Conservative
57,39523,1,5,yes,hold,wealth_creation,some,9908,Aggressive
43,18609,2,7,yes,sell,tax_saving,experienced,3931,Moderate
39,54621,2,7,yes,hold,child_education,some,4127,Aggressive
59,39140,3,2,no,sell,child_education,some,12702,Conservative
45,25093,1,5,no,sell,child_education,none,4379,Conservative
57,79899,1,5,yes,hold,wealth_creation,none,7473,Moderate
60,27215,0,7,yes,hold,short_term,none,2049,Moderate
24,70166,2,2,no,buy_more,retirement,some,20028,Moderate
35,35758,0,2,no,sell,tax_saving,none,8361,Conservative
50,100781,1,7,no,sell,child_education,some,12649,Conservative
53,68685,2,3,yes,hold,child_education,some,14417,Moderate
26,31144,0,7,yes,hold,short_term,none,10400,Aggressive
33,32445,1,5,yes,hold,retirement,some,6421,Moderate
42,64375,0,3,yes,hold,retirement,some,10762,Aggressive
52,43561,0,7,no,sell,short_term,some,6201,Conservative
25,45423,0,5,yes,hold,wealth_creation,some,4755,Aggressive
45,86899,0,2,yes,buy_more,wealth_creation,none,28077,Moderate
32,34999,4,10,no,sell,child_education,some,3552,Conservative
29,51076,4,5,yes,hold,retirement,some,3390,Aggressive
41,75326,2,15,yes,sell,wealth_creation,some,6991,Moderate
37,70551,2,3,no,hold,retirement,some,7390,Conservative
46,45623,2,15,yes,buy_more,retirement,none,8095,Aggressive
33,43044,3,15,no,hold,retirement,some,13898,Moderate
53,22416,1,2,yes,sell,retirement,none,2027,Conservative
24,30475,0,7,no,hold,tax_saving,none,2860,Moderate
55,56571,2,7,yes,sell,wealth_creation,none,10250,Conservative
22,46071,4,5,yes,hold,wealth_creation,experienced,14794,Aggressive
50,50701,0,5,no,buy_more,child_education,some,16637,Moderate
34,78250,1,20,no,sell,wealth_creation,experienced,26233,Conservative
36,28730,1,10,yes,hold,tax_saving,some,2530,Aggressive
21,44078,1,20,yes,hold,tax_saving,experienced,11533,Aggressive
49,53365,2,15,yes,buy_more,tax_saving,some,13032,Aggressive
27,35707,1,15,yes,sell,wealth_creation,some,2111,Aggressive
47,93354,4,10,yes,hold,child_education,none,23496,Conservative
50,73781,2,7,yes,sell,wealth_creation,some,19116,Moderate
54,55857,0,15,no,sell,tax_saving,some,13796,Conservative
49,109908,3,7,no,sell,tax_saving,none,12607,Conservative
33,24971,2,1,no,hold,child_education,none,3738,Conservative
50,48850,1,7,yes,sell,tax_saving,none,10557,Moderate
54,57806,1,2,yes,buy_more,wealth_creation,none,5290,Moderate
33,32482,3,20,no,hold,wealth_creation,some,3171,Conservative
25,56124,1,7,yes,buy_more,short_term,some,14571,Aggressive
56,29793,0,7,yes,sell,wealth_creation,experienced,2970,Moderate
26,66886,0,3,no,hold,child_education,some,3679,Moderate
44,78907,0,7,no,hold,child_education,some,8327,Aggressive
30,55411,2,5,yes,hold,retirement,some,4026,Aggressive
26,21295,0,10,yes,hold,wealth_creation,some,2867,Aggressive
52,31727,2,7,yes,buy_more,child_education,none,8823,Aggressive
26,63203,1,5,no,hold,wealth_creation,some,18065,Aggressive
47,49490,3,3,yes,buy_more,wealth_creation,none,3533,Moderate
48,15000,1,7,no,sell,retirement,some,3316,Conservative
23,85757,4,5,yes,hold,retirement,none,6553,Aggressive
27,52129,3,15,yes,hold,wealth_creation,some,5532,Aggressive
52,33908,0,15,no,hold,short_term,experienced,9672,Moderate
41,76705,2,10,no,hold,short_term,some,26202,Moderate
25,36138,0,3,no,hold,retirement,none,4751,Conservative
60,35961,3,1,yes,buy_more,tax_saving,some,10178,Conservative
31,57598,2,20,yes,sell,wealth_creation,some,8790,Moderate
21,109257,0,20,no,sell,tax_saving,experienced,31178,Moderate
57,101784,0,2,no,sell,wealth_creation,some,22502,Conservative
21,57634,1,10,no,sell,child_education,none,12327,Conservative
43,60359,3,5,yes,hold,child_education,experienced,17663,Aggressive
60,69994,2,2,no,hold,short_term,none,18118,Conservative
44,27843,0,20,yes,hold,tax_saving,none,9500,Aggressive
44,65504,0,20,yes,buy_more,tax_saving,none,10402,Aggressive
36,35230,1,20,yes,buy_more,wealth_creation,none,11855,Aggressive
26,56574,1,2,yes,hold,short_term,some,16875,Conservative
43,44251,0,5,yes,hold,child_education,none,8764,Aggressive
56,61423,0,15,yes,sell,child_education,none,12299,Conservative
24,51696,3,10,no,hold,tax_saving,none,16573,Moderate
56,15000,1,5,no,hold,short_term,experienced,3393,Conservative
37,53130,2,7,yes,sell,wealth_creation,some,8040,Aggressive
42,65445,1,1,no,buy_more,retirement,some,4084,Moderate
27,59914,1,7,yes,hold,short_term,some,8381,Aggressive
45,46809,2,15,yes,sell,child_education,some,5392,Moderate
28,102638,0,1,no,hold,child_education,none,9104,Conservative
31,56393,0,2,yes,hold,child_education,experienced,14199,Aggressive
49,59691,4,7,yes,hold,wealth_creation,some,10070,Moderate
23,78434,3,7,no,sell,short_term,some,6146,Conservative
38,57708,2,5,yes,sell,tax_saving,experienced,8546,Moderate
44,32724,0,1,yes,hold,tax_saving,none,3014,Conservative
26,16362,0,10,no,hold,retirement,none,3756,Aggressive
32,39548,0,3,no,sell,tax_saving,experienced,7042,Conservative
34,69038,4,7,yes,buy_more,wealth_creation,some,22800,Aggressive
47,41819,3,7,no,buy_more,short_term,some,9728,Conservative
60,70300,1,5,yes,hold,child_education,experienced,19652,Moderate
54,52413,4,7,yes,buy_more,short_term,experienced,7889,Moderate
28,87520,0,10,yes,hold,wealth_creation,experienced,24185,Aggressive
21,42922,1,7,yes,sell,wealth_creation,none,11607,Moderate
23,60501,0,7,no,hold,tax_saving,experienced,21010,Aggressive
44,61552,0,5,no,hold,short_term,some,15286,Moderate
27,96347,4,5,yes,hold,retirement,some,31297,Aggressive
30,22743,3,5,yes,buy_more,tax_saving,none,7052,Aggressive
54,39883,0,5,yes,hold,child_education,some,12986,Moderate
55,71813,0,5,no,sell,retirement,none,15938,Conservative
54,98287,1,3,yes,sell,short_term,experienced,11518,Conservative
31,54613,0,10,no,buy_more,child_education,some,12315,Aggressive
45,42971,1,2,yes,sell,short_term,some,14030,Conservative
45,68920,1,15,yes,buy_more,child_education,none,23564,Aggressive
28,72469,0,7,no,sell,short_term,some,24193,Conservative
43,41695,0,1,no,buy_more,tax_saving,some,7602,Moderate
42,56876,0,7,yes,sell,wealth_creation,experienced,16567,Aggressive
36,83386,4,5,yes,sell,retirement,some,16391,Moderate
51,114772,1,20,no,sell,retirement,none,29555,Conservative
48,68471,1,20,no,sell,tax_saving,some,12287,Conservative
42,50004,0,15,no,sell,wealth_creation,none,7039,Conservative
50,47842,2,7,no,sell,wealth_creation,some,8735,Conservative
51,62996,0,15,no,hold,child_education,some,8951,Moderate
43,46534,0,7,yes,hold,retirement,none,8234,Aggressive
31,53387,2,15,yes,sell,wealth_creation,none,13523,Moderate
51,30453,2,2,yes,hold,short_term,some,3356,Conservative
49,87875,0,15,no,buy_more,retirement,some,22233,Aggressive
60,29346,1,10,yes,buy_more,tax_saving,none,2115,Aggressive
26,40358,4,3,yes,hold,retirement,some,2037,Moderate
37,51221,0,20,no,hold,short_term,some,6142,Moderate
57,120083,0,10,yes,buy_more,tax_saving,none,13294,Aggressive
41,40529,1,15,no,buy_more,tax_saving,none,12156,Aggressive
58,36326,0,1,yes,buy_more,retirement,none,10055,Moderate
21,38258,2,7,no,hold,short_term,some,9561,Moderate
22,103414,2,10,no,hold,wealth_creation,none,27081,Aggressive
52,15000,1,1,yes,buy_more,tax_saving,experienced,3733,Aggressive
35,31218,2,10,yes,hold,retirement,some,9300,Aggressive
41,167557,1,7,yes,sell,retirement,some,35215,Moderate
38,63952,2,3,no,buy_more,retirement,experienced,3536,Aggressive
37,29801,0,10,no,buy_more,retirement,none,9208,Aggressive
58,48104,0,2,yes,sell,retirement,some,9193,Conservative
24,50531,2,15,yes,sell,retirement,none,16600,Aggressive
51,71736,0,15,no,buy_more,child_education,none,22804,Conservative
56,112170,0,5,yes,hold,tax_saving,some,19046,Moderate
47,58386,0,7,no,hold,tax_saving,none,19262,Conservative
36,38449,2,5,yes,sell,wealth_creation,experienced,2598,Aggressive
27,69855,0,5,yes,sell,retirement,some,17372,Aggressive
48,35802,2,15,yes,hold,child_education,some,9109,Aggressive
39,30791,2,3,yes,buy_more,retirement,some,9300,Aggressive
26,22204,2,5,no,hold,child_education,experienced,4250,Aggressive
35,24238,0,3,no,sell,short_term,none,2961,Conservative
59,32748,3,7,no,sell,wealth_creation,some,2071,Conservative
31,28853,0,15,no,sell,short_term,none,5487,Conservative
28,56441,3,2,no,buy_more,short_term,none,10497,Conservative
48,28574,2,3,no,hold,child_education,none,4483,Conservative
28,15000,0,2,no,buy_more,tax_saving,none,3613,Moderate
57,30645,2,2,no,buy_more,retirement,none,6417,Conservative
55,39642,1,5,no,hold,tax_saving,some,3356,Conservative
60,37329,1,10,yes,sell,retirement,some,2405,Moderate
57,97128,1,7,yes,buy_more,wealth_creation,experienced,30809,Aggressive
30,37194,2,1,yes,sell,tax_saving,some,10140,Conservative
29,72868,2,7,yes,buy_more,wealth_creation,experienced,13769,Aggressive
34,48603,3,10,yes,hold,child_education,experienced,9662,Aggressive
39,48096,0,5,yes,hold,child_education,experienced,4056,Aggressive
56,33660,2,3,yes,hold,retirement,none,4343,Conservative
50,47741,2,10,no,hold,retirement,none,14199,Moderate
46,34742,2,1,no,hold,wealth_creation,some,3053,Conservative
56,52918,1,15,yes,hold,retirement,none,4301,Aggressive
46,44076,1,10,no,sell,retirement,experienced,9583,Moderate
36,32045,2,15,no,hold,child_education,some,9680,Moderate
37,76600,0,2,no,hold,retirement,experienced,12542,Moderate
41,59401,0,2,yes,buy_more,retirement,none,14479,Moderate
24,40069,1,15,yes,buy_more,wealth_creation,experienced,12847,Aggressive
50,52337,0,5,yes,hold,retirement,none,16610,Moderate
47,47206,0,5,no,buy_more,child_education,some,8986,Moderate
50,33176,0,7,no,hold,child_education,experienced,4600,Moderate
42,50600,2,1,no,sell,wealth_creation,some,11233,Conservative
52,37069,4,7,no,sell,retirement,some,12131,Conservative
58,32041,1,20,no,buy_more,child_education,none,8146,Conservative
43,23617,0,10,no,hold,short_term,experienced,7948,Moderate
38,41715,3,5,no,buy_more,tax_saving,some,9333,Moderate
25,63268,0,20,no,hold,wealth_creation,experienced,3566,Aggressive
52,35860,4,10,yes,sell,tax_saving,some,6611,Conservative
57,152408,1,1,no,hold,retirement,some,48920,Conservative
48,73025,0,10,yes,hold,wealth_creation,some,4390,Aggressive
55,88163,1,1,yes,hold,short_term,some,20753,Conservative
55,70112,0,3,no,buy_more,wealth_creation,some,11454,Conservative
52,112847,2,7,yes,hold,short_term,none,19306,Conservative
41,34401,0,3,yes,hold,short_term,some,7577,Moderate
24,15485,3,1,no,hold,short_term,none,2686,Conservative
21,40104,2,7,yes,hold,tax_saving,none,13075,Aggressive
29,63019,3,3,yes,buy_more,retirement,some,8892,Aggressive
38,52479,3,7,yes,sell,short_term,some,14577,Moderate
50,55490,0,3,yes,hold,child_education,some,4307,Moderate
39,88823,1,10,yes,hold,retirement,experienced,13310,Aggressive
21,58216,3,15,yes,sell,child_education,some,5668,Aggressive
29,70228,1,2,no,hold,child_education,experienced,8142,Moderate
60,32118,0,10,yes,hold,short_term,some,7045,Moderate
60,29943,0,2,no,hold,retirement,none,4569,Conservative
36,101351,0,5,yes,hold,short_term,some,6549,Aggressive
53,51297,3,5,yes,sell,wealth_creation,none,15851,Conservative
49,37032,1,3,no,sell,wealth_creation,experienced,9354,Conservative
58,37062,2,1,yes,hold,retirement,some,12473,Conservative
56,36603,4,10,yes,hold,short_term,none,10619,Conservative
46,35630,0,10,yes,hold,tax_saving,some,7760,Aggressive
36,27517,2,20,yes,sell,wealth_creation,none,5176,Moderate
46,24954,0,20,yes,hold,wealth_creation,none,8334,Aggressive
33,44902,0,5,yes,hold,wealth_creation,none,7956,Aggressive
34,37540,0,2,yes,buy_more,wealth_creation,experienced,8013,Aggressive
45,80678,0,1,yes,hold,wealth_creation,none,12111,Conservative
43,55931,1,7,yes,hold,retirement,some,7505,Moderate
44,55237,1,15,no,hold,wealth_creation,some,16773,Moderate
36,35087,0,3,yes,hold,retirement,experienced,4354,Aggressive
37,46422,0,3,no,buy_more,short_term,experienced,4327,Moderate
21,57667,2,5,no,sell,tax_saving,experienced,15478,Moderate
45,67662,0,15,yes,hold,short_term,some,20457,Aggressive
44,46992,3,5,yes,sell,wealth_creation,some,15428,Moderate
58,79666,4,10,yes,sell,retirement,experienced,19924,Conservative
41,49197,2,5,yes,sell,wealth_creation,none,7601,Conservative
39,70037,1,5,yes,sell,retirement,none,14231,Conservative
23,39323,2,5,yes,sell,wealth_creation,experienced,4163,Aggressive
28,21684,2,10,no,sell,short_term,none,2463,Conservative
34,55312,4,10,no,sell,retirement,none,17637,Conservative
36,67941,4,5,yes,sell,wealth_creation,none,20698,Conservative
35,63507,1,3,no,sell,retirement,none,8490,Conservative
36,59277,2,2,yes,hold,wealth_creation,experienced,9728,Moderate
51,41903,3,1,yes,buy_more,tax_saving,none,14148,Conservative
26,34096,0,2,yes,hold,retirement,some,5714,Aggressive
34,62835,1,2,no,sell,retirement,none,9314,Conservative
27,59391,2,10,yes,hold,short_term,some,6543,Aggressive
33,38085,2,15,no,hold,wealth_creation,some,6561,Aggressive
48,80760,1,10,no,sell,wealth_creation,some,12847,Conservative
22,32948,0,10,yes,hold,short_term,some,8910,Aggressive
34,37699,0,20,yes,hold,retirement,some,5809,Aggressive
21,102374,1,20,yes,hold,child_education,none,19194,Aggressive
59,72465,3,3,no,hold,short_term,some,10609,Conservative
50,41726,3,2,yes,hold,wealth_creation,experienced,6084,Moderate
30,55788,1,2,yes,sell,wealth_creation,experienced,6994,Moderate
28,52557,0,15,yes,sell,wealth_creation,none,10481,Aggressive
24,15000,2,2,no,buy_more,short_term,experienced,2680,Moderate
39,32600,2,5,no,hold,retirement,experienced,2193,Moderate
51,47911,1,7,yes,hold,short_term,experienced,15770,Moderate
44,41752,1,7,yes,buy_more,wealth_creation,experienced,6456,Aggressive
56,54786,0,7,yes,hold,short_term,experienced,15190,Moderate
34,81492,2,10,yes,sell,child_education,none,26246,Conservative
32,42417,2,7,yes,hold,wealth_creation,none,2265,Moderate
40,30456,1,15,no,sell,wealth_creation,experienced,2649,Moderate
29,56737,3,2,yes,hold,tax_saving,some,6080,Moderate
60,42320,2,15,yes,hold,tax_saving,some,13362,Moderate
28,45696,4,7,yes,sell,retirement,none,9765,Moderate
40,42989,1,3,yes,sell,tax_saving,none,6159,Conservative
41,134433,1,20,no,hold,short_term,experienced,8500,Moderate
23,17884,4,20,no,hold,child_education,none,1084,Conservative
39,41161,4,15,yes,sell,short_term,some,9189,Conservative
39,48939,4,15,yes,sell,tax_saving,none,12769,Conservative
31,34492,3,5,no,hold,retirement,experienced,5714,Moderate
26,73491,1,3,no,buy_more,retirement,none,10015,Moderate
22,70683,0,3,no,buy_more,tax_saving,experienced,20637,Aggressive
21,47978,1,15,no,hold,tax_saving,none,14857,Aggressive
40,43399,4,15,no,hold,child_education,experienced,7162,Moderate
24,46612,1,20,no,hold,wealth_creation,none,12793,Moderate
59,46762,2,15,no,sell,retirement,experienced,14535,Conservative
30,47322,4,7,no,sell,retirement,some,7768,Conservative
47,45044,4,2,no,sell,wealth_creation,none,4424,Conservative
47,54918,4,2,no,buy_more,wealth_creation,none,8815,Conservative
40,68799,1,5,yes,hold,retirement,some,4723,Aggressive
56,28180,1,10,yes,sell,retirement,some,1709,Moderate
25,30552,4,2,no,hold,wealth_creation,none,9088,Conservative
30,22318,0,15,yes,sell,wealth_creation,none,6825,Moderate
31,72394,0,10,yes,hold,child_education,experienced,17678,Aggressive
26,54865,4,3,yes,hold,child_education,some,16844,Aggressive
32,61535,2,15,yes,buy_more,retirement,some,20345,Aggressive
33,25763,1,7,yes,hold,short_term,some,6593,Aggressive
51,109450,0,10,yes,buy_more,wealth_creation,none,35406,Aggressive
33,37272,1,5,yes,sell,child_education,none,12146,Conservative
56,52875,4,5,yes,hold,tax_saving,none,6997,Conservative
51,72003,2,1,yes,buy_more,retirement,experienced,24119,Conservative
57,31440,1,7,yes,hold,retirement,none,10851,Conservative
25,38336,1,10,yes,buy_more,child_education,some,5134,Aggressive
60,53136,3,20,yes,buy_more,child_education,none,12658,Aggressive
45,177346,3,15,no,hold,wealth_creation,none,20582,Moderate
60,56134,1,2,yes,sell,tax_saving,some,9437,Conservative
35,100998,2,20,no,sell,tax_saving,some,23958,Moderate
59,84335,0,2,no,hold,short_term,experienced,5163,Conservative
44,57849,1,1,yes,buy_more,wealth_creation,none,14110,Moderate
23,31409,0,10,yes,sell,retirement,experienced,6150,Aggressive
37,78975,1,15,yes,hold,wealth_creation,experienced,6881,Aggressive
26,24980,1,20,yes,sell,tax_saving,experienced,6379,Aggressive
58,100749,0,15,no,hold,wealth_creation,none,33523,Conservative
33,53637,0,3,no,buy_more,child_education,some,2718,Moderate
29,15000,0,2,no,hold,child_education,experienced,2719,Moderate
43,42056,0,1,no,hold,retirement,some,3694,Conservative
38,65793,2,7,no,hold,child_education,none,7375,Conservative
24,44061,0,5,no,hold,short_term,experienced,8701,Moderate
53,67626,0,2,yes,hold,tax_saving,experienced,9291,Moderate
54,33439,4,5,yes,sell,retirement,some,8184,Conservative
50,27236,0,7,yes,sell,wealth_creation,some,3519,Moderate
45,47469,3,10,yes,buy_more,child_education,some,13427,Aggressive
37,49722,2,5,yes,hold,tax_saving,some,5222,Aggressive
42,41907,2,3,yes,sell,tax_saving,none,13501,Conservative
41,85159,1,10,no,hold,retirement,some,14480,Moderate
27,33436,0,10,yes,hold,wealth_creation,none,2228,Aggressive
24,56439,3,3,no,sell,wealth_creation,none,4510,Conservative
31,50543,3,1,yes,hold,tax_saving,experienced,10608,Moderate
39,24330,0,20,yes,sell,child_education,none,7866,Moderate
27,27076,2,10,no,buy_more,wealth_creation,none,5539,Aggressive
25,49284,1,3,yes,hold,wealth_creation,experienced,9120,Aggressive
55,119555,3,7,no,buy_more,wealth_creation,some,33695,Conservative
35,63619,3,7,no,hold,retirement,experienced,7509,Moderate
44,22549,0,2,yes,buy_more,retirement,none,5704,Moderate
41,15000,3,3,yes,hold,wealth_creation,some,1732,Aggressive
50,68177,4,20,yes,sell,short_term,none,20698,Conservative
50,46943,2,7,yes,buy_more,wealth_creation,none,14758,Moderate
32,81925,0,3,no,buy_more,child_education,none,8878,Moderate
54,32980,3,10,no,buy_more,child_education,some,3069,Moderate
35,57388,2,5,yes,buy_more,retirement,some,15322,Aggressive
54,71738,0,7,no,hold,short_term,none,17637,Conservative
37,40080,3,3,no,hold,retirement,experienced,9478,Conservative
25,40467,1,1,yes,buy_more,retirement,experienced,8207,Aggressive
51,49581,3,2,yes,sell,wealth_creation,none,4398,Conservative
22,62580,2,20,no,buy_more,retirement,experienced,16636,Aggressive
51,48705,0,7,no,buy_more,short_term,some,4807,Moderate
22,75985,4,15,yes,hold,short_term,some,16173,Aggressive
29,39820,1,1,yes,hold,tax_saving,some,6131,Moderate
45,26963,1,10,yes,hold,tax_saving,some,4030,Moderate
58,119328,1,5,no,buy_more,short_term,none,35759,Conservative
37,37343,0,10,no,sell,short_term,some,6978,Moderate
25,37956,2,5,yes,hold,child_education,none,7516,Aggressive
30,47590,1,7,no,hold,short_term,none,15174,Conservative
56,50525,4,1,yes,buy_more,wealth_creation,some,10990,Conservative
50,41191,4,1,no,hold,tax_saving,none,11961,Conservative
25,48637,2,10,no,hold,wealth_creation,some,15022,Moderate
36,48151,0,2,yes,sell,retirement,some,12449,Moderate
31,53032,2,1,yes,hold,child_education,none,4943,Conservative
28,16968,0,15,yes,buy_more,child_education,experienced,1455,Aggressive
54,114278,3,3,no,hold,child_education,none,20600,Conservative
45,45877,1,7,no,hold,retirement,some,3163,Conservative
28,63657,4,15,yes,hold,retirement,none,8925,Aggressive
47,26366,1,10,no,hold,retirement,none,2967,Moderate
37,39658,0,1,no,hold,child_education,experienced,2442,Moderate
23,36223,4,7,yes,buy_more,tax_saving,experienced,6148,Aggressive
38,94975,1,7,yes,hold,short_term,none,11845,Moderate
28,37661,3,5,yes,hold,child_education,none,3034,Aggressive
30,68949,3,10,yes,hold,retirement,some,18553,Aggressive
56,36581,1,20,no,buy_more,wealth_creation,none,11843,Moderate
49,39987,1,2,no,sell,short_term,experienced,9446,Conservative
26,43892,1,2,yes,sell,wealth_creation,none,14431,Conservative
55,87354,3,10,yes,hold,tax_saving,none,8730,Conservative
43,20943,4,5,yes,buy_more,wealth_creation,none,5872,Aggressive
55,27117,0,10,yes,hold,tax_saving,none,4679,Moderate
50,20408,2,2,yes,hold,child_education,experienced,4017,Moderate
34,30050,0,1,no,hold,retirement,some,7491,Conservative
42,34022,2,10,no,sell,wealth_creation,none,9698,Moderate
42,23705,3,20,no,buy_more,child_education,none,1610,Aggressive
49,35229,3,2,yes,hold,wealth_creation,none,5864,Moderate
30,19798,1,15,yes,hold,short_term,some,5533,Aggressive
34,31005,1,5,no,buy_more,child_education,some,6526,Aggressive
30,84135,0,1,yes,hold,retirement,none,12831,Moderate
32,58783,0,7,yes,sell,retirement,some,3653,Moderate
27,53335,1,3,no,sell,retirement,some,2784,Conservative
22,31217,3,10,no,sell,retirement,experienced,5541,Moderate
58,24557,1,3,no,buy_more,wealth_creation,some,4790,Conservative
23,29359,0,5,yes,buy_more,retirement,none,3486,Aggressive
56,48076,2,3,no,hold,wealth_creation,none,13936,Conservative
21,72451,0,15,yes,buy_more,short_term,experienced,19347,Aggressive
52,73575,0,20,yes,sell,wealth_creation,none,7832,Moderate
34,65106,4,5,yes,sell,wealth_creation,none,6927,Conservative
41,35175,0,5,no,sell,retirement,some,10885,Conservative
32,49565,1,20,yes,buy_more,short_term,some,16145,Aggressive
40,42420,1,2,no,sell,wealth_creation,some,14650,Conservative
39,44777,0,10,no,sell,retirement,some,11459,Moderate
42,122603,0,7,no,sell,child_education,none,40296,Conservative
36,22183,0,15,yes,hold,short_term,some,2097,Moderate
42,44107,0,3,no,hold,short_term,experienced,4265,Moderate
54,84565,3,3,yes,sell,short_term,none,5282,Conservative
38,25345,1,5,yes,buy_more,wealth_creation,none,5361,Aggressive
35,36691,1,1,yes,buy_more,wealth_creation,experienced,4270,Aggressive
26,38635,1,2,no,sell,wealth_creation,none,8524,Conservative
35,44334,4,20,no,buy_more,child_education,some,2318,Moderate
26,23904,0,3,no,buy_more,child_education,none,4988,Aggressive
28,64079,3,1,yes,buy_more,tax_saving,some,20292,Aggressive
59,66159,0,3,yes,sell,wealth_creation,some,17715,Conservative
24,61621,4,5,yes,buy_more,short_term,some,9865,Aggressive
40,33134,0,7,no,hold,short_term,none,2335,Conservative
54,50966,0,1,no,sell,retirement,none,6296,Conservative
59,32703,1,10,no,buy_more,wealth_creation,some,6573,Moderate
26,42206,0,15,yes,sell,retirement,none,5369,Aggressive
27,129192,2,3,yes,buy_more,wealth_creation,some,36550,Aggressive
35,51177,2,10,no,hold,short_term,some,16916,Moderate
43,28727,2,5,yes,hold,wealth_creation,experienced,2955,Aggressive
59,53164,0,5,yes,sell,tax_saving,none,2747,Conservative
29,26680,2,20,yes,buy_more,wealth_creation,none,2006,Aggressive
27,28579,0,15,yes,sell,retirement,some,8312,Aggressive
31,30683,4,5,yes,buy_more,short_term,some,2028,Aggressive
55,40137,2,5,no,hold,tax_saving,none,10993,Conservative
22,74729,1,3,no,sell,child_education,experienced,12820,Conservative
36,63594,3,7,no,hold,short_term,some,11308,Moderate
25,62028,1,10,yes,buy_more,child_education,some,16699,Aggressive
27,29896,1,2,no,buy_more,retirement,some,4365,Aggressive
57,38422,0,15,yes,sell,tax_saving,some,11263,Conservative
21,55403,2,10,yes,sell,wealth_creation,none,4338,Aggressive
33,36947,1,2,yes,sell,short_term,none,9813,Conservative
57,43249,0,15,yes,buy_more,tax_saving,some,13887,Aggressive
45,59791,3,10,no,sell,retirement,some,5935,Conservative
23,41900,0,3,no,sell,tax_saving,some,9069,Conservative
39,54269,2,7,yes,hold,short_term,some,13149,Moderate
59,100380,0,15,no,buy_more,wealth_creation,none,9016,Moderate
37,45372,1,20,yes,hold,short_term,some,9663,Aggressive
42,83341,3,3,yes,hold,child_education,none,10475,Moderate
42,63052,0,7,no,sell,retirement,experienced,17406,Moderate
47,25329,2,15,no,hold,tax_saving,some,5582,Moderate
28,29852,2,20,no,hold,child_education,some,5169,Aggressive
54,33687,3,1,yes,buy_more,retirement,some,9188,Moderate
60,33367,0,7,yes,hold,wealth_creation,none,8993,Moderate
26,47068,2,15,yes,sell,tax_saving,some,5325,Aggressive
53,64640,1,1,yes,hold,tax_saving,none,3728,Moderate
53,86234,1,5,yes,sell,short_term,some,10735,Conservative
50,56312,1,7,yes,sell,tax_saving,none,17725,Conservative
35,40112,1,7,yes,buy_more,tax_saving,some,6780,Aggressive
39,19206,1,10,yes,hold,wealth_creation,none,2121,Aggressive
54,50602,0,1,no,buy_more,retirement,none,8129,Conservative
27,49592,1,10,yes,sell,tax_saving,some,8179,Aggressive
54,53226,2,3,yes,buy_more,retirement,some,9911,Moderate
57,126476,1,15,no,buy_more,child_education,none,23399,Moderate
48,85670,0,5,no,hold,retirement,some,11944,Moderate
34,69792,1,1,yes,sell,retirement,some,9760,Moderate
43,31795,1,20,yes,buy_more,short_term,some,9218,Aggressive
23,38915,2,10,yes,buy_more,retirement,some,9686,Aggressive
58,46972,3,5,no,sell,wealth_creation,none,11922,Conservative
34,34581,1,3,yes,buy_more,child_education,none,3705,Aggressive
23,61402,2,7,yes,buy_more,short_term,none,21340,Moderate
52,57561,0,20,no,sell,retirement,experienced,4379,Conservative
47,30039,4,3,no,hold,wealth_creation,none,7652,Conservative
45,83999,0,20,yes,hold,tax_saving,none,22933,Aggressive
23,51330,1,5,yes,hold,wealth_creation,none,6680,Aggressive
51,22514,0,10,yes,buy_more,retirement,some,1646,Aggressive
46,47901,0,5,yes,buy_more,retirement,none,12991,Aggressive
52,55633,2,2,yes,sell,child_education,some,12220,Conservative
54,75944,0,20,no,hold,wealth_creation,some,25797,Moderate
29,42114,0,2,no,hold,short_term,some,11299,Conservative
29,71151,0,20,no,hold,retirement,experienced,23401,Aggressive
57,53327,4,2,no,hold,tax_saving,some,12813,Conservative
42,27125,2,3,yes,hold,tax_saving,experienced,5408,Aggressive
38,25930,4,20,yes,sell,wealth_creation,experienced,8645,Aggressive
32,81239,3,7,no,hold,tax_saving,none,24018,Conservative
46,83968,3,3,yes,buy_more,retirement,some,5081,Moderate
51,56687,1,7,yes,hold,child_education,some,12749,Aggressive
21,96092,0,3,yes,hold,short_term,experienced,9111,Aggressive
43,78863,0,15,no,buy_more,wealth_creation,some,26371,Aggressive
60,66678,0,1,no,buy_more,tax_saving,some,16853,Conservative
32,32529,2,7,yes,hold,child_education,none,6031,Moderate
32,106845,0,1,yes,hold,wealth_creation,experienced,36109,Moderate
56,62400,0,10,no,hold,wealth_creation,none,9416,Moderate
23,41207,2,20,yes,hold,short_term,some,7550,Aggressive
36,36289,0,15,yes,hold,retirement,none,6158,Aggressive
39,55025,0,5,no,sell,short_term,some,4928,Conservative
52,23110,0,3,no,hold,retirement,some,2194,Conservative
26,67161,2,2,yes,hold,short_term,none,15265,Conservative
38,31916,0,15,yes,buy_more,wealth_creation,some,2261,Aggressive
27,57917,0,2,no,hold,retirement,experienced,19073,Moderate
52,38764,0,7,yes,sell,child_education,none,5748,Moderate
46,43521,2,5,no,hold,tax_saving,some,6366,Conservative
40,34870,0,20,no,hold,wealth_creation,none,3204,Aggressive
36,45590,0,7,no,hold,short_term,none,7079,Conservative
27,114716,3,7,yes,sell,wealth_creation,experienced,29521,Aggressive
57,91425,3,15,yes,buy_more,retirement,none,30828,Moderate
46,57498,0,20,yes,buy_more,short_term,some,6196,Aggressive
33,48465,0,7,yes,buy_more,child_education,none,5005,Aggressive
37,71674,0,10,yes,hold,retirement,none,6572,Aggressive
50,81510,2,7,yes,buy_more,child_education,some,18111,Aggressive
49,33744,0,5,yes,hold,tax_saving,none,2870,Moderate
39,47341,4,1,no,hold,retirement,experienced,3618,Conservative
33,21592,3,10,yes,sell,short_term,none,5898,Conservative
47,81258,1,10,yes,sell,wealth_creation,some,23398,Aggressive
47,124151,0,2,yes,sell,short_term,some,17923,Conservative
44,50819,3,3,no,buy_more,tax_saving,some,11405,Conservative
23,18840,2,10,yes,hold,retirement,some,5137,Aggressive
39,64472,2,2,no,buy_more,retirement,none,4170,Conservative
45,32635,0,10,yes,hold,wealth_creation,some,7845,Aggressive
59,36369,2,10,no,sell,wealth_creation,some,4941,Conservative
42,64988,3,5,no,hold,child_education,some,11225,Conservative
34,54970,4,3,yes,sell,child_education,none,8623,Conservative
43,39353,1,5,no,buy_more,child_education,none,10448,Moderate
28,36595,1,5,no,sell,tax_saving,none,6976,Conservative
24,51876,1,7,yes,sell,retirement,none,14422,Moderate
48,40771,2,10,yes,hold,short_term,none,5891,Moderate
60,29757,4,15,no,buy_more,retirement,none,6319,Conservative
54,42207,1,1,no,hold,retirement,none,13594,Conservative
44,57114,0,10,no,sell,wealth_creation,none,10361,Moderate
22,45245,0,3,yes,hold,child_education,none,10084,Aggressive
60,25949,2,15,yes,sell,short_term,experienced,6517,Conservative
38,76502,3,1,no,hold,retirement,experienced,24763,Conservative
32,15000,0,7,no,hold,child_education,some,3612,Moderate
56,40100,1,7,yes,sell,short_term,none,9372,Conservative
50,37082,4,5,yes,hold,tax_saving,none,11126,Moderate
50,52400,1,20,no,sell,retirement,experienced,18211,Conservative
32,63117,0,2,no,sell,wealth_creation,experienced,20177,Conservative
60,81392,1,2,no,hold,wealth_creation,none,7118,Conservative
39,35575,1,7,yes,sell,tax_saving,none,8998,Conservative
42,63828,0,7,yes,sell,tax_saving,none,9483,Moderate
51,53536,2,3,yes,hold,wealth_creation,none,9333,Conservative
47,22692,1,3,yes,hold,wealth_creation,none,5527,Moderate
27,115294,2,2,yes,buy_more,tax_saving,some,10783,Aggressive
33,25656,2,15,yes,buy_more,child_education,none,6614,Aggressive
35,59205,0,7,yes,hold,retirement,none,8173,Aggressive
58,58423,0,3,yes,hold,short_term,some,17279,Moderate
49,55494,0,5,no,hold,child_education,some,8962,Moderate
35,39239,0,15,yes,buy_more,short_term,none,2550,Aggressive
50,71129,2,15,yes,hold,wealth_creation,some,16333,Aggressive
50,24290,0,1,no,buy_more,short_term,none,6678,Conservative
36,47589,2,7,yes,hold,child_education,none,11183,Moderate
37,38034,0,2,yes,hold,short_term,none,10787,Conservative
56,36142,0,3,no,buy_more,retirement,none,10525,Conservative
43,59452,0,15,no,sell,retirement,none,3726,Conservative
26,79607,1,15,yes,buy_more,retirement,some,4024,Aggressive
49,42004,2,2,no,hold,retirement,experienced,4926,Conservative
44,69654,3,15,no,hold,short_term,none,8178,Conservative
41,50130,0,10,no,hold,wealth_creation,none,10972,Aggressive
50,32802,2,10,yes,sell,short_term,none,3894,Conservative
57,43648,2,10,no,hold,short_term,none,6959,Conservative
34,42840,0,7,yes,hold,tax_saving,experienced,7972,Aggressive
37,35828,0,20,yes,hold,retirement,none,8249,Aggressive
28,59445,0,3,yes,sell,wealth_creation,some,20747,Moderate
46,54480,0,7,no,buy_more,retirement,some,13976,Conservative
37,23961,3,3,yes,buy_more,child_education,experienced,3108,Aggressive
34,23314,1,15,no,sell,wealth_creation,none,3619,Moderate
48,59344,1,2,no,buy_more,retirement,none,3744,Conservative
37,33966,2,5,yes,buy_more,retirement,none,5973,Moderate
39,56157,1,10,yes,sell,tax_saving,some,12733,Aggressive
38,69662,2,3,no,buy_more,tax_saving,some,23324,Moderate
31,27669,0,3,yes,sell,child_education,some,3607,Moderate
26,25972,1,3,no,buy_more,wealth_creation,none,3195,Moderate
54,104140,0,10,yes,hold,retirement,none,5745,Aggressive
24,57423,0,3,yes,buy_more,short_term,some,12770,Aggressive
33,40592,0,5,yes,hold,wealth_creation,none,14156,Aggressive
47,32200,2,7,yes,hold,wealth_creation,experienced,5194,Aggressive
26,38960,2,20,no,buy_more,child_education,experienced,7766,Aggressive
47,28688,2,10,yes,hold,tax_saving,none,1935,Aggressive
50,72950,0,3,yes,hold,wealth_creation,some,16145,Moderate
47,34560,4,15,no,hold,child_education,none,3906,Conservative
33,80184,0,15,no,hold,wealth_creation,experienced,4381,Aggressive
21,40934,3,10,yes,sell,retirement,some,10444,Aggressive
56,30653,2,7,no,sell,retirement,none,2891,Conservative
34,40463,1,1,yes,sell,retirement,some,3251,Conservative
53,15049,1,10,no,sell,wealth_creation,none,1782,Conservative
28,46427,2,7,no,buy_more,child_education,none,4236,Aggressive
27,45408,2,3,no,hold,child_education,none,10755,Conservative
52,71049,0,1,no,hold,short_term,none,9244,Conservative
58,20976,2,3,no,sell,child_education,none,5271,Conservative
55,82688,0,7,yes,buy_more,wealth_creation,experienced,17677,Aggressive
51,70917,1,2,no,sell,wealth_creation,some,11069,Conservative
30,86113,2,7,no,sell,retirement,experienced,9303,Moderate
57,47871,3,15,yes,buy_more,tax_saving,none,12054,Moderate
47,77362,1,3,no,sell,wealth_creation,experienced,16039,Conservative
27,25284,0,2,no,buy_more,retirement,some,6731,Moderate
26,67566,1,2,no,hold,child_education,some,13637,Moderate
55,34647,0,5,yes,buy_more,retirement,experienced,10069,Aggressive
32,23315,1,15,no,sell,short_term,some,5010,Conservative
51,29558,1,7,yes,hold,retirement,some,8690,Moderate
26,49142,2,15,no,hold,tax_saving,experienced,10561,Aggressive
32,33828,0,20,yes,hold,short_term,none,11451,Moderate
32,58060,0,3,no,buy_more,retirement,none,17763,Conservative
32,21726,1,10,yes,sell,retirement,experienced,2742,Aggressive
47,18822,0,5,no,hold,tax_saving,experienced,5052,Moderate
57,90905,0,5,yes,sell,tax_saving,some,8144,Conservative
57,73622,1,5,no,buy_more,wealth_creation,some,23804,Conservative
50,30571,1,5,no,buy_more,wealth_creation,experienced,4697,Moderate
29,48954,0,10,yes,sell,retirement,some,9459,Aggressive
59,77557,1,7,no,sell,wealth_creation,none,4356,Conservative
42,59197,3,3,no,buy_more,child_education,some,18368,Moderate
42,52402,1,2,yes,buy_more,retirement,none,17523,Moderate
49,80243,0,7,yes,hold,wealth_creation,none,15338,Moderate
51,35283,0,10,yes,hold,short_term,experienced,3753,Aggressive
59,49713,0,7,yes,buy_more,child_education,some,12832,Aggressive
44,48628,1,1,yes,sell,retirement,some,6763,Conservative
45,43358,2,3,yes,buy_more,tax_saving,some,14655,Moderate
50,41133,0,10,yes,buy_more,tax_saving,none,5896,Aggressive
31,50654,0,10,no,buy_more,retirement,some,11281,Aggressive
33,49785,0,1,yes,buy_more,retirement,some,3227,Aggressive
46,30583,0,5,no,buy_more,child_education,some,10610,Moderate
23,70319,4,5,no,sell,wealth_creation,none,15670,Conservative
33,31590,0,7,no,buy_more,retirement,experienced,10822,Aggressive
49,44435,0,2,yes,sell,tax_saving,none,6230,Conservative
60,42921,1,7,yes,hold,wealth_creation,none,8933,Moderate
41,57592,0,20,no,hold,retirement,some,3197,Aggressive
36,18890,0,5,no,sell,wealth_creation,experienced,5312,Conservative
38,73196,1,5,no,hold,wealth_creation,none,7315,Moderate
48,36147,0,1,yes,hold,tax_saving,none,6419,Moderate
42,84879,0,1,no,sell,wealth_creation,experienced,21305,Conservative
21,39530,2,20,yes,hold,retirement,experienced,2950,Aggressive
42,47955,1,20,no,hold,tax_saving,none,13671,Moderate
37,115983,0,1,no,hold,short_term,experienced,33836,Conservative
49,43269,3,15,yes,hold,tax_saving,experienced,9060,Aggressive
56,85603,0,2,yes,hold,retirement,none,19816,Conservative
59,49889,4,7,yes,buy_more,retirement,some,3904,Moderate
45,59097,4,10,yes,hold,child_education,none,10911,Moderate
35,50588,1,5,yes,sell,retirement,experienced,15294,Moderate
38,71792,0,7,yes,hold,wealth_creation,none,5513,Aggressive
28,36008,3,7,yes,hold,short_term,some,12480,Moderate
58,31482,1,3,no,sell,short_term,experienced,6163,Conservative
54,36777,0,20,no,buy_more,child_education,none,1979,Moderate
55,51270,1,3,yes,sell,wealth_creation,some,7791,Conservative
34,44383,1,1,yes,buy_more,child_education,none,8884,Moderate
33,67482,3,20,no,sell,retirement,none,22788,Conservative
55,88179,2,5,yes,hold,child_education,experienced,23064,Moderate
42,31598,3,5,yes,sell,wealth_creation,experienced,7087,Moderate
49,35232,2,3,yes,buy_more,child_education,some,11977,Moderate
40,25685,2,1,no,buy_more,child_education,experienced,3557,Conservative
38,122230,1,3,yes,sell,short_term,none,20034,Conservative
46,56224,4,5,no,sell,tax_saving,some,15768,Conservative
53,60834,4,7,yes,hold,retirement,experienced,13891,Moderate
34,26820,3,5,yes,sell,wealth_creation,experienced,3103,Moderate
53,48994,2,15,yes,sell,retirement,none,13489,Moderate
30,61645,1,15,no,buy_more,short_term,none,8023,Moderate
37,43750,0,3,yes,hold,retirement,some,9522,Aggressive
57,79544,3,20,no,sell,wealth_creation,none,24409,Conservative
59,138735,0,15,no,hold,retirement,some,18386,Moderate
57,32010,0,20,yes,sell,short_term,none,8909,Conservative
33,30947,1,10,yes,buy_more,wealth_creation,some,9544,Aggressive
54,33024,1,3,no,sell,tax_saving,none,4793,Conservative
58,100991,1,3,yes,hold,retirement,some,11006,Moderate
60,78359,0,15,no,sell,wealth_creation,experienced,24269,Conservative
21,46120,0,7,no,buy_more,tax_saving,some,8759,Aggressive
50,49833,0,15,yes,sell,retirement,experienced,7146,Aggressive
60,33946,0,10,yes,hold,short_term,some,1803,Moderate
51,73167,0,3,no,hold,wealth_creation,none,7916,Conservative
30,41317,2,5,yes,buy_more,child_education,experienced,8420,Aggressive
51,43606,0,20,yes,sell,retirement,none,13024,Moderate
25,64470,1,1,yes,buy_more,wealth_creation,none,12938,Aggressive
40,45044,0,10,yes,buy_more,child_education,some,5988,Aggressive
46,44102,1,20,yes,sell,child_education,none,14498,Conservative
39,49254,3,2,no,sell,wealth_creation,experienced,7918,Conservative
48,70116,0,3,yes,buy_more,retirement,some,6931,Aggressive
30,102839,0,7,yes,hold,wealth_creation,none,34307,Aggressive
45,63797,2,15,no,buy_more,tax_saving,none,10777,Moderate
46,70367,0,7,yes,buy_more,wealth_creation,none,13702,Aggressive
46,44804,3,1,yes,hold,retirement,some,13394,Conservative
32,35649,4,2,no,sell,tax_saving,none,4859,Conservative
33,65794,2,5,yes,hold,retirement,experienced,13725,Aggressive
31,52947,4,5,no,hold,child_education,none,16407,Conservative
39,25843,1,3,no,hold,retirement,none,3277,Conservative
44,42292,1,15,yes,hold,child_education,some,13461,Aggressive
35,47225,0,1,yes,hold,tax_saving,none,5074,Moderate
37,38960,0,15,yes,buy_more,child_education,some,11934,Aggressive
32,95490,0,20,no,sell,short_term,some,16046,Conservative
29,60835,1,7,yes,hold,retirement,none,13045,Aggressive
47,90937,1,7,no,sell,retirement,some,19589,Conservative
53,55190,0,2,no,sell,retirement,experienced,6152,Conservative
32,50849,2,7,no,hold,short_term,none,5181,Conservative
55,32161,0,5,yes,buy_more,retirement,some,8472,Aggressive
43,49284,0,3,no,hold,short_term,none,14668,Conservative
27,49309,0,7,no,sell,child_education,experienced,4491,Moderate
35,26497,2,1,yes,hold,wealth_creation,none,7298,Moderate
21,38453,1,3,no,hold,short_term,none,5693,Conservative
22,42383,2,7,yes,hold,child_education,some,9677,Aggressive
34,59045,0,5,no,sell,short_term,some,12422,Conservative
39,60331,1,2,yes,hold,retirement,none,16471,Moderate
52,37737,4,1,yes,sell,wealth_creation,experienced,8022,Conservative
26,60535,0,3,no,hold,tax_saving,none,4723,Conservative
54,45164,1,7,yes,sell,wealth_creation,experienced,6041,Moderate
30,15000,0,7,yes,hold,tax_saving,experienced,2540,Aggressive
26,39414,0,2,yes,buy_more,child_education,some,8734,Aggressive
48,79661,1,7,no,sell,wealth_creation,some,8033,Conservative
51,22998,0,20,yes,sell,wealth_creation,some,3477,Aggressive
45,51570,1,7,no,buy_more,retirement,some,3556,Moderate
25,100044,4,7,no,hold,child_education,none,14683,Moderate
25,34812,0,7,yes,hold,retirement,experienced,7089,Aggressive
36,49068,0,15,yes,buy_more,retirement,some,16238,Aggressive
39,27260,3,20,yes,hold,tax_saving,some,2816,Aggressive
60,101951,1,1,no,hold,wealth_creation,some,5942,Conservative
32,47216,3,3,no,hold,wealth_creation,some,7703,Conservative
28,50060,0,2,no,buy_more,tax_saving,none,11627,Moderate
58,90168,2,10,no,hold,tax_saving,some,20945,Conservative
27,66016,4,1,no,sell,retirement,none,10144,Conservative
22,33056,0,15,no,hold,wealth_creation,some,2025,Aggressive
37,36633,3,1,yes,sell,short_term,none,11930,Conservative
37,61249,2,7,no,hold,wealth_creation,experienced,12282,Aggressive
45,37017,3,3,yes,sell,child_education,experienced,10474,Conservative
56,18906,0,5,yes,hold,retirement,experienced,3196,Moderate
58,47860,1,5,yes,hold,wealth_creation,experienced,14330,Aggressive
32,25182,0,10,yes,hold,short_term,some,7187,Aggressive
60,101450,4,5,yes,hold,tax_saving,experienced,7972,Moderate
46,53079,0,5,yes,sell,retirement,some,3470,Moderate
23,32619,0,10,yes,hold,tax_saving,none,3093,Aggressive
58,35796,3,20,no,hold,child_education,none,10626,Conservative
26,20947,0,10,yes,hold,wealth_creation,none,2741,Aggressive
44,29888,1,10,yes,buy_more,retirement,none,5043,Aggressive
52,77446,0,5,no,hold,retirement,none,17310,Conservative
30,133827,2,15,no,hold,wealth_creation,experienced,32863,Aggressive
31,67973,0,5,no,buy_more,retirement,none,12092,Aggressive
40,47031,1,20,yes,hold,child_education,experienced,8688,Aggressive
56,40360,1,10,yes,hold,child_education,experienced,5991,Aggressive
29,31874,0,2,no,hold,child_education,experienced,2492,Moderate
47,123858,0,1,yes,buy_more,wealth_creation,some,11703,Aggressive
39,45029,0,10,no,hold,wealth_creation,experienced,14272,Aggressive
25,127011,2,10,yes,sell,wealth_creation,none,43495,Aggressive
49,91773,0,7,yes,hold,retirement,some,27314,Aggressive
54,22396,0,20,no,sell,tax_saving,none,3174,Conservative
44,36327,0,7,yes,hold,retirement,none,3760,Moderate
28,36276,1,5,yes,buy_more,retirement,some,7355,Aggressive
27,47290,2,7,no,buy_more,child_education,some,3706,Moderate
37,47708,1,1,yes,hold,short_term,experienced,15480,Moderate
41,188774,3,7,yes,buy_more,child_education,none,52932,Moderate
43,30189,2,15,yes,buy_more,wealth_creation,experienced,10327,Aggressive
30,54341,3,1,yes,buy_more,child_education,none,16670,Conservative
41,64694,2,15,no,buy_more,wealth_creation,some,11168,Aggressive
32,48986,0,10,yes,buy_more,retirement,none,7066,Aggressive
48,51512,4,2,yes,sell,wealth_creation,experienced,15467,Conservative
52,30633,2,15,yes,sell,tax_saving,some,6934,Moderate
47,51427,1,10,no,sell,wealth_creation,none,16127,Conservative
21,61705,0,5,yes,hold,short_term,experienced,9105,Aggressive
60,56807,0,3,no,buy_more,wealth_creation,none,12153,Conservative
21,63360,2,3,yes,buy_more,child_education,experienced,11956,Aggressive
60,92565,1,7,yes,buy_more,retirement,none,9716,Aggressive
22,74729,2,3,no,buy_more,short_term,none,15866,Moderate
41,50619,1,5,yes,hold,child_education,none,3797,Moderate
25,28932,1,20,no,hold,tax_saving,some,4701,Aggressive
24,37421,0,10,no,hold,child_education,some,7859,Aggressive
48,44407,0,10,no,sell,short_term,some,4155,Conservative
50,54915,0,20,yes,buy_more,retirement,none,15161,Aggressive
25,39527,3,1,no,hold,short_term,some,4239,Conservative
60,32174,1,3,yes,sell,short_term,some,8640,Conservative
33,28718,4,7,no,hold,retirement,none,1642,Conservative
33,23317,2,5,yes,hold,wealth_creation,some,5984,Moderate
32,44102,2,2,yes,buy_more,retirement,some,7502,Moderate
39,25302,1,10,yes,buy_more,wealth_creation,some,7262,Aggressive
28,31249,3,1,yes,sell,child_education,some,6830,Conservative
37,41058,4,7,no,buy_more,child_education,none,6734,Moderate
29,26871,2,7,yes,sell,short_term,experienced,6694,Aggressive
23,58156,0,7,yes,hold,wealth_creation,experienced,9675,Aggressive
35,68398,2,3,no,hold,wealth_creation,some,10728,Moderate
47,38282,0,1,yes,buy_more,retirement,experienced,6802,Moderate
51,40269,0,15,no,buy_more,wealth_creation,some,10595,Aggressive
35,62432,2,20,yes,sell,short_term,experienced,14639,Moderate
33,35550,3,5,yes,hold,tax_saving,none,11552,Moderate
52,34467,0,1,yes,buy_more,wealth_creation,some,1727,Aggressive
48,83987,0,7,yes,buy_more,retirement,experienced,8254,Aggressive
54,72975,3,3,yes,sell,child_education,experienced,14464,Conservative
57,64260,0,3,no,sell,wealth_creation,some,16122,Conservative
53,74350,0,2,yes,hold,wealth_creation,experienced,5716,Aggressive
58,20135,2,2,no,buy_more,wealth_creation,some,2783,Conservative
37,90149,3,5,yes,hold,wealth_creation,none,31243,Moderate
36,58479,1,3,no,hold,tax_saving,experienced,8672,Moderate
33,77253,1,15,yes,buy_more,tax_saving,some,12672,Aggressive
30,58350,0,5,yes,hold,tax_saving,experienced,7097,Aggressive
50,50112,0,5,yes,hold,retirement,experienced,2767,Aggressive
49,43308,2,2,yes,buy_more,child_education,none,5873,Moderate
53,57827,3,15,no,hold,short_term,experienced,5685,Moderate
27,42604,0,1,yes,sell,child_education,none,7000,Conservative
40,72442,0,3,yes,sell,retirement,experienced,8673,Aggressive
29,24006,0,7,no,hold,child_education,some,4108,Aggressive
56,38418,0,10,yes,sell,short_term,some,5026,Conservative
31,123028,0,10,yes,sell,tax_saving,experienced,39945,Aggressive
26,36984,0,5,yes,sell,retirement,some,5082,Aggressive
43,44028,2,5,yes,hold,wealth_creation,none,4692,Aggressive
56,32953,0,3,yes,buy_more,child_education,some,9181,Moderate
57,57018,2,7,no,hold,wealth_creation,some,16736,Conservative
24,35195,1,5,no,buy_more,short_term,none,7704,Moderate
34,45092,3,5,no,buy_more,short_term,none,6919,Moderate
27,71825,4,1,yes,hold,short_term,some,21566,Moderate
33,35794,1,20,yes,hold,wealth_creation,experienced,8982,Aggressive
42,69903,0,1,no,sell,child_education,some,11485,Conservative
32,70969,2,3,yes,hold,wealth_creation,experienced,11887,Moderate
23,78804,0,20,yes,sell,child_education,some,3998,Aggressive
41,52221,0,10,yes,hold,wealth_creation,experienced,3516,Aggressive
23,210779,0,7,no,buy_more,retirement,some,19063,Aggressive
30,78789,3,10,yes,hold,wealth_creation,none,9784,Aggressive
21,56737,0,2,no,sell,short_term,some,18599,Conservative
24,33051,1,10,yes,buy_more,tax_saving,experienced,9799,Aggressive
38,46925,1,3,no,buy_more,retirement,experienced,2920,Moderate
55,93138,2,20,yes,buy_more,retirement,some,5073,Aggressive
51,105798,0,3,no,sell,short_term,experienced,23889,Conservative
24,95344,3,7,yes,hold,retirement,experienced,15535,Aggressive
22,69796,2,7,no,hold,retirement,none,20278,Moderate
34,27860,1,2,yes,hold,short_term,some,9524,Conservative
47,61036,1,5,no,hold,wealth_creation,some,12102,Moderate
50,28039,3,10,no,buy_more,retirement,none,2894,Moderate
53,25100,2,3,no,sell,wealth_creation,experienced,7977,Conservative
34,54590,1,20,yes,buy_more,tax_saving,none,9643,Aggressive
27,62034,0,3,yes,sell,tax_saving,some,10864,Moderate
22,73608,0,7,no,sell,retirement,none,19224,Moderate
26,61310,0,7,no,buy_more,wealth_creation,some,9869,Aggressive
23,62268,0,5,yes,hold,wealth_creation,none,7500,Aggressive
55,31473,0,7,yes,hold,wealth_creation,some,8576,Moderate
31,46758,0,10,yes,hold,retirement,none,4944,Aggressive
53,24879,3,7,yes,sell,wealth_creation,none,1537,Conservative
43,19900,2,7,yes,sell,tax_saving,experienced,3965,Moderate
42,68411,3,7,no,buy_more,retirement,none,4117,Conservative
39,34929,2,5,yes,sell,child_education,none,10034,Conservative
53,72593,2,1,no,buy_more,child_education,none,24915,Conservative
22,80721,0,2,no,buy_more,wealth_creation,some,27008,Moderate
24,37097,2,7,yes,buy_more,short_term,none,3512,Aggressive
37,63936,0,20,yes,buy_more,tax_saving,some,21073,Aggressive
36,36405,1,1,yes,hold,retirement,some,3041,Conservative
42,21361,4,7,yes,hold,wealth_creation,none,3339,Moderate
50,51817,3,3,no,buy_more,child_education,none,3901,Conservative
44,39660,0,7,no,hold,retirement,none,11771,Moderate
31,40213,2,10,yes,sell,tax_saving,experienced,4709,Aggressive
34,119241,0,10,no,hold,tax_saving,none,29747,Moderate
51,24670,0,10,yes,sell,retirement,some,6878,Aggressive
29,58237,0,10,yes,hold,tax_saving,experienced,9564,Aggressive
41,31330,0,1,no,buy_more,child_education,none,8984,Moderate
42,73770,2,7,yes,hold,retirement,none,10894,Aggressive
51,56066,1,3,yes,sell,retirement,some,5296,Conservative
49,58145,0,20,yes,sell,wealth_creation,experienced,10928,Aggressive
39,32041,4,10,yes,hold,short_term,none,8429,Moderate
33,34734,1,2,yes,sell,tax_saving,some,2150,Conservative
35,74403,1,3,no,hold,tax_saving,some,21716,Conservative
37,108755,1,5,yes,buy_more,short_term,some,13778,Aggressive
29,60848,1,20,no,hold,child_education,some,15477,Aggressive
46,32733,1,2,yes,hold,retirement,some,2756,Moderate
29,57097,2,7,yes,hold,child_education,experienced,9525,Aggressive
46,146146,3,5,no,sell,wealth_creation,some,27696,Conservative
51,51333,0,7,no,hold,retirement,some,9780,Moderate
59,94639,1,7,no,hold,wealth_creation,some,12489,Conservative
25,35131,0,3,yes,hold,wealth_creation,none,7333,Aggressive
51,48101,3,10,yes,hold,child_education,some,6407,Moderate
24,64783,0,2,no,hold,wealth_creation,none,6475,Moderate
34,58618,0,15,no,sell,tax_saving,some,5275,Moderate
28,34721,4,3,no,hold,retirement,some,11055,Conservative
27,34054,1,7,yes,sell,retirement,experienced,3037,Aggressive
28,76475,0,5,yes,hold,child_education,some,12890,Aggressive
22,83800,0,7,yes,sell,child_education,some,10522,Aggressive
53,96806,1,3,yes,buy_more,wealth_creation,some,22731,Moderate
23,110389,4,7,yes,hold,retirement,none,16969,Moderate
36,52082,1,1,yes,sell,retirement,none,7077,Conservative
48,42614,0,5,yes,sell,child_education,none,14518,Conservative
60,90034,1,15,no,buy_more,retirement,none,31424,Moderate
55,67567,1,5,no,hold,retirement,experienced,6066,Conservative
26,31504,0,5,no,buy_more,short_term,experienced,8122,Aggressive
60,30787,3,7,yes,buy_more,child_education,some,9757,Conservative
47,61167,0,5,yes,hold,retirement,none,20873,Moderate
28,45262,3,15,no,hold,short_term,none,6310,Moderate
38,48441,2,5,yes,hold,wealth_creation,none,13821,Moderate
57,79430,0,20,no,buy_more,short_term,experienced,11781,Moderate
36,68979,2,15,yes,hold,retirement,some,16312,Aggressive
28,89182,2,5,no,buy_more,child_education,experienced,18183,Aggressive
56,20553,2,5,yes,hold,short_term,none,5389,Conservative
59,54941,1,10,no,buy_more,child_education,some,17790,Conservative
60,67010,0,10,no,sell,tax_saving,some,5617,Conservative
59,24662,0,3,yes,hold,child_education,none,2881,Conservative
55,36508,2,3,no,sell,tax_saving,some,8240,Conservative
39,33583,0,2,no,buy_more,tax_saving,some,5278,Moderate
28,49501,0,10,no,sell,retirement,none,10759,Moderate
45,101980,1,10,yes,hold,child_education,none,29047,Moderate
29,121803,0,3,yes,sell,wealth_creation,some,31650,Aggressive
39,33981,2,7,no,sell,tax_saving,experienced,9513,Moderate
47,62127,3,10,no,hold,short_term,experienced,6110,Conservative
58,63035,3,20,no,buy_more,short_term,none,3725,Conservative
32,58362,0,2,yes,sell,tax_saving,some,18180,Conservative
31,58661,1,3,no,buy_more,tax_saving,some,10879,Moderate
50,56200,3,5,no,buy_more,tax_saving,experienced,13527,Moderate
21,104757,1,7,no,buy_more,tax_saving,none,7530,Moderate
43,80507,2,2,no,hold,wealth_creation,experienced,21118,Moderate
50,30422,1,3,yes,hold,short_term,experienced,2448,Moderate
43,70127,0,10,no,hold,child_education,some,20070,Aggressive
36,73245,0,7,no,sell,tax_saving,none,4996,Conservative
54,56485,2,2,yes,hold,retirement,none,4234,Conservative
35,81563,0,5,yes,buy_more,wealth_creation,none,12478,Aggressive
49,53350,3,2,no,sell,child_education,experienced,6060,Conservative
39,53648,1,5,yes,sell,child_education,some,18526,Moderate
22,51769,0,5,yes,hold,wealth_creation,experienced,9597,Aggressive
42,19767,2,2,no,buy_more,child_education,some,3768,Moderate
22,47278,1,1,no,hold,wealth_creation,experienced,3023,Moderate
58,36289,0,15,no,buy_more,child_education,experienced,7164,Aggressive
45,28741,4,15,yes,hold,child_education,none,1988,Moderate
35,93461,2,1,yes,hold,tax_saving,none,22284,Moderate
40,61506,1,7,yes,buy_more,child_education,some,21186,Aggressive
45,48367,3,2,yes,hold,tax_saving,some,7200,Conservative
31,38018,1,15,no,hold,wealth_creation,none,11116,Aggressive
32,56009,1,15,yes,buy_more,child_education,some,19023,Aggressive
37,76584,0,7,yes,sell,retirement,none,26068,Moderate
31,33788,0,7,no,sell,retirement,some,9250,Conservative
51,48914,1,5,yes,buy_more,retirement,experienced,15211,Aggressive
25,72448,1,3,yes,hold,tax_saving,none,11261,Moderate
54,20512,2,5,yes,buy_more,short_term,none,4618,Moderate
34,47767,1,2,yes,buy_more,child_education,some,11887,Aggressive
43,40409,1,10,yes,hold,child_education,some,4655,Aggressive
27,46155,3,5,no,hold,child_education,none,6647,Conservative
36,39115,4,2,no,hold,short_term,some,6196,Conservative
51,52152,0,7,no,sell,child_education,some,3635,Conservative
31,116498,3,10,no,hold,wealth_creation,experienced,21781,Aggressive
26,42371,3,7,yes,buy_more,short_term,some,12075,Aggressive
41,55897,0,7,no,buy_more,retirement,none,13691,Moderate
27,120287,0,15,yes,buy_more,retirement,none,28573,Aggressive
33,38272,0,1,yes,buy_more,retirement,none,8870,Aggressive
39,110924,2,7,yes,sell,retirement,none,6295,Conservative
43,49138,1,5,yes,hold,child_education,none,2505,Aggressive
46,109300,1,3,yes,sell,wealth_creation,experienced,11010,Moderate
48,68705,2,20,yes,hold,child_education,experienced,22259,Moderate
54,56285,0,5,yes,buy_more,wealth_creation,none,17287,Aggressive
23,47594,1,5,yes,buy_more,short_term,experienced,10615,Aggressive
35,37018,3,2,yes,buy_more,wealth_creation,some,6130,Aggressive
21,50721,4,20,no,hold,child_education,some,17198,Moderate
21,73409,2,15,yes,hold,retirement,experienced,5123,Aggressive
29,48732,0,1,no,sell,short_term,none,3856,Conservative
44,42511,0,7,yes,hold,child_education,some,10045,Aggressive
56,43789,0,2,yes,hold,short_term,none,9382,Conservative
51,76620,1,10,no,buy_more,child_education,experienced,26387,Aggressive
46,85077,0,5,no,hold,wealth_creation,none,24737,Moderate
52,36307,3,2,yes,hold,wealth_creation,some,12034,Conservative
27,36284,2,7,yes,buy_more,retirement,none,9670,Aggressive
54,58145,1,15,no,sell,wealth_creation,none,19074,Conservative
56,97478,0,5,yes,hold,retirement,none,24958,Moderate
24,82100,1,1,yes,buy_more,short_term,some,17052,Aggressive
39,27907,1,20,yes,buy_more,child_education,none,6251,Aggressive
54,43528,2,2,no,sell,short_term,none,13944,Conservative
40,32248,0,5,yes,hold,child_education,none,2624,Aggressive
54,43461,3,7,no,hold,tax_saving,none,9544,Conservative
58,100910,0,3,no,sell,retirement,none,16920,Conservative
39,25843,0,2,no,sell,short_term,some,6431,Conservative
23,23659,4,2,yes,hold,wealth_creation,some,5468,Moderate
34,33764,0,1,no,hold,wealth_creation,experienced,5736,Moderate
29,55786,0,7,yes,hold,child_education,some,14325,Aggressive
39,64818,2,15,yes,sell,wealth_creation,none,13663,Moderate
44,59685,1,2,yes,sell,wealth_creation,experienced,6341,Moderate
39,83204,0,10,no,buy_more,retirement,none,20086,Aggressive
28,22172,0,5,no,sell,short_term,experienced,1286,Moderate
33,83679,0,1,no,sell,retirement,some,24843,Conservative
48,42597,1,7,yes,sell,tax_saving,none,13713,Conservative
22,68129,0,3,no,hold,wealth_creation,experienced,4999,Aggressive
29,27023,2,7,no,hold,short_term,some,3432,Moderate
56,49130,3,5,no,buy_more,child_education,experienced,4325,Conservative
24,54519,0,10,no,hold,retirement,some,15349,Aggressive
37,82461,0,15,yes,sell,short_term,some,5880,Aggressive
29,24019,0,3,no,sell,retirement,none,5100,Conservative
25,49703,0,20,no,buy_more,retirement,none,8273,Aggressive
37,30080,0,3,no,sell,wealth_creation,some,8279,Conservative
41,61541,2,1,yes,sell,wealth_creation,none,14876,Conservative
28,69546,0,3,yes,sell,child_education,some,14831,Moderate
24,87485,1,15,yes,buy_more,child_education,none,17588,Aggressive
26,38531,2,10,yes,hold,child_education,some,10885,Aggressive
47,74403,3,20,yes,hold,retirement,none,14372,Moderate
55,90436,0,10,no,sell,short_term,none,15911,Conservative
28,23401,0,5,yes,buy_more,tax_saving,some,1347,Aggressive
33,64573,4,15,yes,sell,retirement,some,8431,Moderate
34,75457,0,20,yes,hold,short_term,experienced,12145,Aggressive
35,43633,2,10,yes,buy_more,child_education,none,9757,Aggressive
30,28428,2,7,yes,sell,child_education,some,7162,Moderate
23,74931,1,15,no,hold,child_education,none,25387,Aggressive
42,28573,0,2,no,hold,retirement,some,3800,Conservative
35,45240,0,15,yes,hold,child_education,none,9650,Aggressive
34,48143,1,20,yes,hold,child_education,none,13326,Aggressive
31,67642,1,10,no,hold,short_term,some,9683,Moderate
58,36975,2,3,yes,hold,retirement,none,7933,Conservative
45,36023,2,2,no,hold,wealth_creation,none,6324,Conservative
37,51252,3,20,no,hold,retirement,experienced,8670,Aggressive
29,77101,4,15,no,sell,retirement,experienced,5304,Moderate
53,137221,2,10,yes,hold,child_education,some,7858,Moderate
56,24875,0,20,no,hold,child_education,none,3447,Moderate
22,56494,1,7,no,hold,child_education,none,18286,Moderate
58,30063,2,15,yes,hold,wealth_creation,none,3241,Aggressive
48,77533,1,2,yes,hold,tax_saving,some,5342,Conservative
24,32133,0,3,yes,buy_more,wealth_creation,experienced,7585,Aggressive
51,36185,1,7,yes,hold,wealth_creation,none,12214,Moderate
25,37602,0,5,no,hold,wealth_creation,some,2524,Aggressive
23,47368,0,5,yes,sell,child_education,none,12961,Moderate
25,56694,3,10,yes,buy_more,short_term,some,4680,Aggressive
39,60941,1,1,yes,hold,child_education,none,5521,Moderate
45,48893,1,10,no,buy_more,retirement,some,16175,Moderate
37,26944,1,2,no,buy_more,wealth_creation,some,7015,Moderate
25,68016,1,15,no,sell,tax_saving,none,14813,Moderate
28,47866,0,3,no,buy_more,short_term,experienced,4757,Aggressive
55,82683,1,10,yes,hold,child_education,experienced,18001,Aggressive
59,35650,0,7,no,hold,retirement,some,2448,Conservative
51,23836,2,5,yes,hold,retirement,none,4012,Moderate
25,48275,0,3,yes,hold,child_education,none,12615,Aggressive
53,87831,4,1,no,buy_more,tax_saving,none,19366,Conservative
48,52702,2,5,no,sell,tax_saving,some,13309,Conservative
42,44808,1,3,no,hold,child_education,none,3797,Conservative
26,33134,0,2,no,sell,short_term,experienced,9197,Conservative
60,108119,1,10,yes,sell,short_term,some,36423,Conservative
38,30843,2,3,yes,hold,retirement,some,9939,Moderate
22,35368,2,3,yes,buy_more,tax_saving,experienced,2701,Aggressive
29,63355,2,5,no,buy_more,wealth_creation,some,5041,Aggressive
37,21264,3,5,no,hold,tax_saving,none,4338,Conservative
23,86991,1,7,no,hold,tax_saving,experienced,18026,Aggressive
33,64918,2,10,yes,buy_more,retirement,some,19938,Aggressive
39,73471,1,7,yes,hold,wealth_creation,some,11804,Aggressive
58,63016,2,5,yes,hold,wealth_creation,none,12876,Conservative
24,45592,1,5,no,buy_more,tax_saving,some,5065,Aggressive
44,30381,2,3,no,buy_more,retirement,some,10146,Moderate
57,46026,0,10,yes,buy_more,child_education,some,3970,Aggressive
53,31607,0,3,no,hold,wealth_creation,none,10152,Conservative
57,61008,0,15,no,hold,wealth_creation,experienced,19352,Moderate
27,70477,4,7,yes,hold,short_term,some,4591,Aggressive
53,95278,1,7,yes,hold,short_term,experienced,26927,Aggressive
60,57947,1,7,yes,hold,wealth_creation,none,8764,Moderate
34,74314,1,20,no,sell,retirement,some,8725,Moderate
40,42885,1,5,yes,sell,retirement,experienced,7321,Moderate
42,39528,3,5,yes,hold,retirement,some,12932,Moderate
40,60666,4,15,yes,sell,retirement,none,10293,Conservative
32,41195,3,7,no,hold,tax_saving,some,5059,Moderate
59,55333,3,5,yes,sell,tax_saving,none,11474,Conservative
59,30408,0,3,no,sell,retirement,none,5257,Conservative
36,32967,0,3,yes,buy_more,short_term,none,1836,Aggressive
53,65246,1,10,no,hold,retirement,none,6908,Moderate
36,73058,2,3,no,buy_more,child_education,none,4030,Moderate
52,31459,0,1,yes,sell,tax_saving,some,6501,Conservative
44,66288,2,1,no,sell,tax_saving,some,16068,Conservative
39,38571,0,20,no,sell,wealth_creation,none,10240,Conservative
26,49386,0,7,yes,sell,tax_saving,some,5549,Aggressive
47,92746,0,5,no,sell,wealth_creation,some,27035,Conservative
33,70500,3,15,no,hold,child_education,experienced,12218,Aggressive
29,70132,2,5,no,sell,retirement,experienced,4541,Moderate
28,115723,1,10,no,buy_more,wealth_creation,experienced,37992,Aggressive
60,35712,3,10,no,hold,short_term,experienced,9214,Conservative
25,31456,3,5,yes,sell,tax_saving,some,6881,Moderate
52,35420,1,10,yes,buy_more,tax_saving,none,2198,Aggressive
55,43716,2,20,yes,hold,child_education,experienced,2369,Aggressive
22,16991,0,3,no,hold,wealth_creation,some,3728,Moderate
44,44652,1,1,yes,hold,retirement,none,14004,Conservative
44,38366,0,15,yes,hold,child_education,none,9370,Aggressive
35,69751,1,5,no,hold,retirement,some,3603,Moderate
47,57445,1,7,yes,buy_more,short_term,none,13867,Moderate
37,37409,0,3,yes,hold,retirement,experienced,5782,Aggressive
38,63926,1,15,no,hold,retirement,none,5536,Moderate
38,67878,2,10,no,buy_more,wealth_creation,none,19919,Aggressive
53,34688,2,20,no,hold,child_education,none,7733,Conservative
46,39266,0,5,yes,buy_more,retirement,some,10494,Aggressive
36,18008,0,20,no,buy_more,wealth_creation,some,1792,Aggressive
58,30007,1,7,no,hold,wealth_creation,some,2545,Conservative
53,35097,3,7,yes,hold,retirement,none,7172,Conservative
58,50684,3,10,yes,hold,retirement,experienced,10560,Aggressive
50,32034,0,5,yes,sell,child_education,none,7195,Conservative
36,38907,2,7,no,hold,short_term,none,10632,Conservative
51,28243,1,3,yes,sell,wealth_creation,none,7034,Conservative
34,52944,4,5,yes,hold,retirement,some,13388,Moderate
31,59371,0,10,yes,hold,retirement,some,6085,Aggressive
39,58751,1,1,no,buy_more,wealth_creation,some,10306,Moderate
59,49294,1,10,yes,sell,wealth_creation,none,11337,Moderate
43,24502,0,3,yes,hold,child_education,experienced,5037,Aggressive
36,37086,0,3,no,hold,retirement,none,5239,Conservative
39,40811,0,10,yes,hold,wealth_creation,none,13601,Aggressive
32,40884,1,3,no,sell,short_term,some,3763,Conservative
47,50703,2,20,yes,hold,wealth_creation,some,17360,Aggressive
35,93105,2,20,yes,hold,short_term,experienced,26499,Aggressive
43,70646,0,5,yes,hold,short_term,some,16167,Moderate
35,31433,3,5,yes,hold,retirement,none,2773,Moderate
33,66521,1,1,yes,sell,child_education,experienced,14579,Moderate
59,65390,4,10,no,hold,wealth_creation,some,4994,Conservative
34,34107,0,2,yes,buy_more,retirement,some,11240,Aggressive
23,71825,3,20,yes,sell,short_term,none,9745,Moderate
36,45607,3,20,no,sell,short_term,none,7746,Conservative
42,25991,3,2,no,buy_more,retirement,experienced,6264,Moderate
24,60164,3,10,yes,sell,wealth_creation,experienced,3346,Aggressive
33,54048,1,5,yes,hold,child_education,experienced,11489,Aggressive
27,44247,2,7,yes,hold,short_term,experienced,11701,Aggressive
41,48201,1,2,no,hold,tax_saving,some,5407,Conservative
49,35468,1,10,no,hold,tax_saving,some,3412,Conservative
59,64508,4,2,yes,hold,tax_saving,none,12662,Conservative
36,48071,0,15,yes,buy_more,short_term,some,10141,Aggressive
55,52833,1,5,yes,hold,retirement,some,9600,Moderate
29,57567,3,7,no,hold,wealth_creation,some,7983,Moderate
52,29156,0,20,yes,buy_more,tax_saving,none,5042,Aggressive
43,32779,0,10,yes,sell,short_term,none,4709,Moderate
51,18133,0,7,yes,buy_more,short_term,experienced,2264,Aggressive
51,63204,2,5,no,buy_more,tax_saving,experienced,12112,Aggressive
42,28410,3,5,no,buy_more,tax_saving,some,4792,Moderate
31,52034,0,5,yes,sell,wealth_creation,none,9398,Moderate
42,57927,2,20,no,hold,child_education,experienced,2900,Aggressive
54,64283,1,3,yes,buy_more,child_education,some,16572,Aggressive
59,28515,2,5,no,hold,child_education,some,1826,Conservative
58,47604,2,10,no,hold,child_education,experienced,5332,Moderate
28,103945,4,5,no,sell,child_education,some,30251,Conservative
44,106026,0,15,yes,sell,retirement,some,36604,Aggressive
25,76442,0,3,yes,buy_more,tax_saving,some,26559,Aggressive
47,57060,1,1,no,buy_more,tax_saving,some,12990,Conservative
60,31185,1,7,no,sell,wealth_creation,none,3986,Conservative
23,67736,1,7,yes,sell,child_education,none,20351,Aggressive
47,45656,0,20,no,hold,wealth_creation,some,11190,Moderate
58,63084,0,5,yes,sell,retirement,none,21818,Conservative
54,36872,4,2,yes,hold,wealth_creation,experienced,7917,Moderate
36,45350,0,5,no,hold,retirement,some,9426,Moderate
25,52778,1,5,yes,hold,wealth_creation,some,3332,Aggressive
57,54766,2,7,yes,buy_more,retirement,none,5932,Moderate
57,61216,0,3,yes,sell,retirement,some,15308,Conservative
44,37773,0,7,no,hold,wealth_creation,none,13149,Moderate
60,26782,1,15,yes,buy_more,tax_saving,some,5160,Aggressive
21,101839,1,5,yes,sell,tax_saving,none,5980,Moderate
45,150266,0,7,yes,sell,retirement,some,25524,Moderate
22,59954,2,3,yes,hold,child_education,experienced,5269,Aggressive
58,27016,0,10,yes,sell,retirement,some,9129,Moderate
48,34615,0,3,yes,hold,short_term,some,3198,Moderate
57,61642,0,7,yes,buy_more,child_education,some,5261,Aggressive
43,89635,0,3,no,sell,child_education,some,16791,Conservative
24,28401,1,1,yes,hold,tax_saving,none,6037,Moderate
22,46353,4,3,yes,sell,wealth_creation,none,12292,Moderate
34,53539,0,3,no,hold,child_education,none,8587,Conservative
50,72334,1,15,yes,hold,tax_saving,none,23081,Moderate
27,41998,1,3,yes,buy_more,short_term,some,9641,Moderate
55,24252,2,20,no,sell,wealth_creation,experienced,1556,Conservative
30,64830,2,5,no,buy_more,child_education,some,3905,Moderate
40,81320,0,3,no,buy_more,child_education,none,15502,Moderate
29,47232,2,5,yes,buy_more,short_term,experienced,8588,Aggressive
39,58827,0,3,no,hold,child_education,some,10924,Moderate
39,39595,2,15,yes,sell,wealth_creation,none,2659,Moderate
21,33503,0,2,yes,hold,retirement,none,2210,Moderate
43,77799,2,15,no,hold,short_term,experienced,5308,Moderate
52,58359,2,1,yes,sell,short_term,some,15767,Conservative
58,61124,2,3,no,hold,wealth_creation,some,14085,Conservative
34,96370,0,2,yes,hold,wealth_creation,some,8763,Moderate
56,30495,2,10,yes,hold,tax_saving,some,5467,Moderate
56,38238,2,7,no,buy_more,retirement,none,12728,Conservative
60,52631,1,20,yes,hold,short_term,some,3723,Moderate
35,38027,0,5,no,hold,child_education,none,4059,Moderate
55,69731,0,1,yes,hold,retirement,none,11637,Conservative
43,45056,0,10,yes,hold,child_education,some,5441,Aggressive
23,31362,2,7,no,hold,retirement,none,3059,Moderate
31,50493,1,15,yes,sell,tax_saving,experienced,17268,Aggressive
47,52926,2,5,no,hold,child_education,none,14815,Conservative
27,74653,2,10,yes,hold,retirement,none,20063,Aggressive
38,58507,2,2,yes,hold,retirement,some,19289,Conservative
51,60325,2,20,yes,sell,child_education,some,6401,Moderate
26,56620,2,2,no,sell,retirement,none,17943,Conservative
40,45039,1,15,yes,hold,wealth_creation,experienced,15529,Aggressive
29,35514,0,3,yes,sell,wealth_creation,some,8022,Moderate
42,55825,3,10,no,buy_more,retirement,none,17918,Aggressive
30,42196,4,15,yes,hold,retirement,none,12440,Moderate
59,104864,1,15,no,sell,child_education,experienced,15243,Conservative
24,89678,4,5,yes,buy_more,tax_saving,some,13425,Aggressive
59,65171,4,5,yes,hold,wealth_creation,none,16471,Moderate
52,58122,1,15,yes,sell,short_term,none,12533,Conservative
55,47118,2,7,yes,buy_more,wealth_creation,some,7797,Aggressive
55,27791,2,7,no,buy_more,wealth_creation,none,1781,Conservative
28,44476,0,3,yes,hold,child_education,none,2529,Aggressive
58,51309,0,5,yes,sell,short_term,some,4073,Conservative
44,54353,1,5,no,buy_more,tax_saving,experienced,9307,Moderate
59,60554,2,10,no,sell,tax_saving,none,3525,Conservative
56,74205,0,3,yes,hold,child_education,none,7008,Moderate
44,35901,2,5,yes,buy_more,tax_saving,none,12221,Aggressive
35,36048,2,15,yes,buy_more,wealth_creation,experienced,6675,Aggressive
25,94172,2,7,no,hold,wealth_creation,some,31074,Moderate
25,69351,0,15,no,sell,retirement,none,7419,Moderate
36,41116,1,3,no,hold,child_education,some,6478,Conservative
53,46711,0,5,yes,buy_more,short_term,some,11741,Aggressive
41,46806,0,7,yes,hold,wealth_creation,none,16239,Aggressive
40,49722,0,5,yes,buy_more,wealth_creation,experienced,12925,Aggressive
30,60639,0,10,yes,sell,child_education,none,19444,Moderate
43,153391,0,2,yes,buy_more,wealth_creation,some,9929,Aggressive
46,53390,1,7,yes,sell,short_term,some,7535,Conservative
60,66050,1,2,yes,hold,child_education,some,20795,Conservative
50,22950,0,7,yes,buy_more,child_education,none,4749,Aggressive
45,39410,3,15,yes,hold,wealth_creation,some,3978,Aggressive
57,85217,1,1,yes,hold,short_term,some,8601,Conservative
37,58749,4,5,no,hold,wealth_creation,experienced,16308,Moderate
58,15000,2,5,no,buy_more,child_education,none,1460,Conservative
35,66390,0,10,yes,sell,retirement,none,13231,Aggressive
26,116212,3,1,no,sell,tax_saving,experienced,12131,Conservative
37,19967,3,5,yes,hold,tax_saving,some,2245,Aggressive
26,97122,2,10,yes,buy_more,child_education,some,16431,Aggressive
25,15000,1,7,no,buy_more,retirement,some,1281,Aggressive
56,74764,1,10,yes,hold,retirement,none,18526,Aggressive
52,48830,1,5,no,hold,child_education,experienced,4875,Moderate
29,17026,2,20,yes,hold,wealth_creation,some,4692,Aggressive
54,59919,1,1,yes,hold,wealth_creation,experienced,12366,Moderate
23,82279,0,2,yes,sell,retirement,some,12666,Conservative
32,57742,0,7,yes,sell,child_education,experienced,13527,Aggressive
49,63778,0,5,yes,sell,tax_saving,none,10988,Moderate
33,40731,0,7,yes,sell,short_term,none,3044,Moderate
50,21213,1,3,yes,sell,child_education,none,3027,Conservative
55,66925,3,3,yes,buy_more,child_education,experienced,13880,Conservative
23,107730,0,10,yes,sell,wealth_creation,some,8755,Aggressive
21,81496,0,3,yes,buy_more,retirement,some,21979,Aggressive
58,20039,0,10,yes,buy_more,short_term,none,3144,Aggressive
41,24792,1,7,yes,hold,short_term,some,2762,Moderate
41,33500,2,2,no,hold,retirement,some,1755,Conservative
39,23936,1,10,no,hold,child_education,some,1806,Moderate
38,50005,4,15,yes,sell,wealth_creation,some,6059,Aggressive
48,58514,4,15,yes,hold,wealth_creation,none,9367,Conservative
44,25755,3,1,no,hold,tax_saving,some,2472,Conservative
27,69543,3,7,no,hold,child_education,none,14847,Moderate
46,64247,1,15,no,buy_more,retirement,none,6959,Moderate
47,38304,1,7,no,hold,wealth_creation,none,12885,Moderate
25,45359,1,3,no,hold,tax_saving,experienced,9953,Aggressive
36,20385,2,3,yes,sell,child_education,none,5890,Conservative
52,42212,0,10,yes,buy_more,wealth_creation,none,7452,Aggressive
45,49183,0,10,no,buy_more,wealth_creation,some,5482,Aggressive
26,52888,0,15,yes,hold,child_education,some,9777,Aggressive
22,58133,2,15,no,buy_more,short_term,experienced,10097,Aggressive
44,54715,2,5,no,hold,retirement,some,12972,Moderate
39,43523,0,7,yes,sell,retirement,some,14066,Moderate
59,55758,1,2,yes,buy_more,tax_saving,none,6756,Conservative
41,76950,1,2,no,hold,wealth_creation,none,6076,Conservative
58,46958,2,1,no,hold,retirement,none,12424,Conservative
29,56552,0,20,no,hold,wealth_creation,some,2834,Aggressive
38,45081,0,2,no,hold,child_education,none,13000,Conservative
26,36642,2,5,no,sell,short_term,experienced,9833,Conservative
43,62025,1,5,yes,hold,tax_saving,experienced,18467,Aggressive
28,38183,3,5,yes,sell,retirement,some,2947,Moderate
40,58323,1,7,yes,sell,wealth_creation,some,6480,Aggressive
34,49648,4,1,yes,sell,child_education,some,10698,Conservative
28,42754,0,5,no,hold,short_term,none,6335,Moderate
24,42291,1,5,yes,buy_more,wealth_creation,experienced,12845,Aggressive
41,39001,4,10,no,sell,short_term,none,7312,Conservative
58,23374,0,10,yes,hold,retirement,some,4180,Aggressive
28,58238,2,15,no,buy_more,wealth_creation,none,6139,Aggressive
37,54404,0,5,yes,buy_more,retirement,some,11893,Aggressive
29,71851,1,2,yes,hold,child_education,none,11049,Aggressive
53,38593,0,5,yes,buy_more,short_term,none,7145,Moderate
37,115027,1,20,yes,hold,wealth_creation,some,15113,Aggressive
59,41320,2,3,yes,hold,wealth_creation,none,9613,Conservative
30,33064,0,2,no,hold,child_education,none,9966,Conservative
24,31345,0,20,yes,hold,retirement,experienced,1760,Aggressive
44,22465,0,20,no,hold,retirement,none,2679,Aggressive
47,97702,0,2,no,buy_more,child_education,some,24738,Conservative
60,90851,1,10,yes,hold,child_education,none,23802,Moderate
55,64237,4,5,yes,buy_more,retirement,some,8882,Conservative
56,32753,0,5,yes,hold,retirement,experienced,4449,Moderate
46,110754,1,5,yes,hold,short_term,some,30351,Moderate
35,41844,1,20,yes,sell,retirement,experienced,9101,Aggressive
38,43431,0,3,no,hold,tax_saving,some,7239,Moderate
26,93598,0,10,no,hold,short_term,some,6236,Aggressive
38,65940,2,1,yes,sell,tax_saving,none,16215,Conservative
35,131991,2,7,no,buy_more,wealth_creation,experienced,18199,Aggressive
22,54826,3,7,no,sell,child_education,experienced,12233,Conservative
29,41000,1,10,yes,sell,child_education,none,10935,Moderate
42,37223,2,20,no,hold,short_term,none,7034,Moderate
35,21350,3,10,no,sell,wealth_creation,none,2689,Conservative
60,43244,3,10,no,hold,child_education,none,4940,Conservative
40,82048,4,3,no,sell,wealth_creation,none,21453,Conservative
59,64181,0,20,yes,sell,retirement,experienced,20375,Moderate
47,49470,4,5,yes,hold,retirement,experienced,17017,Conservative
22,31328,3,5,no,hold,wealth_creation,some,9115,Moderate
29,54289,2,7,yes,hold,retirement,none,12530,Aggressive
49,77324,2,5,yes,sell,short_term,some,23916,Conservative
42,59505,4,7,yes,hold,retirement,experienced,9931,Aggressive
33,52840,1,5,yes,hold,wealth_creation,some,16626,Aggressive
41,34247,2,3,yes,sell,child_education,experienced,6132,Moderate
57,72419,2,20,no,hold,retirement,some,16555,Conservative
36,15000,2,20,yes,hold,tax_saving,some,1514,Aggressive
22,58237,2,5,yes,buy_more,child_education,none,11598,Aggressive
33,155849,0,20,yes,buy_more,retirement,experienced,23758,Aggressive
58,24865,0,5,no,hold,wealth_creation,some,3977,Moderate
51,43975,1,5,no,sell,retirement,some,10090,Conservative
54,48846,2,15,no,buy_more,short_term,some,15365,Moderate
57,39808,2,7,no,hold,wealth_creation,none,11854,Conservative
25,78148,3,10,yes,buy_more,child_education,none,12088,Aggressive
32,60633,2,5,no,hold,short_term,experienced,16380,Moderate
23,52498,1,5,yes,sell,tax_saving,some,11249,Aggressive
21,70176,0,2,no,buy_more,child_education,none,10841,Moderate
54,49391,2,20,no,buy_more,retirement,some,15924,Moderate
58,205035,3,3,yes,sell,short_term,none,20170,Conservative
27,52475,2,5,yes,hold,short_term,some,15298,Aggressive
49,53523,3,2,no,hold,short_term,some,6083,Conservative
42,22703,4,7,yes,hold,tax_saving,some,7213,Moderate
23,38385,1,5,no,buy_more,retirement,experienced,10225,Aggressive
57,82151,2,10,yes,sell,child_education,none,15566,Moderate
55,26877,1,7,no,sell,tax_saving,experienced,1967,Conservative
43,18566,1,2,no,sell,short_term,some,1931,Conservative
49,49738,0,1,yes,buy_more,child_education,experienced,4948,Moderate
36,90838,0,3,yes,sell,tax_saving,experienced,25295,Moderate
52,49964,0,10,no,hold,child_education,none,11821,Moderate
38,42139,2,15,yes,buy_more,retirement,some,4858,Aggressive
60,21240,0,5,yes,buy_more,retirement,none,3404,Moderate
23,60084,1,7,no,sell,wealth_creation,some,8579,Moderate
27,66010,1,3,yes,sell,retirement,none,16221,Moderate
59,21987,1,15,no,buy_more,tax_saving,none,3278,Conservative
32,81677,3,20,yes,hold,wealth_creation,experienced,22917,Aggressive
33,69186,1,10,yes,sell,short_term,experienced,17883,Aggressive
52,81596,0,2,yes,sell,child_education,some,10018,Conservative
28,63741,4,5,no,buy_more,short_term,some,9379,Moderate
41,65785,3,20,yes,buy_more,wealth_creation,experienced,14133,Aggressive
32,61964,2,3,yes,hold,child_education,experienced,19974,Aggressive
28,72461,2,10,yes,hold,short_term,none,6046,Aggressive
59,21623,0,20,no,hold,child_education,none,3407,Moderate
28,24947,2,10,no,sell,retirement,experienced,5731,Aggressive
24,35199,0,7,yes,buy_more,short_term,none,5187,Aggressive
47,46239,1,7,yes,sell,retirement,some,6328,Conservative
55,58376,0,20,yes,sell,retirement,some,10483,Moderate
26,56732,2,5,no,hold,retirement,some,6114,Moderate
49,81039,0,15,no,sell,short_term,none,18722,Conservative
42,82192,0,5,no,hold,retirement,some,25766,Moderate
54,33104,0,10,no,hold,wealth_creation,some,10700,Moderate
26,54576,2,15,yes,hold,tax_saving,experienced,10447,Aggressive
60,33472,0,7,no,hold,wealth_creation,some,4620,Conservative
45,45039,1,3,no,sell,wealth_creation,experienced,7418,Conservative
54,56658,0,1,yes,hold,child_education,none,6714,Conservative
35,15000,2,10,no,hold,child_education,none,3443,Moderate
58,145082,0,7,yes,hold,child_education,experienced,13117,Moderate
46,63252,4,3,no,sell,short_term,none,9200,Conservative
26,37493,0,15,no,buy_more,wealth_creation,none,3793,Aggressive
57,116694,0,20,no,sell,retirement,none,13020,Conservative
52,41925,0,15,yes,sell,wealth_creation,some,10541,Aggressive
33,52033,0,7,no,sell,child_education,some,18098,Moderate
42,39371,1,20,yes,hold,retirement,experienced,9946,Aggressive
36,103093,0,15,yes,sell,retirement,none,12704,Aggressive
42,46758,3,2,no,sell,short_term,none,8056,Conservative
59,52431,1,20,yes,hold,tax_saving,none,12498,Moderate
56,84263,0,7,no,hold,wealth_creation,experienced,26139,Moderate
29,63787,1,20,yes,sell,child_education,some,16857,Aggressive
59,47836,0,10,no,hold,tax_saving,none,4478,Conservative
38,80795,0,7,no,hold,child_education,none,18677,Moderate
49,153632,0,5,yes,sell,wealth_creation,none,16769,Conservative
51,56547,0,1,no,sell,wealth_creation,some,9177,Conservative
40,51665,0,3,yes,hold,retirement,some,17537,Aggressive
39,52932,4,10,no,buy_more,wealth_creation,some,16812,Aggressive
39,88405,2,15,no,buy_more,retirement,some,11230,Aggressive
55,37434,4,1,no,hold,retirement,none,10053,Conservative
36,43250,0,3,no,buy_more,wealth_creation,some,6438,Moderate
32,24542,3,10,no,hold,wealth_creation,some,1284,Moderate
35,28774,1,3,no,hold,retirement,none,8777,Conservative
28,38831,0,2,no,buy_more,retirement,some,11523,Moderate
36,47802,3,2,yes,hold,wealth_creation,experienced,6608,Moderate
25,108671,0,7,yes,hold,retirement,some,30604,Aggressive
24,62392,1,7,no,hold,retirement,some,3708,Aggressive
49,32518,3,15,yes,buy_more,child_education,some,6891,Aggressive
24,35327,2,3,yes,sell,wealth_creation,none,12169,Conservative
43,91002,1,2,no,hold,child_education,none,26076,Conservative
52,81387,1,10,yes,hold,retirement,some,18122,Aggressive
49,49645,0,20,yes,buy_more,wealth_creation,none,7930,Aggressive
38,40169,4,5,yes,sell,retirement,some,10869,Conservative
28,81325,0,15,yes,sell,wealth_creation,some,27863,Aggressive
58,31351,0,10,yes,hold,child_education,none,3374,Moderate
54,58478,0,15,yes,sell,child_education,experienced,3792,Moderate
45,136311,3,5,no,hold,tax_saving,experienced,22243,Moderate
24,53766,2,2,yes,hold,wealth_creation,none,11025,Moderate
22,34578,1,2,no,buy_more,short_term,some,4272,Moderate
33,58963,4,10,no,hold,tax_saving,none,13854,Moderate
27,39675,0,15,yes,hold,wealth_creation,experienced,5624,Aggressive
55,26177,3,5,no,buy_more,wealth_creation,some,9019,Conservative
29,67202,0,1,yes,sell,wealth_creation,some,8709,Moderate
32,81066,1,1,no,hold,wealth_creation,experienced,23581,Conservative
60,42620,0,7,no,hold,tax_saving,some,14464,Conservative
53,41367,4,15,no,sell,retirement,experienced,8267,Conservative
29,31802,3,5,yes,sell,tax_saving,none,3491,Aggressive
36,45822,1,7,yes,hold,wealth_creation,none,14530,Aggressive
41,38060,0,7,yes,hold,wealth_creation,some,6496,Aggressive
47,31102,0,15,no,hold,wealth_creation,experienced,6632,Aggressive
58,114860,1,15,yes,sell,tax_saving,none,7432,Conservative
55,60471,0,3,yes,sell,wealth_creation,some,9338,Conservative
60,63422,0,10,yes,buy_more,retirement,experienced,13749,Aggressive
22,72950,2,15,yes,sell,wealth_creation,none,18813,Aggressive
30,69353,2,20,yes,buy_more,retirement,some,23257,Aggressive
43,40704,3,7,yes,hold,wealth_creation,none,9160,Moderate
22,55417,1,2,no,hold,tax_saving,none,7282,Conservative
35,43431,0,7,yes,hold,wealth_creation,none,9431,Aggressive
27,59713,1,10,yes,buy_more,wealth_creation,experienced,4256,Aggressive
58,57168,0,3,yes,buy_more,wealth_creation,none,5398,Moderate
23,41266,2,20,yes,hold,wealth_creation,none,6419,Aggressive
26,26952,2,3,no,hold,retirement,some,1527,Moderate
28,52355,0,15,yes,hold,child_education,none,3800,Aggressive
26,44715,0,5,yes,sell,tax_saving,some,2334,Aggressive
43,20938,3,1,yes,buy_more,tax_saving,some,2188,Moderate
35,61601,1,7,yes,sell,retirement,experienced,18336,Aggressive
57,75690,1,7,no,hold,child_education,experienced,11763,Conservative
31,152933,2,15,no,hold,tax_saving,none,49051,Moderate
42,41108,1,7,yes,buy_more,wealth_creation,some,12968,Aggressive
47,38467,0,2,yes,hold,short_term,some,11887,Conservative
46,29755,3,20,yes,hold,wealth_creation,none,3378,Moderate
52,53846,4,7,no,sell,child_education,some,8223,Conservative
29,53693,0,3,yes,sell,retirement,experienced,10228,Moderate
41,34027,0,15,no,sell,child_education,some,6107,Conservative
53,45309,2,2,yes,buy_more,child_education,some,3351,Moderate
55,20122,2,2,no,sell,wealth_creation,none,2448,Conservative
45,74374,1,7,yes,buy_more,child_education,some,17557,Aggressive
47,34654,1,7,yes,sell,retirement,some,8766,Conservative
55,48262,2,7,yes,buy_more,tax_saving,some,7692,Aggressive
45,25796,1,20,yes,hold,wealth_creation,experienced,3588,Aggressive
58,37719,0,3,no,buy_more,wealth_creation,experienced,8517,Moderate
26,43225,0,20,yes,hold,wealth_creation,experienced,10764,Aggressive
34,48772,1,1,yes,buy_more,tax_saving,some,12841,Moderate
25,60832,4,2,no,hold,tax_saving,some,17841,Conservative
24,93674,1,3,yes,sell,wealth_creation,none,21091,Moderate
39,68167,1,1,yes,buy_more,wealth_creation,experienced,11156,Aggressive
30,75582,3,5,yes,hold,retirement,some,11667,Aggressive
37,93971,1,15,yes,sell,tax_saving,none,5666,Moderate
38,63346,1,15,no,hold,retirement,none,11079,Moderate
45,48217,0,10,yes,hold,wealth_creation,experienced,14977,Aggressive
58,77195,2,1,no,buy_more,child_education,none,18395,Conservative
54,79447,2,15,yes,buy_more,child_education,some,18107,Aggressive
36,65634,2,5,yes,hold,tax_saving,some,7688,Moderate
34,25474,0,10,no,hold,retirement,none,5829,Moderate
51,33568,1,10,no,sell,tax_saving,experienced,3495,Moderate
25,43317,0,2,no,hold,wealth_creation,experienced,6597,Moderate
42,69621,4,7,yes,buy_more,retirement,none,15688,Aggressive
37,48552,0,20,yes,sell,child_education,none,3088,Aggressive
28,81763,2,3,no,hold,wealth_creation,some,11726,Moderate
45,88597,2,10,no,sell,wealth_creation,none,6782,Conservative
33,84088,0,20,yes,sell,tax_saving,none,8340,Moderate
28,84330,1,5,yes,sell,child_education,experienced,13125,Aggressive
47,30741,0,5,no,sell,short_term,none,7926,Conservative
27,60912,1,5,yes,hold,retirement,some,7932,Aggressive
47,37294,4,10,no,buy_more,short_term,none,2089,Conservative
27,23339,1,5,no,sell,child_education,none,3960,Conservative
38,43072,4,5,yes,buy_more,short_term,none,5009,Moderate
53,88976,0,3,yes,hold,retirement,none,25223,Moderate
30,60314,1,20,yes,sell,tax_saving,some,17888,Moderate
51,121541,3,15,no,sell,child_education,experienced,30542,Conservative
49,53090,3,7,no,sell,retirement,some,12417,Conservative
57,147489,0,20,yes,buy_more,tax_saving,experienced,39702,Aggressive
27,53097,2,10,yes,hold,short_term,none,8644,Aggressive
49,49519,3,20,yes,hold,tax_saving,some,12149,Aggressive
58,27564,2,2,no,sell,retirement,experienced,4849,Conservative
51,80801,2,3,yes,sell,wealth_creation,some,14459,Conservative
28,39106,0,15,no,hold,tax_saving,experienced,11208,Aggressive
53,36637,0,5,yes,sell,retirement,some,10526,Moderate
25,87251,2,5,yes,hold,wealth_creation,experienced,14844,Aggressive
44,82553,1,10,yes,hold,wealth_creation,none,27337,Aggressive
40,81586,0,7,no,hold,retirement,none,17333,Moderate
42,41648,0,5,no,sell,tax_saving,none,8169,Conservative
41,47909,1,5,yes,hold,child_education,experienced,9604,Aggressive
22,47718,1,5,yes,hold,wealth_creation,none,13542,Aggressive
41,69712,1,2,no,buy_more,wealth_creation,none,23720,Conservative
58,98627,1,3,no,hold,wealth_creation,experienced,25348,Conservative
38,57853,0,7,yes,hold,tax_saving,some,8816,Aggressive
32,119217,3,10,no,sell,wealth_creation,none,24444,Conservative
60,73404,2,5,no,hold,child_education,none,10435,Conservative
24,44105,0,5,yes,hold,tax_saving,some,10854,Aggressive
40,71176,1,7,yes,hold,wealth_creation,experienced,24894,Aggressive
41,105627,1,2,yes,hold,wealth_creation,some,32689,Moderate
40,120478,2,5,yes,buy_more,tax_saving,none,23110,Aggressive
57,83625,2,3,no,buy_more,wealth_creation,some,12765,Conservative
37,49590,2,7,yes,hold,wealth_creation,some,9214,Aggressive
59,44466,2,2,yes,sell,wealth_creation,experienced,6441,Conservative
23,63527,0,5,yes,buy_more,tax_saving,some,22075,Aggressive
50,104118,0,7,no,hold,tax_saving,experienced,11512,Conservative
44,59587,0,15,yes,buy_more,child_education,some,17454,Aggressive
30,60146,1,10,yes,hold,wealth_creation,none,10483,Aggressive
30,50167,1,20,yes,buy_more,child_education,some,12316,Aggressive
49,42296,2,10,no,sell,tax_saving,some,13824,Conservative
46,45571,0,5,yes,hold,short_term,none,10373,Conservative
45,52101,2,3,yes,hold,tax_saving,some,12246,Moderate
23,106206,0,1,no,sell,child_education,none,6457,Conservative
44,44008,1,3,yes,sell,short_term,some,3901,Conservative
60,50195,2,2,no,sell,retirement,some,10649,Conservative
21,33209,0,5,yes,sell,wealth_creation,none,5353,Aggressive
39,67675,0,10,no,buy_more,child_education,some,15750,Aggressive
40,90672,1,10,yes,buy_more,wealth_creation,some,14985,Aggressive
56,101826,2,3,yes,buy_more,child_education,some,10435,Moderate
32,53718,0,7,yes,buy_more,child_education,experienced,15525,Aggressive
40,63478,4,3,no,buy_more,wealth_creation,experienced,19268,Moderate
49,45747,4,7,no,buy_more,child_education,none,15572,Conservative
23,62168,3,7,yes,sell,wealth_creation,some,6851,Moderate
53,56459,0,3,yes,sell,retirement,some,8098,Conservative
53,50323,2,3,yes,buy_more,short_term,experienced,6755,Moderate
49,52155,0,20,yes,hold,child_education,none,17160,Aggressive
46,60075,3,7,yes,hold,wealth_creation,some,13770,Moderate
50,42943,1,7,no,hold,retirement,none,14030,Conservative
52,43953,0,1,yes,hold,tax_saving,experienced,13937,Moderate
57,105695,0,3,no,sell,short_term,experienced,13062,Conservative
38,166000,3,5,yes,hold,short_term,none,29605,Moderate
39,28510,3,20,no,hold,wealth_creation,some,4963,Moderate
46,27812,1,2,yes,hold,wealth_creation,none,5453,Moderate
28,31865,1,3,yes,hold,tax_saving,none,11130,Moderate
55,46794,2,20,no,hold,retirement,none,4779,Conservative
51,73357,3,5,yes,hold,child_education,experienced,20666,Moderate
46,63963,2,3,no,hold,retirement,none,7566,Conservative
33,52966,1,7,no,hold,wealth_creation,some,14397,Moderate
34,62194,2,5,no,buy_more,child_education,experienced,6891,Aggressive
38,35902,3,20,no,hold,tax_saving,none,7472,Moderate
47,43920,0,2,yes,buy_more,short_term,some,10994,Moderate
52,48579,1,10,yes,buy_more,retirement,experienced,8723,Aggressive
47,24031,0,3,no,buy_more,wealth_creation,experienced,8166,Moderate
58,29068,1,10,yes,buy_more,short_term,none,7606,Moderate
59,29593,2,15,yes,hold,child_education,none,2876,Moderate
49,69137,0,15,yes,hold,tax_saving,some,11175,Aggressive
35,54743,1,15,no,hold,retirement,none,7893,Moderate
44,64535,0,10,yes,sell,retirement,some,8947,Aggressive
38,21421,3,2,yes,sell,child_education,none,2431,Conservative
46,25144,3,1,no,sell,tax_saving,experienced,2658,Conservative
53,66068,1,5,no,hold,retirement,none,20550,Conservative
35,15000,2,5,yes,sell,wealth_creation,some,5202,Conservative
41,85057,0,3,yes,hold,retirement,some,8336,Aggressive
22,21579,3,10,no,sell,retirement,none,6201,Conservative
50,71646,2,10,yes,sell,child_education,some,8473,Conservative
40,32864,0,20,no,hold,tax_saving,experienced,6786,Aggressive
39,78590,4,5,no,buy_more,retirement,some,8577,Moderate
42,207663,0,10,yes,hold,child_education,none,27273,Aggressive
29,17624,2,10,yes,buy_more,child_education,experienced,3052,Aggressive
44,67031,0,20,yes,sell,child_education,none,17529,Aggressive
50,21727,2,10,yes,hold,short_term,none,4176,Moderate
34,59399,0,3,no,sell,child_education,none,17404,Conservative
26,44665,0,1,yes,hold,retirement,some,3527,Moderate
36,51968,1,20,no,sell,child_education,none,11513,Conservative
28,32524,4,10,no,sell,wealth_creation,none,2667,Conservative
35,69650,0,15,yes,hold,retirement,some,5943,Aggressive
46,25546,2,10,yes,hold,retirement,none,3644,Aggressive
25,85711,1,10,yes,sell,retirement,some,6984,Aggressive
50,40775,3,10,yes,buy_more,short_term,some,11524,Aggressive
29,26076,0,20,no,hold,child_education,some,5273,Aggressive
56,100480,1,15,yes,hold,retirement,none,24453,Moderate
50,47557,4,5,yes,hold,child_education,experienced,3180,Moderate
31,115663,0,1,yes,sell,short_term,none,13583,Conservative
43,84932,1,1,yes,buy_more,retirement,none,17579,Moderate
25,34229,3,5,no,hold,short_term,none,2553,Conservative
24,47181,0,15,no,sell,retirement,experienced,4632,Aggressive
59,51764,1,15,no,sell,wealth_creation,some,2928,Conservative
53,97424,0,5,no,sell,tax_saving,none,31511,Conservative
27,59687,3,3,no,hold,child_education,none,10706,Conservative
32,53068,4,7,yes,hold,retirement,some,3370,Aggressive
28,44804,2,15,no,buy_more,wealth_creation,none,8429,Aggressive
36,47918,2,7,yes,sell,tax_saving,some,15154,Moderate
32,88173,1,2,yes,hold,short_term,none,9433,Conservative
34,49102,0,5,no,sell,child_education,none,5958,Conservative
42,41037,0,7,no,hold,wealth_creation,some,14144,Moderate
28,38023,0,7,no,hold,child_education,some,11641,Aggressive
56,38208,0,15,yes,buy_more,tax_saving,none,8197,Aggressive
50,26083,2,20,no,hold,retirement,none,2759,Moderate
51,34972,0,2,yes,sell,tax_saving,experienced,4051,Conservative
27,96210,0,3,yes,buy_more,wealth_creation,experienced,29674,Aggressive
49,44668,1,5,no,buy_more,short_term,some,11285,Moderate
54,67304,0,3,yes,sell,wealth_creation,experienced,10451,Moderate
28,16067,0,5,no,buy_more,wealth_creation,none,928,Aggressive
51,63306,0,1,no,hold,child_education,none,5748,Conservative
35,45587,0,1,no,buy_more,child_education,none,12252,Conservative
52,39472,1,15,yes,hold,wealth_creation,none,9655,Aggressive
40,53179,2,2,yes,sell,short_term,experienced,8382,Conservative
53,39217,3,15,no,buy_more,child_education,none,8925,Moderate
26,18849,2,3,no,hold,retirement,some,5212,Conservative
36,74236,2,3,yes,buy_more,tax_saving,none,18050,Aggressive
31,54685,3,2,yes,sell,wealth_creation,experienced,6663,Conservative
30,42562,1,1,yes,hold,child_education,experienced,14277,Moderate
33,31736,2,5,no,hold,retirement,some,1811,Moderate
36,25300,1,15,yes,hold,short_term,none,5487,Aggressive
26,54217,0,15,no,hold,retirement,experienced,6343,Aggressive
49,101320,0,1,yes,hold,wealth_creation,experienced,26571,Moderate
43,53713,0,1,yes,hold,child_education,some,11738,Moderate
54,26311,2,2,no,hold,retirement,some,2860,Conservative
49,54246,0,10,no,hold,child_education,none,10945,Moderate
26,47858,2,3,yes,hold,retirement,some,9855,Aggressive
23,72317,3,3,yes,hold,tax_saving,experienced,12734,Aggressive
37,64410,1,15,no,buy_more,short_term,none,4035,Moderate
40,15000,0,15,yes,hold,retirement,none,1680,Aggressive
30,62652,1,10,yes,hold,tax_saving,none,21342,Aggressive
52,31208,0,2,no,sell,tax_saving,experienced,3325,Conservative
44,25854,4,5,yes,sell,tax_saving,some,4850,Moderate
50,45034,2,3,no,hold,short_term,experienced,6224,Conservative
25,58979,2,10,yes,hold,wealth_creation,some,16340,Aggressive
53,23427,1,10,no,buy_more,wealth_creation,none,5234,Moderate
29,67309,2,2,no,buy_more,retirement,some,17811,Moderate
38,69113,2,15,no,hold,child_education,none,16662,Conservative
38,50068,0,5,no,hold,wealth_creation,some,10069,Moderate
53,33175,0,10,no,hold,wealth_creation,some,11219,Moderate
32,31548,0,1,yes,hold,retirement,some,8232,Moderate
30,77782,1,5,yes,hold,short_term,none,19962,Moderate
34,24833,3,1,yes,hold,tax_saving,some,6385,Conservative
35,79143,2,10,no,hold,retirement,experienced,15040,Aggressive
28,45508,1,1,yes,buy_more,child_education,none,11049,Aggressive
28,46951,4,5,yes,hold,child_education,experienced,10862,Aggressive
30,22728,0,10,yes,sell,child_education,some,7193,Moderate
39,45888,0,10,no,hold,tax_saving,some,15769,Aggressive
34,64609,3,7,yes,buy_more,wealth_creation,none,12593,Aggressive
36,26865,3,10,yes,sell,retirement,none,6185,Moderate
49,61352,2,7,no,buy_more,wealth_creation,some,8410,Moderate
30,51024,0,7,no,buy_more,tax_saving,experienced,15492,Aggressive
57,36691,4,5,no,hold,retirement,some,9657,Conservative
51,72013,2,1,yes,hold,wealth_creation,none,23562,Conservative
27,18196,2,5,no,sell,tax_saving,some,4212,Moderate
33,57297,0,1,yes,sell,short_term,experienced,15045,Conservative
28,101594,1,5,yes,hold,retirement,some,7979,Aggressive
31,93711,3,5,yes,buy_more,child_education,none,21742,Aggressive
35,58419,3,2,yes,buy_more,wealth_creation,some,9524,Moderate
26,42797,1,10,no,sell,tax_saving,experienced,8663,Aggressive
21,36823,1,10,yes,hold,child_education,none,5448,Aggressive
38,42773,2,7,no,hold,retirement,none,5824,Conservative
49,62612,1,20,no,hold,child_education,some,18546,Moderate
33,34089,1,3,yes,hold,child_education,some,7407,Aggressive
55,68929,0,3,yes,buy_more,child_education,none,8682,Moderate
35,128017,0,3,no,hold,wealth_creation,some,35846,Moderate
57,47674,2,7,yes,sell,retirement,experienced,3453,Conservative
30,26769,0,3,yes,hold,retirement,experienced,3692,Aggressive
42,26765,0,15,yes,sell,short_term,none,4038,Moderate
51,69525,3,3,yes,buy_more,retirement,experienced,7180,Moderate
23,47720,2,5,yes,buy_more,wealth_creation,some,14449,Aggressive
58,72734,0,7,no,sell,child_education,none,18341,Conservative
35,38555,0,3,yes,hold,wealth_creation,none,9680,Moderate
40,71237,2,10,yes,buy_more,retirement,experienced,16228,Aggressive
46,45650,1,10,no,hold,short_term,none,7463,Conservative
46,35255,1,10,no,hold,wealth_creation,none,8732,Conservative
21,40927,1,7,no,buy_more,tax_saving,some,11086,Aggressive
55,28604,0,5,yes,sell,retirement,some,6051,Conservative
45,119995,2,5,no,hold,wealth_creation,none,22945,Conservative
60,46940,0,10,yes,sell,retirement,some,5494,Moderate
39,65514,1,5,yes,hold,short_term,some,4926,Aggressive
45,38499,0,5,no,buy_more,wealth_creation,experienced,2401,Aggressive
38,30535,0,2,yes,hold,wealth_creation,some,8069,Moderate
56,44123,0,10,no,hold,child_education,none,6821,Conservative
54,80461,3,1,no,sell,child_education,experienced,21122,Conservative
57,38780,0,20,yes,buy_more,tax_saving,some,7847,Aggressive
41,33132,0,2,yes,sell,child_education,some,6098,Conservative
52,52573,0,5,yes,hold,retirement,none,12548,Moderate
35,61362,2,3,yes,sell,tax_saving,some,6441,Conservative
39,102670,1,3,no,hold,child_education,none,35308,Conservative
51,57479,4,5,no,hold,tax_saving,some,8568,Conservative
24,65499,2,10,no,hold,wealth_creation,none,18389,Moderate
49,67756,1,2,no,hold,child_education,some,8426,Conservative
21,29177,2,3,yes,hold,retirement,none,5554,Moderate
44,31777,0,2,yes,hold,retirement,some,6348,Moderate
40,30098,4,5,yes,hold,short_term,some,4273,Moderate
39,26917,4,20,no,buy_more,retirement,none,4161,Moderate
40,70119,0,5,yes,sell,retirement,experienced,12662,Aggressive
40,55855,2,10,yes,sell,wealth_creation,some,16804,Moderate
37,50806,0,5,yes,sell,wealth_creation,some,10161,Moderate
39,15264,1,5,yes,sell,wealth_creation,some,1168,Aggressive
43,123619,2,15,no,hold,short_term,some,14216,Moderate
51,32780,4,1,no,sell,tax_saving,experienced,11335,Conservative
43,123415,0,15,yes,sell,short_term,some,9498,Moderate
46,25535,2,5,yes,sell,retirement,experienced,6238,Conservative
54,34010,2,5,yes,hold,wealth_creation,none,3854,Moderate
60,18191,0,15,yes,hold,child_education,experienced,3266,Aggressive
25,57696,2,5,yes,hold,wealth_creation,some,9064,Aggressive
49,29864,2,20,no,buy_more,retirement,none,10247,Aggressive
30,30246,2,20,no,sell,child_education,some,6514,Conservative
28,26433,4,3,no,hold,wealth_creation,none,3303,Conservative
52,69550,0,5,no,sell,wealth_creation,experienced,16071,Conservative
23,67518,0,15,yes,buy_more,retirement,experienced,4822,Aggressive
54,110792,0,3,no,sell,short_term,some,36339,Conservative
51,36005,0,10,no,buy_more,retirement,none,5518,Aggressive
60,54093,1,2,yes,hold,tax_saving,experienced,17039,Conservative
47,27441,3,3,yes,hold,short_term,experienced,8033,Conservative
55,42160,1,7,yes,hold,short_term,some,4470,Conservative
25,38813,2,10,yes,hold,retirement,none,13145,Aggressive
56,60415,1,10,yes,sell,retirement,some,20994,Conservative
27,77471,0,7,yes,buy_more,child_education,none,22589,Aggressive
33,76571,3,3,no,buy_more,child_education,experienced,14199,Moderate
26,33548,2,5,no,sell,retirement,none,8446,Conservative
37,76826,1,3,no,sell,wealth_creation,none,5700,Conservative
50,48057,3,3,no,hold,short_term,none,15682,Conservative
31,42358,1,5,no,buy_more,child_education,some,4935,Aggressive
53,35638,0,7,yes,hold,child_education,some,9444,Aggressive
45,38102,1,3,yes,hold,short_term,experienced,11067,Moderate
46,107370,2,1,no,sell,retirement,experienced,36599,Conservative
58,56293,1,10,no,buy_more,short_term,none,16727,Conservative
38,53027,3,1,no,sell,child_education,none,15664,Conservative
34,43564,1,20,yes,hold,wealth_creation,none,11397,Aggressive
60,147368,1,5,no,buy_more,wealth_creation,experienced,32862,Moderate
43,88190,3,1,yes,hold,retirement,experienced,5517,Conservative
45,35437,1,15,yes,hold,wealth_creation,none,12112,Moderate
32,43341,1,7,yes,buy_more,child_education,none,8004,Aggressive
29,44515,0,15,no,sell,retirement,experienced,12866,Aggressive
27,52346,1,5,yes,sell,short_term,some,8542,Moderate
29,35755,1,5,yes,sell,retirement,some,6679,Moderate
28,59722,0,7,no,sell,wealth_creation,none,11269,Moderate
50,94224,1,5,yes,hold,tax_saving,none,32695,Conservative
23,27142,0,7,no,hold,retirement,none,3078,Moderate
46,29505,0,3,yes,hold,short_term,some,5916,Moderate
58,39441,1,5,no,buy_more,wealth_creation,some,3802,Moderate
51,40273,0,2,yes,hold,short_term,none,7983,Conservative
37,120488,2,10,no,sell,child_education,some,25759,Moderate
23,76939,2,5,no,hold,wealth_creation,none,7001,Moderate
54,74977,0,20,yes,buy_more,retirement,none,19454,Aggressive
21,43522,0,3,no,hold,child_education,none,12986,Moderate
48,43094,1,5,no,buy_more,wealth_creation,none,12704,Moderate
47,25507,0,3,yes,buy_more,retirement,experienced,6855,Aggressive
28,69687,1,10,no,buy_more,child_education,none,6429,Aggressive
50,61143,2,10,no,buy_more,retirement,none,14456,Aggressive
28,87439,2,5,yes,hold,tax_saving,some,22691,Aggressive
30,44583,1,5,no,buy_more,wealth_creation,none,12385,Moderate
53,45990,4,10,yes,hold,short_term,none,12087,Moderate
60,52919,0,3,no,hold,tax_saving,none,12628,Conservative
31,73229,3,7,no,sell,tax_saving,none,19649,Conservative
57,25296,3,10,yes,buy_more,tax_saving,none,7732,Moderate
57,68269,1,3,yes,hold,retirement,some,15073,Conservative
51,48570,0,7,no,buy_more,retirement,some,4545,Moderate
26,30443,0,10,no,buy_more,child_education,none,8974,Aggressive
32,19185,4,2,yes,hold,child_education,some,4763,Moderate
48,46100,0,5,yes,hold,short_term,none,11800,Moderate
60,94039,3,5,no,sell,short_term,some,13002,Conservative
53,104152,1,10,yes,hold,wealth_creation,none,9883,Moderate
37,57521,1,7,no,hold,tax_saving,none,16348,Moderate
30,118527,2,5,no,hold,short_term,some,7683,Moderate
59,48082,0,3,no,hold,retirement,none,8207,Conservative
32,75281,1,1,yes,hold,wealth_creation,none,15256,Conservative
34,40012,4,1,no,sell,retirement,some,2209,Conservative
59,38887,0,3,no,sell,wealth_creation,experienced,8909,Conservative
43,36138,4,2,no,sell,short_term,some,3103,Conservative
31,19394,4,2,yes,buy_more,wealth_creation,none,2374,Aggressive
21,87482,0,7,no,sell,short_term,none,30449,Conservative
38,36726,1,7,no,sell,child_education,some,8009,Conservative
60,34178,0,1,no,hold,child_education,none,11636,Conservative
38,28825,2,7,yes,hold,child_education,none,5701,Moderate
48,44713,4,2,yes,buy_more,child_education,some,13012,Conservative
31,108398,3,5,yes,hold,wealth_creation,experienced,6655,Aggressive
52,125768,4,20,yes,hold,short_term,experienced,17277,Moderate
52,23216,0,7,no,hold,short_term,none,3133,Conservative
45,41793,1,1,no,buy_more,child_education,some,2964,Conservative
51,30777,0,5,no,hold,tax_saving,none,10329,Conservative
44,76477,3,10,yes,hold,wealth_creation,experienced,15402,Aggressive
36,55768,0,3,yes,sell,child_education,some,12709,Moderate
50,36810,0,20,yes,hold,short_term,some,7587,Aggressive
54,50648,0,5,yes,buy_more,retirement,none,6309,Aggressive
54,39543,0,1,no,sell,tax_saving,some,12942,Conservative
29,101357,0,7,yes,hold,tax_saving,some,25410,Aggressive
48,62700,0,10,yes,hold,tax_saving,some,5459,Aggressive
21,66265,3,5,no,buy_more,child_education,some,12493,Aggressive
43,15000,2,20,yes,sell,tax_saving,none,756,Moderate
43,47569,0,15,yes,buy_more,child_education,some,12007,Aggressive
35,125172,2,2,yes,sell,wealth_creation,none,25919,Conservative
60,89032,1,1,yes,buy_more,retirement,none,28602,Conservative
56,21350,2,3,no,buy_more,wealth_creation,some,7135,Conservative
22,42572,0,7,yes,buy_more,tax_saving,some,3382,Aggressive
29,28547,1,7,no,buy_more,child_education,none,2193,Aggressive
29,105873,1,3,yes,buy_more,tax_saving,none,33850,Aggressive
56,54716,0,20,yes,buy_more,wealth_creation,some,11141,Aggressive
41,34699,1,3,no,hold,wealth_creation,experienced,6624,Moderate
50,49780,2,10,yes,hold,child_education,some,11013,Aggressive
53,15164,2,15,yes,sell,retirement,some,2879,Moderate
51,30084,1,2,yes,sell,retirement,some,7048,Conservative
24,49831,1,3,yes,hold,tax_saving,none,16679,Moderate
26,71722,2,3,yes,sell,short_term,none,16624,Conservative
36,20463,0,15,no,buy_more,wealth_creation,none,2992,Aggressive
34,41294,0,5,yes,sell,retirement,experienced,4708,Aggressive
50,77215,1,15,yes,sell,tax_saving,none,26240,Conservative
27,25510,0,5,yes,sell,retirement,none,5709,Aggressive
35,54346,1,5,yes,sell,retirement,some,11956,Moderate
30,50497,0,15,no,sell,wealth_creation,some,3029,Moderate
28,106029,1,5,no,hold,retirement,some,34514,Aggressive
27,44198,2,10,no,sell,wealth_creation,none,8436,Moderate
28,45377,2,5,yes,buy_more,short_term,experienced,15878,Aggressive
43,72022,2,2,yes,hold,retirement,none,7228,Conservative
37,26987,1,1,no,hold,wealth_creation,none,3990,Conservative
38,44382,4,3,yes,hold,wealth_creation,experienced,5016,Moderate
40,39931,2,10,yes,sell,retirement,experienced,6535,Aggressive
50,46050,1,5,yes,sell,short_term,experienced,15794,Conservative
55,71810,0,5,yes,buy_more,retirement,some,12526,Aggressive
42,62904,2,2,no,hold,child_education,experienced,18753,Conservative
46,34999,1,7,no,sell,tax_saving,none,9680,Conservative
50,52130,2,10,no,hold,wealth_creation,experienced,7266,Moderate
48,95865,2,7,yes,hold,child_education,some,21471,Moderate
26,33721,3,20,no,sell,wealth_creation,none,10302,Conservative
60,52329,4,1,no,sell,wealth_creation,none,12213,Conservative
27,44939,2,1,no,buy_more,wealth_creation,some,5818,Moderate
37,47650,4,7,yes,hold,tax_saving,some,14721,Moderate
47,23534,3,3,no,hold,short_term,experienced,5103,Conservative
37,92488,0,10,yes,sell,short_term,experienced,31816,Moderate
30,34597,2,10,no,sell,child_education,some,8534,Conservative
57,77787,0,2,no,sell,child_education,none,14363,Conservative
23,37063,0,15,no,hold,retirement,some,6699,Aggressive
30,36994,0,1,no,buy_more,child_education,some,11617,Moderate
60,84618,1,10,yes,buy_more,retirement,some,29123,Aggressive
50,76668,0,5,no,sell,child_education,none,13271,Conservative
24,53846,0,10,yes,sell,wealth_creation,some,5325,Aggressive
51,69045,0,2,no,sell,wealth_creation,none,4276,Conservative
59,43051,2,20,yes,buy_more,wealth_creation,none,6316,Aggressive
24,48836,3,20,yes,hold,retirement,none,7452,Aggressive
37,36397,4,7,no,buy_more,child_education,none,6469,Conservative
39,73631,1,7,no,hold,retirement,some,6885,Moderate
26,35881,0,7,yes,hold,wealth_creation,none,7097,Aggressive
29,95637,3,7,yes,hold,child_education,some,31848,Aggressive
27,42526,0,7,yes,hold,tax_saving,experienced,5092,Aggressive
28,49475,4,7,yes,hold,tax_saving,some,12637,Aggressive
37,68970,2,15,yes,sell,child_education,some,4234,Aggressive
39,49550,1,7,no,hold,retirement,none,12047,Moderate
30,42870,0,3,yes,buy_more,wealth_creation,some,14200,Moderate
32,48362,0,15,yes,sell,retirement,some,6514,Aggressive
28,73292,1,3,no,hold,retirement,experienced,21611,Moderate
52,36377,1,2,yes,buy_more,retirement,experienced,2718,Moderate
29,46313,3,20,yes,hold,tax_saving,some,7292,Aggressive
57,49248,2,3,yes,hold,wealth_creation,none,2561,Moderate
42,72334,1,2,yes,sell,short_term,some,11322,Conservative
53,46867,0,7,yes,buy_more,short_term,experienced,6699,Aggressive
46,110606,1,15,no,buy_more,wealth_creation,experienced,28517,Aggressive
31,45686,0,1,yes,buy_more,tax_saving,experienced,6320,Aggressive
45,44048,2,5,no,sell,retirement,none,13079,Conservative
31,45389,2,1,no,buy_more,short_term,experienced,6238,Moderate
25,27106,3,5,no,hold,wealth_creation,none,3171,Moderate
31,30744,1,5,no,hold,child_education,none,6098,Conservative
32,38607,0,2,no,sell,tax_saving,some,9533,Conservative
26,81725,3,20,no,sell,short_term,none,25875,Conservative
21,48295,2,7,yes,hold,wealth_creation,none,14201,Aggressive
58,39415,2,15,yes,hold,wealth_creation,none,8172,Moderate
41,85130,1,15,no,buy_more,wealth_creation,none,29241,Aggressive
37,98521,3,20,no,sell,tax_saving,none,13689,Conservative
58,86242,0,10,no,buy_more,tax_saving,some,30170,Moderate
29,33393,1,3,no,hold,child_education,none,5528,Moderate
37,39227,2,15,no,sell,retirement,some,5049,Conservative
54,110877,0,7,no,sell,child_education,some,18276,Conservative
46,54639,3,3,no,buy_more,child_education,none,12334,Conservative
36,43458,1,5,yes,buy_more,retirement,experienced,8351,Aggressive
31,67728,0,3,yes,sell,retirement,none,4406,Moderate
22,77132,0,5,yes,hold,tax_saving,experienced,12094,Aggressive
24,37905,3,10,yes,hold,retirement,experienced,7487,Aggressive
27,54108,2,5,yes,hold,retirement,experienced,13472,Moderate
52,74380,0,3,yes,hold,tax_saving,some,24985,Conservative
46,29081,0,2,no,buy_more,tax_saving,some,9793,Conservative
38,49293,0,15,yes,sell,retirement,none,10066,Aggressive
52,29688,0,5,no,sell,child_education,experienced,6552,Conservative
27,31488,2,5,yes,sell,retirement,none,8168,Moderate
29,38048,0,10,no,buy_more,retirement,some,11437,Aggressive
36,60761,0,15,yes,hold,retirement,some,16622,Aggressive
57,42407,0,7,no,sell,child_education,some,11286,Conservative
45,36614,1,7,no,buy_more,child_education,some,6743,Aggressive
55,50171,2,3,yes,hold,retirement,none,15587,Conservative
30,29256,2,20,no,hold,short_term,none,7277,Conservative
54,59454,1,7,no,sell,retirement,some,5812,Conservative
23,81562,4,10,no,buy_more,retirement,experienced,18719,Aggressive
30,47304,1,2,yes,hold,retirement,none,6772,Moderate
41,44748,3,7,no,sell,child_education,some,4963,Conservative
23,57991,2,5,yes,sell,wealth_creation,some,14187,Aggressive
55,19676,0,5,yes,sell,tax_saving,none,4774,Conservative
55,62415,3,10,yes,hold,retirement,none,20997,Moderate
42,197965,1,10,yes,sell,child_education,some,67875,Moderate
33,46387,2,5,yes,hold,child_education,none,8008,Aggressive
24,46462,0,15,no,hold,retirement,experienced,4811,Aggressive
45,68502,1,3,no,buy_more,short_term,none,6311,Conservative
42,102785,3,7,no,hold,short_term,some,35180,Conservative
51,76018,0,2,yes,hold,child_education,none,12829,Conservative
45,18582,0,3,no,hold,wealth_creation,some,2839,Conservative
26,63166,0,15,yes,hold,retirement,none,14928,Aggressive
25,155962,1,1,yes,buy_more,wealth_creation,none,10479,Aggressive
52,64867,3,15,yes,buy_more,tax_saving,some,15829,Aggressive
27,29156,2,5,no,hold,wealth_creation,some,9117,Moderate
58,55649,3,10,no,hold,retirement,some,14873,Conservative
25,27548,1,2,yes,hold,child_education,none,4827,Moderate
50,85370,1,7,yes,buy_more,child_education,none,7243,Aggressive
60,31883,0,15,yes,hold,wealth_creation,none,3901,Aggressive
38,50686,0,7,yes,hold,tax_saving,none,6570,Aggressive
23,33322,2,5,no,hold,wealth_creation,none,5514,Moderate
56,38334,0,10,yes,sell,tax_saving,none,3450,Conservative
28,95680,0,10,no,hold,retirement,some,21307,Aggressive
42,51356,3,2,no,sell,wealth_creation,none,8211,Conservative
60,38114,1,10,yes,hold,wealth_creation,some,7581,Moderate
50,29279,0,10,no,sell,child_education,some,3968,Conservative
22,21114,2,10,no,sell,retirement,some,3930,Moderate
53,27915,1,3,yes,sell,wealth_creation,some,7363,Conservative
27,51553,3,5,no,hold,wealth_creation,none,3942,Moderate
50,76199,2,20,yes,hold,child_education,some,15470,Aggressive
45,38095,0,7,no,hold,wealth_creation,none,8971,Conservative
32,99383,0,7,no,hold,wealth_creation,some,24875,Aggressive
37,35494,0,20,no,buy_more,tax_saving,experienced,11600,Aggressive
25,44041,2,3,no,buy_more,wealth_creation,some,12522,Aggressive
60,30157,1,5,no,hold,tax_saving,experienced,8193,Conservative
30,76560,2,10,yes,hold,short_term,none,23764,Moderate
33,125980,1,10,no,buy_more,tax_saving,none,40858,Moderate
41,22185,0,20,no,hold,tax_saving,none,6695,Moderate
47,41949,0,7,no,sell,retirement,none,9824,Conservative
41,86608,0,3,no,hold,short_term,none,26236,Conservative
41,25562,1,5,yes,sell,child_education,experienced,3781,Moderate
44,63259,1,2,yes,buy_more,wealth_creation,some,21229,Aggressive
55,84936,4,20,no,hold,child_education,experienced,8666,Conservative
36,50777,0,2,no,buy_more,tax_saving,experienced,6030,Moderate
54,62794,2,7,no,sell,short_term,some,6126,Conservative
52,108272,0,5,yes,hold,wealth_creation,experienced,30652,Aggressive
59,117805,2,2,yes,hold,child_education,none,21245,Conservative
57,47672,0,3,yes,buy_more,retirement,experienced,12938,Aggressive
52,38577,2,7,yes,buy_more,retirement,some,7831,Aggressive
30,32403,0,1,no,sell,retirement,some,5540,Conservative
51,76087,0,20,no,buy_more,tax_saving,some,24265,Moderate
50,26441,1,15,yes,buy_more,tax_saving,experienced,4749,Aggressive
32,43754,1,2,yes,buy_more,tax_saving,experienced,10304,Aggressive
48,51339,1,15,no,hold,retirement,none,15790,Conservative
31,39091,0,5,no,buy_more,short_term,none,4447,Moderate
41,55598,4,1,yes,sell,retirement,none,9497,Conservative
52,155442,0,3,yes,sell,short_term,experienced,14529,Conservative
28,46410,1,10,yes,sell,wealth_creation,none,9876,Aggressive
34,40298,3,10,yes,hold,wealth_creation,some,11560,Aggressive
52,77412,2,3,no,buy_more,wealth_creation,none,5148,Conservative
39,54601,0,10,yes,hold,wealth_creation,experienced,3718,Aggressive
59,93685,1,10,yes,hold,short_term,experienced,25515,Aggressive
21,52791,0,10,yes,buy_more,child_education,some,13877,Aggressive
49,43835,1,7,yes,hold,tax_saving,none,7480,Aggressive
53,21967,1,15,no,hold,wealth_creation,experienced,3475,Moderate
57,23650,2,7,no,hold,wealth_creation,none,3183,Conservative
27,21459,3,2,yes,hold,tax_saving,some,1470,Conservative
60,58145,0,15,yes,hold,wealth_creation,experienced,11865,Aggressive
36,26555,0,5,no,buy_more,short_term,some,6235,Moderate
35,86250,1,10,no,hold,tax_saving,experienced,26703,Moderate
35,49692,1,10,yes,hold,wealth_creation,some,10562,Aggressive
46,43919,1,5,yes,hold,child_education,some,4198,Moderate
47,33532,2,2,no,buy_more,retirement,experienced,4776,Conservative
39,64861,1,10,yes,hold,short_term,some,18518,Aggressive
23,34131,4,15,no,buy_more,wealth_creation,experienced,8036,Aggressive
60,31463,1,15,no,hold,retirement,experienced,8851,Moderate
29,83680,0,7,yes,sell,retirement,none,14564,Moderate
24,57502,0,3,yes,hold,tax_saving,none,4039,Aggressive
44,44102,2,3,no,sell,retirement,some,14008,Conservative
37,65424,0,10,yes,sell,child_education,experienced,10125,Aggressive
45,49218,0,5,yes,sell,wealth_creation,experienced,3692,Moderate
56,58241,0,10,yes,hold,wealth_creation,none,13166,Aggressive
24,33942,2,3,no,hold,short_term,some,9272,Conservative
32,124452,4,1,no,hold,retirement,some,24069,Conservative
41,37766,1,7,no,hold,retirement,some,8843,Moderate
52,98736,0,7,yes,hold,wealth_creation,some,17296,Aggressive
45,45026,1,7,no,buy_more,tax_saving,experienced,13242,Moderate
36,70487,1,3,no,buy_more,wealth_creation,some,20096,Moderate
45,68213,4,15,yes,buy_more,wealth_creation,none,18144,Aggressive
60,82132,1,5,no,sell,short_term,some,4596,Conservative
40,33581,2,10,no,buy_more,child_education,none,6880,Aggressive
56,79541,3,7,yes,buy_more,wealth_creation,some,22717,Moderate
52,112521,2,5,no,sell,short_term,experienced,13892,Conservative
33,43633,0,10,yes,hold,retirement,some,5574,Aggressive
30,49792,2,7,yes,hold,wealth_creation,experienced,15996,Aggressive
51,38733,1,7,yes,hold,wealth_creation,some,11717,Moderate
29,41944,1,7,yes,hold,wealth_creation,some,14531,Aggressive
34,105888,4,2,yes,sell,retirement,some,21095,Conservative
30,31197,0,15,yes,sell,retirement,some,2722,Aggressive
45,32081,1,5,no,hold,wealth_creation,none,1683,Conservative
32,101205,0,3,no,hold,wealth_creation,none,26499,Conservative
47,64928,0,10,yes,hold,wealth_creation,some,19153,Aggressive
58,127282,2,3,no,sell,wealth_creation,none,22718,Conservative
54,40026,2,20,no,hold,retirement,none,7114,Moderate
58,51887,2,5,yes,buy_more,tax_saving,some,15674,Moderate
21,36413,0,3,no,sell,wealth_creation,experienced,3853,Moderate
39,52286,0,1,yes,hold,retirement,none,3609,Moderate
29,22062,1,1,yes,hold,retirement,some,7494,Moderate
57,66717,1,2,yes,sell,tax_saving,some,14191,Conservative
49,56701,2,1,yes,buy_more,tax_saving,none,15973,Moderate
33,47767,2,5,yes,buy_more,short_term,none,16069,Moderate
43,41123,3,3,yes,hold,retirement,none,12054,Moderate
45,32773,2,5,no,hold,tax_saving,some,6236,Conservative
40,68014,1,3,no,sell,wealth_creation,some,16625,Conservative
39,28940,2,1,no,hold,child_education,some,6936,Conservative
23,61719,2,1,no,sell,short_term,none,20222,Conservative
39,124679,4,3,no,hold,retirement,none,11510,Conservative
34,95653,1,3,no,sell,child_education,none,24746,Conservative
53,24901,2,2,yes,hold,wealth_creation,experienced,7690,Moderate
55,38502,1,5,yes,buy_more,child_education,none,6072,Moderate
51,59257,2,20,yes,sell,wealth_creation,some,15554,Moderate
22,47494,3,3,yes,buy_more,wealth_creation,some,5934,Aggressive
54,26115,3,2,no,buy_more,tax_saving,none,1995,Conservative
36,58302,0,10,yes,sell,retirement,none,3359,Moderate
37,48800,0,5,yes,buy_more,short_term,some,10198,Aggressive
58,116011,2,1,yes,hold,retirement,experienced,7598,Conservative
55,43741,2,10,no,hold,retirement,experienced,9961,Conservative
23,82917,3,10,yes,hold,wealth_creation,none,13487,Aggressive
35,27717,0,20,yes,sell,child_education,none,1442,Aggressive
50,30865,3,20,yes,sell,child_education,none,3640,Conservative
42,67829,2,7,yes,hold,wealth_creation,none,18417,Moderate
31,79831,0,10,no,hold,tax_saving,experienced,13063,Aggressive
41,31862,0,5,yes,buy_more,retirement,none,8528,Aggressive
55,49554,2,15,yes,hold,wealth_creation,none,14593,Moderate
29,26325,0,7,no,sell,child_education,none,7610,Conservative
50,45181,2,5,yes,sell,short_term,experienced,11348,Conservative
50,71440,1,1,no,buy_more,short_term,some,19572,Conservative
56,40306,1,7,no,sell,wealth_creation,none,8905,Conservative
32,43823,0,7,yes,buy_more,short_term,none,8301,Aggressive
29,29483,4,15,yes,sell,child_education,none,2019,Aggressive
42,36615,2,3,yes,sell,child_education,none,12541,Conservative
42,108136,2,15,yes,sell,tax_saving,experienced,32664,Moderate
37,50656,2,1,yes,hold,retirement,some,12743,Moderate
52,31224,1,7,no,hold,child_education,some,7594,Moderate
52,42546,4,5,yes,buy_more,tax_saving,some,9489,Moderate
30,23888,1,5,yes,hold,retirement,some,1871,Moderate
52,31058,1,5,no,sell,retirement,some,4528,Conservative
30,90413,0,3,yes,hold,tax_saving,none,13732,Moderate
37,45976,0,3,no,hold,child_education,some,13246,Moderate
22,114786,2,10,yes,hold,child_education,some,26571,Aggressive
34,46961,0,3,no,buy_more,child_education,none,7957,Moderate
59,48233,2,10,no,buy_more,tax_saving,none,7159,Conservative
38,65408,4,10,yes,hold,child_education,experienced,20025,Aggressive
49,15000,1,1,no,hold,retirement,experienced,4285,Conservative
25,53756,0,15,yes,hold,retirement,none,15800,Aggressive
46,47952,2,10,yes,hold,retirement,none,8085,Moderate
35,95675,0,10,yes,hold,short_term,some,18539,Aggressive
50,75667,2,10,yes,sell,child_education,some,16796,Moderate
58,29432,1,7,no,sell,child_education,some,3165,Conservative
42,85730,1,20,yes,buy_more,child_education,experienced,13603,Aggressive
25,43562,1,2,yes,buy_more,tax_saving,experienced,8596,Aggressive
40,32630,1,1,no,sell,short_term,none,8193,Conservative
25,53567,0,10,yes,buy_more,wealth_creation,none,9901,Aggressive
38,44745,0,3,no,buy_more,short_term,none,4312,Conservative
23,97959,1,7,yes,sell,short_term,experienced,17390,Aggressive
46,57141,3,5,no,buy_more,wealth_creation,some,11965,Moderate
33,53774,0,5,yes,buy_more,retirement,experienced,13187,Aggressive
29,73518,0,15,no,hold,wealth_creation,some,22506,Aggressive
21,80160,0,2,no,buy_more,child_education,some,9599,Moderate
56,69746,1,3,no,hold,tax_saving,none,15198,Conservative
54,92851,0,10,no,hold,wealth_creation,none,16268,Moderate
53,64466,2,10,no,hold,child_education,experienced,16508,Moderate
23,52862,0,15,yes,hold,wealth_creation,some,16507,Aggressive
34,85615,2,3,yes,hold,wealth_creation,experienced,16534,Aggressive
59,47056,0,15,no,hold,short_term,none,14269,Conservative
44,49759,1,7,no,buy_more,wealth_creation,some,2518,Aggressive
26,106373,0,15,no,buy_more,wealth_creation,some,34429,Aggressive
26,101708,2,1,no,sell,short_term,none,29144,Conservative
31,48840,4,5,yes,hold,wealth_creation,some,4402,Aggressive
59,39970,0,7,yes,sell,wealth_creation,experienced,10096,Moderate
27,94696,4,7,yes,hold,retirement,some,19343,Moderate
57,70276,0,2,no,sell,child_education,some,23978,Conservative
48,56500,1,7,yes,buy_more,tax_saving,some,7983,Aggressive
57,42410,2,10,yes,hold,child_education,some,9868,Moderate
54,56912,0,5,no,hold,tax_saving,experienced,11772,Aggressive
34,48544,1,7,yes,hold,retirement,some,5647,Aggressive
54,36353,0,3,yes,sell,wealth_creation,some,10691,Moderate
27,51951,2,15,yes,sell,wealth_creation,some,14177,Aggressive
32,55239,1,7,yes,sell,short_term,experienced,11779,Moderate
29,41401,3,7,yes,hold,tax_saving,experienced,13795,Aggressive
26,73623,0,20,no,buy_more,tax_saving,some,24148,Aggressive
24,87550,4,10,no,sell,short_term,none,25862,Conservative
28,75845,0,3,no,buy_more,wealth_creation,experienced,7259,Aggressive
25,43290,2,7,no,sell,child_education,none,13776,Conservative
36,68879,0,20,yes,hold,wealth_creation,none,9763,Aggressive
23,50771,0,1,yes,hold,short_term,some,11221,Moderate
23,28110,0,7,yes,buy_more,retirement,some,9625,Aggressive
60,66351,2,2,no,buy_more,retirement,none,7914,Conservative
24,52352,0,15,yes,hold,short_term,none,5754,Aggressive
23,157486,1,7,no,hold,wealth_creation,some,48124,Moderate
22,94444,4,20,no,sell,child_education,some,5092,Moderate
26,67509,0,10,no,sell,short_term,none,6904,Moderate
42,54837,0,1,yes,buy_more,short_term,none,8126,Moderate
54,52768,0,7,no,hold,wealth_creation,some,14325,Moderate
50,31205,0,15,yes,hold,child_education,none,6058,Aggressive
44,22414,1,3,yes,sell,child_education,none,3765,Conservative
24,33101,2,2,no,sell,wealth_creation,experienced,10778,Conservative
51,47979,0,10,yes,buy_more,tax_saving,some,13279,Aggressive
22,19005,0,7,no,hold,child_education,some,4558,Moderate
46,38370,2,1,no,buy_more,retirement,some,5832,Conservative
37,43851,0,3,no,hold,wealth_creation,some,13491,Moderate
56,44491,1,5,yes,buy_more,child_education,some,5602,Aggressive
33,36396,4,10,yes,sell,wealth_creation,some,12148,Conservative
46,42037,0,5,yes,sell,child_education,some,5386,Conservative
38,106484,1,5,no,sell,wealth_creation,none,31521,Conservative
41,66036,3,10,yes,sell,tax_saving,some,21413,Moderate
58,38096,2,3,no,buy_more,wealth_creation,none,4493,Conservative
49,47536,2,10,no,buy_more,wealth_creation,some,5648,Aggressive
37,48400,2,5,yes,hold,child_education,some,3561,Moderate
38,34697,1,5,no,hold,short_term,experienced,5287,Moderate
49,34679,1,7,yes,hold,child_education,some,6938,Moderate
34,77244,2,10,yes,hold,wealth_creation,some,5854,Aggressive
27,40582,2,20,yes,sell,child_education,some,3810,Aggressive
39,29953,2,3,no,hold,short_term,none,5291,Conservative
23,48078,1,2,no,sell,retirement,experienced,5002,Conservative
27,51694,3,5,yes,buy_more,wealth_creation,none,14580,Aggressive
37,20176,0,7,yes,hold,retirement,some,2960,Aggressive
52,48130,0,3,yes,hold,retirement,experienced,3075,Moderate
52,72445,0,15,yes,buy_more,child_education,some,6980,Aggressive
31,60057,0,10,yes,hold,child_education,some,8538,Aggressive
37,133707,2,5,no,sell,retirement,some,12533,Conservative
27,86077,0,5,no,hold,retirement,some,9870,Aggressive
51,94091,2,1,yes,hold,wealth_creation,some,10536,Moderate
30,172825,1,7,no,hold,child_education,some,30348,Moderate
52,68952,0,7,no,sell,tax_saving,some,14288,Conservative
54,52753,0,15,no,sell,tax_saving,none,12490,Conservative
48,75976,1,7,no,hold,tax_saving,some,24526,Conservative
34,38114,2,2,yes,hold,child_education,none,9773,Conservative
59,51454,1,3,yes,sell,wealth_creation,some,5638,Conservative
48,36626,0,2,yes,buy_more,retirement,none,6766,Moderate
46,58635,0,20,no,hold,tax_saving,some,15764,Moderate
55,36557,0,10,yes,sell,child_education,none,7916,Moderate
56,35985,0,15,yes,hold,short_term,none,3627,Moderate
24,59045,4,15,yes,hold,child_education,some,16901,Aggressive
56,46075,0,2,yes,hold,child_education,some,5021,Moderate
51,20591,0,10,yes,hold,retirement,some,3156,Aggressive
29,25463,3,10,yes,sell,short_term,experienced,6877,Aggressive
33,29252,2,3,no,hold,child_education,none,9969,Conservative
51,32947,1,5,no,hold,retirement,none,10447,Conservative
29,59070,2,10,yes,hold,short_term,some,20139,Aggressive
39,54096,4,15,no,hold,wealth_creation,experienced,9143,Moderate
48,79171,0,2,no,hold,child_education,none,14310,Conservative
47,68786,0,15,yes,sell,retirement,none,6800,Aggressive
57,79408,3,20,no,sell,wealth_creation,experienced,15229,Conservative
25,64458,2,20,yes,sell,short_term,some,18314,Moderate
32,53871,4,1,yes,hold,tax_saving,experienced,3807,Moderate
60,80395,0,3,no,hold,retirement,none,11713,Conservative
43,74141,4,10,yes,hold,retirement,none,24293,Moderate
30,58060,0,5,yes,sell,child_education,some,6082,Moderate
32,86853,2,1,yes,hold,child_education,none,12084,Moderate
34,17058,3,10,yes,sell,short_term,some,5637,Moderate
43,43014,0,1,yes,sell,retirement,none,6600,Conservative
32,42718,0,5,no,buy_more,short_term,some,12784,Moderate
45,82347,1,20,yes,sell,tax_saving,experienced,11209,Moderate
38,99421,3,5,yes,sell,wealth_creation,experienced,12636,Moderate
45,25525,0,15,no,hold,retirement,none,2708,Moderate
27,92505,3,5,yes,sell,retirement,none,6364,Moderate
45,28936,0,5,no,buy_more,retirement,experienced,5052,Moderate
57,29332,1,2,yes,buy_more,tax_saving,some,7744,Moderate
26,44115,0,5,yes,hold,wealth_creation,some,8893,Aggressive
34,42480,3,5,yes,sell,tax_saving,experienced,7315,Moderate
48,24311,0,15,yes,hold,tax_saving,none,2706,Aggressive
45,65673,1,15,no,hold,tax_saving,some,16750,Moderate
47,66551,0,1,no,hold,tax_saving,experienced,8375,Conservative
43,78772,4,2,yes,sell,tax_saving,some,4696,Conservative
48,40333,2,7,yes,sell,retirement,some,13687,Conservative
45,48155,0,5,no,sell,retirement,experienced,16023,Conservative
23,48354,0,3,yes,hold,tax_saving,none,5528,Aggressive
51,104777,1,3,yes,hold,wealth_creation,experienced,12738,Aggressive
38,15000,1,3,no,buy_more,wealth_creation,none,3360,Moderate
23,31868,3,7,yes,sell,wealth_creation,experienced,5679,Aggressive
37,49143,1,1,no,buy_more,retirement,none,15545,Conservative
38,30076,1,10,yes,sell,retirement,none,5355,Moderate
24,43641,2,3,no,sell,short_term,some,3960,Conservative
60,46317,1,5,yes,hold,tax_saving,experienced,9911,Moderate
29,36462,0,7,yes,sell,tax_saving,some,3061,Aggressive
34,50463,0,3,yes,buy_more,retirement,some,9293,Aggressive
38,65034,0,15,no,buy_more,child_education,experienced,14514,Aggressive
54,44076,2,10,yes,sell,wealth_creation,some,14703,Moderate
50,39977,0,15,yes,sell,tax_saving,experienced,5517,Aggressive
51,45497,1,5,no,sell,wealth_creation,none,11138,Conservative
30,48857,0,5,yes,buy_more,wealth_creation,none,2445,Aggressive
54,22400,2,3,yes,sell,short_term,none,6976,Conservative
54,60336,0,7,yes,buy_more,retirement,experienced,8756,Aggressive
39,40016,1,7,no,sell,retirement,none,4891,Conservative
42,86481,0,5,yes,hold,retirement,none,6983,Aggressive
22,63957,0,2,yes,sell,child_education,none,18264,Conservative
51,82994,0,3,no,buy_more,child_education,none,5558,Moderate
59,31102,1,1,no,hold,short_term,some,7320,Conservative
39,41476,2,3,yes,sell,wealth_creation,none,5999,Conservative
42,28026,0,7,no,sell,retirement,experienced,7380,Moderate
40,35691,2,20,yes,hold,child_education,experienced,12125,Aggressive
24,86115,1,2,yes,hold,retirement,some,11406,Aggressive
45,95738,1,1,yes,buy_more,wealth_creation,none,22585,Conservative
49,29241,1,3,no,hold,child_education,experienced,4712,Conservative
58,39885,0,2,no,buy_more,wealth_creation,some,8089,Conservative
58,47368,2,10,yes,sell,child_education,none,3552,Conservative
40,63800,2,1,yes,buy_more,short_term,none,7101,Moderate
59,22205,2,20,yes,buy_more,child_education,none,6401,Aggressive
42,23828,0,15,no,hold,short_term,some,3657,Moderate
46,61103,2,5,no,buy_more,wealth_creation,some,3073,Moderate
45,20392,0,20,no,hold,short_term,experienced,2982,Moderate
60,40092,1,7,no,hold,child_education,some,10059,Conservative
50,52730,0,20,no,sell,short_term,none,18006,Conservative
25,59103,0,3,no,sell,child_education,some,18099,Conservative
23,45992,2,20,no,hold,child_education,some,12742,Aggressive
37,41581,3,3,yes,buy_more,short_term,none,13671,Conservative
41,71686,0,5,no,buy_more,child_education,none,17765,Moderate
47,55733,1,20,yes,hold,wealth_creation,some,11467,Aggressive
40,36638,2,5,yes,buy_more,child_education,some,7762,Aggressive
41,49860,4,3,yes,buy_more,child_education,none,16616,Conservative
57,58245,2,1,yes,buy_more,retirement,some,2949,Conservative
34,106213,0,2,no,sell,tax_saving,some,21741,Conservative
40,69831,0,5,yes,hold,tax_saving,none,19603,Moderate
43,84672,2,5,yes,hold,child_education,some,5201,Aggressive
39,37243,0,7,no,buy_more,retirement,some,11059,Aggressive
59,38720,4,15,no,hold,tax_saving,none,11739,Conservative
59,44094,4,1,yes,buy_more,tax_saving,experienced,9130,Conservative
41,45953,4,15,yes,buy_more,wealth_creation,some,13723,Aggressive
39,31144,0,7,yes,hold,child_education,experienced,2889,Aggressive
44,86653,2,10,no,buy_more,tax_saving,none,28848,Moderate
28,72948,2,10,yes,hold,wealth_creation,some,4716,Aggressive
38,42720,0,15,no,hold,child_education,some,2613,Aggressive
29,65432,0,2,yes,hold,retirement,experienced,13557,Aggressive
26,54192,0,7,no,buy_more,wealth_creation,some,14662,Aggressive
24,67773,1,15,yes,buy_more,wealth_creation,some,17622,Aggressive
44,26770,4,10,yes,buy_more,child_education,some,5757,Aggressive
21,45910,3,2,yes,hold,child_education,none,13088,Moderate
46,47757,0,7,yes,hold,tax_saving,some,11094,Moderate
38,64902,1,10,no,buy_more,wealth_creation,some,19799,Aggressive
35,36945,0,3,no,buy_more,wealth_creation,none,3130,Moderate
51,15915,0,7,yes,buy_more,tax_saving,none,5481,Aggressive
42,30128,0,15,no,hold,tax_saving,none,9466,Conservative
50,47692,2,7,yes,hold,wealth_creation,none,15193,Moderate
49,50450,2,3,no,sell,retirement,none,8025,Conservative
22,104577,3,7,yes,buy_more,child_education,none,34934,Aggressive
29,63718,3,7,yes,hold,tax_saving,some,5890,Aggressive
43,50852,0,5,yes,buy_more,retirement,some,3730,Aggressive
60,48311,2,10,yes,sell,child_education,none,8194,Conservative
27,80570,0,5,no,buy_more,wealth_creation,some,26582,Aggressive
25,37588,1,15,yes,hold,short_term,none,12793,Aggressive
58,46021,1,10,yes,sell,retirement,some,9114,Moderate
59,30026,0,10,no,hold,child_education,experienced,8274,Moderate
27,92828,0,7,yes,hold,retirement,some,19630,Aggressive
37,58490,0,3,yes,buy_more,child_education,some,4915,Aggressive
46,35653,0,10,no,hold,short_term,some,8768,Moderate
28,46559,4,1,yes,hold,retirement,none,4379,Conservative
34,61657,0,7,no,sell,retirement,some,15220,Moderate
36,43790,1,1,no,buy_more,child_education,none,5348,Moderate
46,38541,4,7,yes,buy_more,retirement,some,4971,Moderate
33,36518,1,10,yes,buy_more,retirement,experienced,9220,Aggressive
37,57098,1,5,yes,sell,short_term,some,10819,Moderate
32,41725,4,5,yes,buy_more,retirement,some,12478,Aggressive
51,39966,0,2,no,sell,tax_saving,some,10154,Conservative
27,26870,0,3,no,buy_more,tax_saving,some,3721,Moderate
30,50763,1,5,yes,sell,retirement,some,14372,Moderate
30,45181,1,15,no,sell,wealth_creation,experienced,3135,Moderate
57,42415,2,15,yes,sell,retirement,some,11471,Moderate
58,53607,0,20,no,buy_more,child_education,some,8878,Aggressive
41,68637,2,2,yes,hold,retirement,none,9652,Moderate
27,67218,2,3,no,hold,short_term,some,13900,Moderate
51,62863,4,5,yes,hold,short_term,none,20250,Conservative
40,43989,0,7,yes,buy_more,short_term,none,5587,Aggressive
54,37981,0,10,yes,hold,wealth_creation,some,13286,Aggressive
35,30645,4,10,no,sell,retirement,experienced,6946,Conservative
60,37536,2,5,no,buy_more,tax_saving,some,4715,Conservative
53,49456,0,7,no,hold,short_term,none,12726,Conservative
29,34412,0,20,yes,hold,short_term,none,9312,Aggressive
50,51186,2,3,no,hold,retirement,none,10721,Conservative
32,31746,1,10,yes,hold,short_term,none,2830,Aggressive
34,23214,1,10,no,sell,retirement,none,6837,Moderate
31,70879,3,2,yes,hold,tax_saving,none,20772,Moderate
48,39597,0,20,no,hold,tax_saving,none,11070,Moderate
31,33635,0,15,no,hold,retirement,none,9307,Moderate
46,29964,2,10,yes,sell,child_education,none,4926,Conservative
44,59300,3,2,no,sell,tax_saving,experienced,11730,Conservative
51,91008,0,2,yes,hold,retirement,experienced,22609,Moderate
60,40889,2,10,yes,hold,retirement,experienced,4076,Aggressive
21,44488,0,2,yes,sell,short_term,none,10288,Conservative
60,79398,0,2,yes,hold,child_education,none,6594,Conservative
25,21705,3,5,yes,hold,retirement,some,6605,Aggressive
42,118787,0,1,no,hold,wealth_creation,some,10209,Conservative
34,147243,0,10,no,hold,tax_saving,some,41481,Aggressive
46,15000,2,7,yes,hold,wealth_creation,experienced,1748,Aggressive
49,46916,1,1,no,hold,wealth_creation,some,15412,Conservative
55,35471,1,7,no,hold,wealth_creation,experienced,8775,Moderate
37,43514,2,1,yes,buy_more,tax_saving,some,7803,Aggressive
58,40608,0,1,yes,hold,retirement,none,2561,Conservative
33,70635,2,5,no,hold,wealth_creation,none,16398,Conservative
29,46599,0,5,yes,sell,retirement,some,7614,Moderate
36,32535,0,5,yes,hold,retirement,none,9418,Moderate
42,45365,2,7,no,buy_more,child_education,some,13056,Moderate
47,61799,0,5,no,sell,retirement,some,15827,Conservative
54,28776,3,7,no,sell,retirement,some,3750,Conservative
29,23369,3,5,no,hold,child_education,experienced,2380,Aggressive
33,120178,3,10,yes,hold,child_education,none,23929,Aggressive
58,36713,0,7,no,buy_more,child_education,experienced,6817,Moderate
38,46082,0,2,no,sell,retirement,none,11607,Conservative
30,40986,3,10,yes,buy_more,tax_saving,experienced,8600,Aggressive
60,62732,1,10,yes,hold,short_term,none,12451,Moderate
38,108853,2,1,yes,buy_more,short_term,some,21143,Moderate
60,63638,3,7,no,hold,retirement,experienced,12808,Conservative
57,24753,0,10,no,hold,wealth_creation,none,7714,Moderate
57,26295,0,2,no,sell,wealth_creation,experienced,2662,Conservative
44,40964,2,15,yes,buy_more,short_term,some,2278,Aggressive
52,43446,1,5,no,sell,wealth_creation,some,5063,Conservative
59,22586,0,10,yes,sell,tax_saving,some,3231,Conservative
31,70877,1,15,no,sell,tax_saving,none,16565,Conservative
22,30066,2,20,no,buy_more,child_education,some,9103,Aggressive
33,95988,1,7,no,sell,child_education,none,25332,Conservative
46,111222,0,10,yes,hold,short_term,some,38870,Moderate
42,43839,2,3,yes,hold,retirement,some,2201,Moderate
24,59726,2,3,yes,buy_more,child_education,none,6392,Aggressive
43,28159,4,15,no,buy_more,retirement,none,2143,Moderate
27,64903,0,5,yes,hold,retirement,some,16165,Aggressive
41,39175,3,15,no,sell,wealth_creation,none,6976,Conservative
44,30053,2,1,yes,sell,short_term,some,4309,Conservative
46,43036,2,3,yes,sell,retirement,experienced,6188,Conservative
37,39751,0,2,yes,hold,wealth_creation,none,12636,Moderate
37,42348,0,7,yes,hold,retirement,some,3076,Aggressive
48,75158,1,2,yes,hold,tax_saving,experienced,10824,Moderate
50,34427,0,5,yes,hold,short_term,experienced,6884,Moderate
53,107018,0,20,yes,hold,tax_saving,none,18565,Aggressive
34,27003,4,10,no,sell,wealth_creation,experienced,6919,Moderate
37,101411,0,10,yes,buy_more,child_education,none,23552,Aggressive
34,31025,4,2,no,buy_more,wealth_creation,some,9001,Moderate
42,48998,1,5,no,hold,wealth_creation,none,14858,Conservative
26,39316,3,10,yes,hold,tax_saving,none,6683,Aggressive
38,41995,0,1,yes,buy_more,short_term,some,13010,Moderate
28,70305,2,5,yes,buy_more,short_term,none,16848,Aggressive
42,96270,1,20,yes,hold,retirement,some,29662,Aggressive
55,83762,4,2,yes,sell,child_education,none,15882,Conservative
60,40856,0,15,no,buy_more,wealth_creation,experienced,2356,Aggressive
38,53258,0,3,yes,hold,child_education,some,13175,Moderate
23,34477,4,3,no,hold,tax_saving,some,11715,Conservative
30,31376,0,3,no,sell,wealth_creation,none,10325,Conservative
25,29265,2,20,yes,buy_more,retirement,experienced,2798,Aggressive
51,40259,0,7,no,hold,wealth_creation,some,7925,Moderate
60,54848,0,10,yes,hold,wealth_creation,none,17103,Aggressive
43,20737,1,5,yes,hold,child_education,some,3628,Moderate
28,48008,1,15,no,hold,child_education,none,9863,Aggressive
21,96975,1,7,yes,hold,wealth_creation,none,33871,Aggressive
60,81215,1,7,yes,hold,child_education,none,15820,Moderate
33,37671,2,10,no,hold,child_education,some,4031,Moderate
25,26144,4,10,no,buy_more,child_education,none,1610,Aggressive
28,60290,0,10,yes,hold,wealth_creation,some,11359,Aggressive
31,17277,0,2,no,hold,retirement,none,3531,Conservative
47,80786,0,15,no,sell,child_education,none,26334,Conservative
56,44528,2,3,no,hold,tax_saving,none,12806,Conservative
32,111757,0,20,yes,sell,wealth_creation,some,7695,Aggressive
48,22535,2,5,no,hold,wealth_creation,none,6648,Conservative
23,74099,1,2,yes,hold,retirement,none,5250,Moderate
21,46853,2,3,yes,hold,retirement,none,2540,Aggressive
23,42235,3,7,yes,sell,wealth_creation,experienced,9042,Aggressive
57,26464,1,5,yes,hold,tax_saving,none,5529,Moderate
44,64092,1,15,yes,sell,tax_saving,none,9289,Moderate
53,66453,0,10,yes,hold,tax_saving,some,12504,Aggressive
21,109459,1,3,yes,sell,retirement,some,35695,Moderate
21,77158,0,7,no,buy_more,retirement,none,19514,Moderate
54,37524,3,10,yes,hold,wealth_creation,experienced,5730,Aggressive
25,31202,1,15,yes,buy_more,retirement,some,10302,Aggressive
27,26480,0,5,no,buy_more,child_education,some,2618,Aggressive
41,95125,0,20,yes,buy_more,wealth_creation,some,9755,Aggressive
45,34538,1,1,no,buy_more,wealth_creation,some,4141,Conservative
30,95425,3,10,yes,sell,tax_saving,none,11426,Moderate
38,62086,0,10,no,hold,tax_saving,experienced,4426,Aggressive
47,56866,0,5,yes,hold,retirement,none,8126,Aggressive
38,42698,1,1,yes,hold,short_term,some,9162,Moderate
36,65992,4,10,no,hold,retirement,none,7710,Moderate
23,48680,3,5,yes,hold,wealth_creation,some,3994,Aggressive
39,41516,0,2,yes,sell,wealth_creation,experienced,10177,Moderate
53,67050,2,2,yes,sell,tax_saving,some,11800,Conservative
46,45945,2,10,no,hold,short_term,none,11302,Conservative
56,34226,2,3,yes,hold,child_education,some,4258,Conservative
26,64210,1,5,no,buy_more,tax_saving,experienced,17775,Aggressive
21,47629,2,20,no,hold,retirement,none,16281,Aggressive
42,61084,1,10,yes,sell,short_term,none,7841,Conservative
28,39965,0,7,no,sell,wealth_creation,some,9663,Moderate
44,28449,0,7,no,hold,tax_saving,some,7951,Moderate
57,107021,1,2,yes,hold,wealth_creation,none,22793,Conservative
34,98319,0,5,yes,buy_more,wealth_creation,none,13503,Aggressive
42,72962,1,2,yes,hold,short_term,some,8341,Moderate
48,41170,3,2,no,buy_more,tax_saving,some,10044,Conservative
27,42824,3,2,yes,hold,child_education,none,8306,Conservative
56,91312,0,7,yes,sell,short_term,some,27501,Conservative
29,41805,0,3,no,hold,wealth_creation,experienced,3210,Moderate
53,36877,2,2,no,sell,retirement,none,2205,Conservative
47,113835,1,15,yes,sell,retirement,none,18356,Moderate
26,47980,0,2,no,hold,retirement,none,9226,Moderate
49,108639,3,10,no,hold,wealth_creation,some,26276,Conservative
28,26126,0,5,yes,sell,retirement,some,2200,Aggressive
44,61894,0,7,yes,hold,short_term,experienced,13999,Moderate
59,124490,2,1,no,hold,wealth_creation,some,36588,Conservative
59,49681,2,1,yes,sell,retirement,none,16040,Conservative
55,43529,1,15,no,hold,wealth_creation,some,13926,Conservative
40,28984,2,5,yes,sell,short_term,none,5957,Conservative
43,79782,3,1,no,hold,wealth_creation,some,25512,Conservative
33,34663,0,5,no,hold,child_education,experienced,7323,Moderate
57,46973,2,7,yes,hold,child_education,some,3382,Conservative
40,28126,0,2,yes,hold,child_education,some,9621,Moderate
51,98775,1,7,no,hold,short_term,none,5015,Conservative
35,82429,1,7,no,sell,child_education,some,11188,Conservative
50,48328,1,7,yes,hold,wealth_creation,some,3088,Moderate
29,29162,0,15,yes,hold,short_term,some,6214,Aggressive
50,97846,3,5,yes,sell,retirement,experienced,21548,Moderate
22,41578,1,15,yes,hold,retirement,experienced,10036,Aggressive
25,29811,3,5,yes,sell,child_education,some,2745,Moderate
35,22182,1,5,no,hold,tax_saving,experienced,1225,Aggressive
40,36655,3,7,yes,hold,retirement,some,4754,Aggressive
49,25473,1,7,no,buy_more,retirement,some,1667,Moderate
35,37039,1,1,no,buy_more,wealth_creation,none,2244,Moderate
21,68527,2,20,no,hold,child_education,experienced,8852,Aggressive
34,41401,2,20,no,buy_more,child_education,experienced,14475,Aggressive
38,57530,1,3,yes,hold,retirement,some,16742,Moderate
42,35401,1,7,yes,hold,retirement,none,5611,Aggressive
46,50479,1,10,yes,buy_more,retirement,none,8219,Aggressive
30,116355,1,20,yes,buy_more,short_term,none,38275,Aggressive
45,41905,1,7,no,buy_more,tax_saving,experienced,10417,Aggressive
46,58278,2,1,no,buy_more,short_term,some,17546,Conservative
52,24234,1,10,no,hold,tax_saving,some,7496,Moderate
41,97153,1,2,yes,buy_more,retirement,none,9791,Aggressive
53,39547,2,10,yes,hold,wealth_creation,some,2168,Aggressive
29,78648,4,7,no,sell,wealth_creation,some,10261,Conservative
49,46377,0,7,yes,sell,short_term,experienced,10588,Conservative
22,64550,0,3,yes,hold,tax_saving,some,20821,Aggressive
25,66300,0,5,no,sell,child_education,none,9453,Conservative
55,39990,2,7,no,sell,retirement,none,12198,Conservative
40,80126,1,3,yes,hold,child_education,experienced,19923,Aggressive
45,34837,1,3,yes,hold,retirement,experienced,8582,Moderate
45,69568,0,3,no,sell,wealth_creation,none,18427,Conservative
48,41126,3,15,no,hold,retirement,none,8367,Conservative
30,57371,1,5,yes,hold,wealth_creation,some,14462,Aggressive
28,39819,2,10,no,buy_more,retirement,some,11467,Aggressive
22,50135,0,7,yes,hold,retirement,some,11371,Aggressive
55,30223,0,15,no,sell,tax_saving,none,1866,Conservative
29,54797,0,7,no,buy_more,short_term,experienced,11133,Aggressive
44,50005,1,2,no,buy_more,short_term,some,11455,Conservative
39,38442,1,3,no,hold,child_education,some,12017,Conservative
27,47821,0,1,yes,sell,short_term,none,2466,Conservative
37,52067,0,15,yes,hold,child_education,none,3362,Aggressive
24,37147,0,10,no,buy_more,retirement,none,5957,Aggressive
28,46261,1,10,yes,buy_more,child_education,none,13456,Aggressive
26,31179,0,10,no,buy_more,wealth_creation,experienced,6089,Aggressive
53,140868,0,15,yes,buy_more,wealth_creation,some,19943,Aggressive
43,78952,0,20,yes,hold,tax_saving,experienced,20367,Aggressive
58,55430,2,7,no,sell,retirement,some,11158,Conservative
38,83070,4,3,yes,sell,retirement,none,18451,Conservative
29,20117,2,2,no,sell,wealth_creation,some,3590,Conservative
45,15506,0,7,yes,sell,short_term,some,4148,Conservative
58,40958,4,10,yes,sell,child_education,experienced,2239,Conservative
42,26361,4,7,yes,hold,retirement,some,1331,Aggressive
21,44069,1,3,yes,buy_more,wealth_creation,none,11230,Aggressive
33,53774,0,10,no,sell,tax_saving,some,3118,Moderate
57,74175,2,5,yes,buy_more,wealth_creation,some,11212,Aggressive
41,29371,4,3,yes,buy_more,wealth_creation,some,4696,Aggressive
59,58678,2,15,no,sell,wealth_creation,none,13739,Conservative
41,49339,2,7,yes,sell,short_term,some,13900,Conservative
21,57318,2,3,yes,hold,retirement,experienced,16997,Aggressive
55,38797,4,5,no,buy_more,retirement,none,5200,Conservative
51,91346,0,7,no,hold,retirement,some,9015,Conservative
49,46789,0,5,yes,sell,tax_saving,none,16106,Conservative
59,108921,3,2,no,hold,wealth_creation,none,6875,Conservative
28,34348,0,7,yes,buy_more,tax_saving,none,10103,Aggressive
57,68478,1,10,yes,sell,child_education,none,3837,Moderate
30,47722,0,1,yes,hold,wealth_creation,none,9331,Moderate
59,42298,0,7,no,hold,retirement,some,10255,Conservative
28,65156,0,7,yes,sell,retirement,some,12595,Aggressive
43,42846,1,5,no,buy_more,child_education,none,9400,Moderate
52,15000,1,5,yes,sell,tax_saving,some,864,Conservative
24,15000,1,3,yes,buy_more,child_education,some,1444,Aggressive
23,86906,0,5,no,hold,child_education,some,18770,Moderate
54,85273,4,15,no,sell,child_education,some,25438,Conservative
23,114611,1,5,yes,hold,child_education,none,24587,Aggressive
45,48635,4,20,yes,sell,wealth_creation,some,9719,Moderate
58,27400,1,5,no,sell,tax_saving,none,9492,Conservative
45,40586,0,10,yes,sell,child_education,none,6775,Moderate
40,49273,2,7,yes,buy_more,tax_saving,none,8161,Aggressive
37,31158,3,10,yes,buy_more,short_term,experienced,2249,Aggressive
46,102935,0,15,no,sell,child_education,none,29331,Conservative
43,134292,2,7,yes,hold,tax_saving,some,9442,Moderate
41,60792,2,5,yes,buy_more,short_term,some,5522,Moderate
27,48781,0,20,yes,hold,tax_saving,none,3269,Aggressive
47,27371,1,20,yes,sell,wealth_creation,none,2948,Moderate
50,98311,0,20,yes,hold,retirement,none,17859,Aggressive
49,50733,0,2,yes,hold,tax_saving,none,3175,Moderate
24,43039,3,1,no,hold,child_education,experienced,7464,Conservative
49,60871,1,5,yes,hold,child_education,none,11828,Moderate
50,37662,2,10,yes,hold,retirement,some,3134,Aggressive
28,52370,2,1,no,hold,child_education,none,3484,Conservative
54,25613,4,5,yes,hold,retirement,some,3696,Moderate
41,79952,1,7,yes,hold,tax_saving,none,19601,Aggressive
39,46770,1,3,yes,hold,child_education,none,10857,Moderate
49,82574,0,10,no,buy_more,child_education,none,7265,Moderate
41,44778,2,3,no,sell,tax_saving,experienced,3473,Conservative
42,46106,1,15,no,hold,tax_saving,some,4890,Moderate
33,28408,2,5,no,hold,wealth_creation,none,8872,Moderate
58,69001,1,7,yes,hold,short_term,some,22735,Conservative
59,33053,0,7,no,hold,retirement,some,6824,Conservative
26,39383,3,3,yes,hold,retirement,some,12629,Moderate
50,49043,3,5,yes,hold,child_education,experienced,4385,Moderate
21,51769,1,15,yes,hold,retirement,none,12795,Aggressive
35,22748,2,7,yes,hold,short_term,experienced,5564,Aggressive
59,44184,1,1,yes,hold,wealth_creation,experienced,8165,Moderate
27,70112,2,10,yes,buy_more,retirement,some,19024,Aggressive
36,41346,1,3,no,buy_more,retirement,some,7959,Moderate
29,44305,1,5,no,hold,retirement,none,13599,Moderate
50,52737,0,5,no,sell,retirement,none,4786,Conservative
39,46319,0,5,yes,buy_more,tax_saving,some,2556,Aggressive
44,30830,2,1,yes,hold,tax_saving,experienced,5038,Moderate
58,48225,1,3,no,hold,wealth_creation,none,4271,Conservative
41,76675,0,1,yes,buy_more,child_education,some,7954,Aggressive
50,30545,0,5,yes,sell,short_term,none,1964,Conservative
24,41418,1,7,yes,sell,short_term,none,7421,Moderate
29,26324,2,7,yes,sell,tax_saving,none,7138,Moderate
58,74878,1,1,yes,buy_more,short_term,experienced,16248,Conservative
55,47025,2,2,no,hold,retirement,none,7383,Conservative
47,33436,3,10,no,buy_more,wealth_creation,none,1789,Moderate
36,51098,0,7,no,sell,wealth_creation,none,10358,Conservative
28,28520,3,15,yes,sell,short_term,some,4229,Moderate
55,30789,0,3,yes,sell,wealth_creation,some,3745,Moderate
52,25411,1,2,no,buy_more,child_education,none,4712,Conservative
30,30331,0,5,yes,sell,retirement,none,3064,Moderate
44,90291,0,7,yes,buy_more,wealth_creation,none,13226,Aggressive
45,35245,0,5,no,hold,retirement,none,11555,Conservative
40,60463,0,2,yes,buy_more,child_education,experienced,14103,Aggressive
58,33646,3,1,yes,hold,wealth_creation,some,11672,Conservative
25,68995,1,10,yes,hold,tax_saving,none,16445,Aggressive
31,30892,4,3,no,sell,tax_saving,some,2443,Conservative
24,49893,1,10,yes,hold,retirement,none,12460,Aggressive
48,50200,2,3,yes,hold,short_term,none,15550,Conservative
46,139736,0,3,yes,sell,child_education,some,45248,Conservative
60,65100,1,3,no,buy_more,tax_saving,some,14084,Conservative
42,37541,1,20,no,sell,wealth_creation,none,3229,Moderate
27,66720,4,1,no,sell,short_term,none,16207,Conservative
39,128306,4,2,no,hold,short_term,none,11918,Conservative
24,23544,0,15,yes,hold,child_education,none,1572,Aggressive
47,33553,2,2,yes,sell,retirement,some,3808,Conservative
47,44063,2,3,yes,buy_more,child_education,some,3485,Moderate
55,40631,1,3,yes,sell,child_education,none,7460,Conservative
34,42203,0,10,no,hold,wealth_creation,some,14060,Aggressive
33,27257,2,5,yes,sell,short_term,experienced,6762,Moderate
23,92205,2,15,no,sell,wealth_creation,none,23820,Moderate
37,25843,0,10,yes,hold,retirement,some,7522,Aggressive
40,44797,1,7,no,buy_more,tax_saving,none,5454,Moderate
51,78481,0,3,no,hold,retirement,some,17401,Conservative
51,48359,4,10,yes,sell,retirement,experienced,12761,Moderate
26,31548,0,15,no,sell,short_term,experienced,4455,Moderate
32,26718,0,15,no,buy_more,child_education,some,4442,Aggressive
41,44200,0,1,no,sell,retirement,some,11509,Conservative
34,34868,3,10,no,hold,retirement,some,10200,Moderate
22,53763,2,10,yes,sell,retirement,some,8520,Aggressive
54,26091,0,20,yes,sell,retirement,experienced,6202,Moderate
50,70676,0,3,no,sell,child_education,some,17618,Conservative
41,51637,2,10,no,sell,wealth_creation,none,16971,Conservative
33,53392,1,10,no,hold,short_term,none,15282,Conservative
54,93759,0,15,yes,hold,wealth_creation,some,10159,Aggressive
22,40255,4,10,yes,buy_more,child_education,none,9568,Aggressive
38,35361,0,15,yes,sell,wealth_creation,some,11927,Aggressive
53,38311,1,5,no,hold,child_education,some,6263,Conservative
59,44952,0,2,yes,hold,tax_saving,experienced,12567,Moderate
31,47054,2,5,yes,sell,child_education,experienced,9964,Aggressive
47,33731,2,15,yes,sell,wealth_creation,none,6116,Moderate
28,19724,1,2,yes,sell,child_education,some,4360,Moderate
25,38085,2,7,yes,sell,wealth_creation,some,6761,Moderate
35,57637,3,20,no,hold,short_term,none,8380,Moderate
56,52120,3,15,yes,sell,tax_saving,some,14506,Conservative
48,84103,1,10,yes,hold,wealth_creation,some,17645,Aggressive
40,118180,1,10,yes,hold,tax_saving,none,39053,Moderate
32,68988,3,2,yes,hold,retirement,none,3630,Conservative
26,91320,0,5,no,sell,child_education,none,25643,Moderate
31,69220,0,7,no,hold,wealth_creation,some,6728,Aggressive
27,105815,0,10,no,hold,retirement,none,29455,Aggressive
28,112745,3,3,no,buy_more,short_term,some,35071,Moderate
48,75208,0,2,yes,sell,short_term,some,21450,Conservative
26,67364,0,10,no,sell,retirement,none,15369,Moderate
22,44696,2,5,yes,buy_more,wealth_creation,some,3880,Aggressive
42,48117,0,15,no,sell,tax_saving,none,16269,Conservative
32,42107,0,5,no,sell,child_education,none,6227,Conservative
39,64832,1,15,yes,buy_more,wealth_creation,none,3790,Aggressive
26,35448,0,7,yes,hold,wealth_creation,some,1792,Aggressive
29,44981,4,10,yes,hold,short_term,some,12216,Moderate
38,16986,0,10,yes,sell,retirement,none,5094,Moderate
48,106445,3,3,yes,sell,child_education,none,30966,Conservative
37,44390,1,3,no,sell,short_term,none,9664,Conservative
42,60174,0,15,yes,buy_more,child_education,none,14415,Aggressive
41,94466,0,3,no,hold,wealth_creation,none,30422,Conservative
31,56113,1,10,yes,hold,retirement,none,13977,Aggressive
32,93897,1,2,yes,buy_more,tax_saving,some,14587,Moderate
38,28035,0,10,yes,buy_more,retirement,experienced,9395,Aggressive
22,144180,4,3,yes,sell,wealth_creation,none,48974,Conservative
48,79953,1,7,yes,hold,wealth_creation,some,19058,Aggressive
45,53859,4,7,yes,hold,wealth_creation,none,11839,Moderate
33,93086,0,3,yes,buy_more,wealth_creation,none,30816,Moderate
35,28972,0,5,yes,buy_more,wealth_creation,some,8211,Aggressive
34,43050,1,15,no,hold,retirement,none,3685,Moderate
47,93893,0,10,no,hold,short_term,some,31684,Conservative
51,21159,0,20,yes,sell,wealth_creation,none,5656,Moderate
25,63082,0,10,no,hold,short_term,experienced,17139,Aggressive
37,62285,0,7,no,hold,short_term,some,10605,Moderate
21,118913,2,7,yes,hold,short_term,some,6246,Moderate
39,24044,0,20,yes,hold,child_education,none,3162,Aggressive
30,101147,4,7,yes,hold,child_education,none,15104,Moderate
34,38110,0,5,yes,hold,retirement,some,7117,Aggressive
39,40088,1,15,no,buy_more,wealth_creation,some,10438,Aggressive
33,28285,1,20,no,hold,short_term,some,5237,Moderate
36,30045,1,5,yes,buy_more,short_term,some,4856,Aggressive
51,58781,3,2,yes,hold,retirement,some,7314,Conservative
53,29716,3,7,no,hold,child_education,some,8336,Conservative
21,68399,0,10,yes,hold,child_education,none,19579,Aggressive
36,36376,1,5,yes,hold,child_education,experienced,5782,Aggressive
54,28399,3,10,yes,buy_more,retirement,some,3273,Aggressive
42,38657,0,7,no,sell,tax_saving,none,4484,Conservative
29,57040,1,3,no,buy_more,wealth_creation,none,14194,Moderate
44,43268,0,7,no,buy_more,wealth_creation,some,12191,Aggressive
26,49781,1,5,no,hold,retirement,some,14212,Moderate
21,67056,1,10,yes,sell,retirement,experienced,20867,Aggressive
46,79784,1,1,yes,sell,child_education,some,22047,Conservative
41,42636,3,15,no,sell,tax_saving,none,8347,Conservative
51,30641,1,3,no,sell,tax_saving,none,3989,Conservative
34,50728,3,20,yes,sell,wealth_creation,some,8224,Aggressive
55,60584,2,10,yes,buy_more,child_education,some,8186,Aggressive
37,25404,1,3,no,hold,child_education,experienced,2028,Moderate
50,32834,1,20,yes,buy_more,short_term,some,3059,Aggressive
25,35467,1,5,yes,hold,wealth_creation,experienced,1908,Aggressive
24,44644,3,7,yes,hold,retirement,some,4867,Aggressive
52,34805,0,15,yes,buy_more,tax_saving,some,10461,Aggressive
54,67384,4,15,no,sell,child_education,some,14227,Conservative
58,23805,1,10,no,hold,child_education,some,3971,Conservative
33,24079,2,20,yes,buy_more,retirement,some,2918,Aggressive
21,42182,1,5,yes,buy_more,wealth_creation,experienced,9573,Aggressive
60,45295,1,3,yes,hold,wealth_creation,none,15491,Conservative
45,25473,2,1,yes,buy_more,wealth_creation,experienced,3932,Aggressive
30,37307,2,5,yes,hold,short_term,some,11350,Moderate
51,40926,0,7,yes,sell,tax_saving,some,13577,Conservative
57,41069,1,3,no,sell,child_education,none,11748,Conservative
32,52488,1,7,no,hold,retirement,none,11937,Moderate
51,36398,2,1,yes,sell,wealth_creation,some,5117,Conservative
52,95322,1,5,no,sell,tax_saving,none,5720,Conservative
41,61064,0,10,no,sell,child_education,none,16546,Moderate
46,34091,2,2,yes,buy_more,child_education,none,11481,Conservative
31,51150,1,10,no,buy_more,child_education,none,13133,Aggressive
58,51834,1,10,yes,buy_more,tax_saving,experienced,3154,Aggressive
60,84679,2,7,no,hold,retirement,some,7776,Conservative
60,37415,2,15,yes,buy_more,short_term,some,6281,Aggressive
50,69237,2,20,yes,hold,child_education,experienced,24010,Aggressive
22,49952,0,1,no,hold,wealth_creation,none,3769,Moderate
35,95913,0,10,no,hold,retirement,experienced,13942,Aggressive
38,87631,2,3,yes,sell,retirement,experienced,18890,Moderate
59,53564,0,5,no,hold,short_term,some,4477,Conservative
42,43563,0,7,no,hold,tax_saving,some,3715,Moderate
42,61572,0,10,no,buy_more,retirement,experienced,4347,Aggressive
26,45197,0,15,no,sell,retirement,none,9077,Moderate
52,104415,4,10,yes,sell,short_term,none,14195,Conservative
34,50782,0,10,yes,hold,wealth_creation,none,3140,Aggressive
24,40841,0,7,yes,sell,retirement,none,8190,Moderate
60,39861,4,2,no,buy_more,tax_saving,none,10727,Conservative
28,28399,4,1,no,hold,retirement,experienced,7118,Conservative
21,62972,0,7,no,hold,retirement,none,16076,Moderate
24,33894,3,10,yes,hold,wealth_creation,some,7293,Aggressive
39,80351,0,2,no,hold,wealth_creation,none,22849,Conservative
25,27396,2,5,no,sell,retirement,none,1882,Conservative
54,51909,0,3,no,hold,retirement,experienced,5565,Moderate
41,82256,1,7,no,sell,retirement,experienced,21468,Conservative
33,18610,0,5,yes,hold,short_term,some,2804,Moderate
21,121566,2,3,yes,buy_more,child_education,some,14788,Aggressive
40,40482,0,1,yes,sell,retirement,experienced,2352,Conservative
27,52234,1,5,yes,hold,short_term,none,16220,Aggressive
60,63395,2,7,yes,hold,retirement,some,19106,Moderate
32,67965,0,20,no,hold,child_education,none,4631,Moderate
39,55450,3,3,yes,hold,wealth_creation,none,7836,Moderate
21,76789,1,7,yes,hold,retirement,experienced,8782,Aggressive
26,61918,0,7,yes,hold,wealth_creation,some,6937,Aggressive
29,108271,0,7,no,hold,retirement,some,13796,Moderate
23,62009,0,5,no,sell,retirement,none,8626,Conservative
50,118668,0,2,yes,hold,wealth_creation,some,31085,Moderate
58,73532,1,20,no,buy_more,short_term,experienced,25071,Conservative
60,21750,2,20,no,hold,retirement,experienced,1383,Moderate
31,158735,1,5,no,buy_more,wealth_creation,some,23313,Aggressive
52,37856,1,7,no,sell,child_education,some,9472,Conservative
41,96085,2,1,no,hold,wealth_creation,none,13622,Conservative
22,49615,0,1,no,hold,retirement,none,5325,Conservative
24,79022,2,1,yes,hold,tax_saving,none,7929,Moderate
42,35960,3,10,no,buy_more,retirement,some,8248,Aggressive
37,64963,0,3,yes,hold,child_education,experienced,6192,Aggressive
21,43742,2,3,yes,hold,retirement,experienced,3454,Aggressive
58,99762,4,1,no,hold,retirement,none,27425,Conservative
50,59718,1,1,no,hold,child_education,none,9144,Conservative
41,74695,4,5,no,buy_more,child_education,none,23779,Conservative
60,18511,0,7,no,buy_more,short_term,some,3682,Conservative
59,47169,1,7,no,sell,retirement,experienced,4223,Conservative
59,58967,0,5,yes,buy_more,tax_saving,some,6358,Moderate
31,54210,0,5,no,hold,child_education,experienced,17045,Aggressive
56,75547,4,10,yes,hold,wealth_creation,some,6623,Moderate
41,41578,0,3,yes,hold,child_education,some,6014,Aggressive
50,50108,4,3,yes,buy_more,short_term,experienced,7066,Moderate
55,83412,2,15,no,hold,child_education,some,28887,Conservative
27,17581,3,10,no,sell,retirement,none,6018,Conservative
38,63908,4,5,no,hold,child_education,none,16464,Conservative
26,42182,1,3,yes,hold,child_education,none,5089,Aggressive
32,32515,4,2,no,buy_more,short_term,none,3374,Conservative
37,57036,2,1,no,hold,child_education,some,3880,Conservative
55,85165,1,15,no,buy_more,short_term,some,5824,Conservative
55,78246,2,7,yes,hold,tax_saving,none,25996,Moderate
36,46129,0,1,no,hold,tax_saving,none,10658,Conservative
34,72699,0,2,no,hold,child_education,none,7959,Conservative
42,72448,0,3,yes,sell,short_term,experienced,20603,Moderate
57,47130,1,3,yes,sell,tax_saving,none,3436,Conservative
60,35886,0,7,yes,hold,tax_saving,none,7418,Conservative
30,36832,1,5,yes,sell,child_education,some,4004,Moderate
28,71470,2,15,yes,sell,retirement,some,13192,Aggressive
49,48099,2,10,no,sell,short_term,none,5710,Conservative
33,30614,3,15,no,sell,tax_saving,some,2784,Conservative
28,22966,4,15,no,sell,child_education,some,7534,Conservative
22,71276,3,20,yes,hold,retirement,some,23234,Aggressive
37,38328,2,20,yes,buy_more,tax_saving,some,7588,Aggressive
36,56878,0,3,no,hold,retirement,none,16259,Conservative
43,85636,4,3,no,hold,short_term,none,9465,Conservative
29,27200,0,2,no,sell,short_term,some,4599,Conservative
49,48035,0,7,no,sell,tax_saving,none,5651,Conservative
48,45396,0,10,no,buy_more,tax_saving,none,3410,Moderate
39,58155,1,2,no,hold,wealth_creation,none,10302,Conservative
28,85615,2,15,no,buy_more,tax_saving,some,23413,Aggressive
41,26950,0,10,yes,hold,child_education,experienced,7369,Aggressive
47,63348,2,7,yes,hold,short_term,some,11593,Moderate
35,77978,0,5,no,hold,retirement,experienced,14339,Moderate
31,45077,0,2,yes,sell,tax_saving,some,10406,Conservative
41,46080,0,7,yes,buy_more,short_term,some,15203,Aggressive
35,59177,0,2,yes,hold,tax_saving,none,5622,Moderate
37,57249,2,7,no,hold,tax_saving,none,9816,Conservative
34,63707,0,3,yes,sell,child_education,none,20494,Moderate
33,63106,0,3,no,hold,child_education,none,13543,Moderate
49,31511,0,5,no,buy_more,retirement,some,9071,Moderate
39,76543,2,7,no,hold,tax_saving,none,14450,Moderate
39,82871,4,5,yes,buy_more,tax_saving,none,27042,Aggressive
47,53302,2,20,no,sell,child_education,some,16900,Conservative
35,25024,1,1,no,buy_more,wealth_creation,none,4599,Conservative
25,46553,3,15,yes,hold,retirement,experienced,2397,Aggressive
55,53502,0,1,no,buy_more,tax_saving,experienced,11762,Conservative
23,29287,0,3,yes,hold,wealth_creation,none,3256,Aggressive
43,41686,1,20,no,hold,wealth_creation,none,5092,Moderate
31,25998,0,10,no,hold,child_education,experienced,4651,Aggressive
29,64426,1,7,yes,buy_more,wealth_creation,experienced,11918,Aggressive
22,52821,1,10,no,buy_more,retirement,experienced,16279,Aggressive
57,23374,0,5,yes,hold,retirement,none,1388,Moderate
38,57420,1,10,no,hold,retirement,some,7954,Moderate
34,47789,1,2,no,hold,retirement,none,11454,Conservative
50,61844,0,10,yes,sell,wealth_creation,none,14631,Moderate
22,41101,3,20,no,sell,retirement,none,5973,Conservative
43,34177,2,15,no,hold,tax_saving,some,3533,Conservative
40,34652,0,10,yes,hold,wealth_creation,some,4612,Aggressive
43,38477,0,7,no,hold,tax_saving,some,12224,Moderate
25,49437,0,7,yes,hold,child_education,none,6370,Aggressive
59,52395,0,5,yes,hold,child_education,experienced,10349,Aggressive
30,44989,0,15,yes,sell,wealth_creation,none,14967,Moderate
48,40518,0,7,yes,sell,wealth_creation,experienced,3465,Moderate
50,41850,3,5,yes,sell,short_term,some,13024,Conservative
34,151520,3,10,yes,hold,wealth_creation,none,41366,Aggressive
26,34654,2,1,no,buy_more,short_term,some,6779,Conservative
32,38135,2,15,yes,buy_more,tax_saving,some,12763,Aggressive
53,215827,2,15,no,sell,retirement,none,15609,Conservative
57,59246,2,3,yes,buy_more,wealth_creation,none,18151,Conservative
58,26344,3,1,yes,hold,child_education,experienced,2879,Conservative
30,71625,2,10,no,hold,tax_saving,experienced,11192,Aggressive
45,32548,2,3,yes,hold,short_term,some,2822,Moderate
27,73797,3,20,yes,buy_more,short_term,none,14655,Aggressive
49,44581,1,1,no,hold,wealth_creation,none,4490,Conservative
37,40218,0,3,yes,hold,wealth_creation,none,5088,Aggressive
49,101126,0,1,yes,sell,tax_saving,some,6865,Conservative
48,63251,1,10,no,sell,retirement,some,8951,Moderate
60,75951,0,7,yes,sell,tax_saving,none,7531,Conservative
40,59618,0,15,no,sell,retirement,experienced,15238,Moderate
34,40134,0,20,yes,hold,child_education,experienced,9690,Aggressive
42,64544,0,7,yes,sell,short_term,none,16112,Conservative
27,84469,4,3,yes,hold,retirement,some,21354,Aggressive
25,52084,1,2,yes,buy_more,short_term,some,4216,Moderate
41,110275,0,15,no,buy_more,short_term,none,12587,Moderate
54,71877,1,3,no,sell,short_term,some,19496,Conservative
42,53927,0,15,no,sell,wealth_creation,none,10497,Moderate
52,54894,2,15,yes,hold,tax_saving,none,13121,Aggressive
28,52143,2,7,no,sell,tax_saving,some,3492,Conservative
38,27915,0,7,no,hold,wealth_creation,none,4630,Moderate
45,47073,1,20,yes,hold,tax_saving,some,8539,Aggressive
34,54151,0,10,yes,hold,retirement,none,13955,Aggressive
21,40650,2,10,yes,sell,child_education,some,13155,Aggressive
23,57065,4,5,yes,sell,child_education,some,12688,Moderate
58,49493,3,5,yes,buy_more,wealth_creation,experienced,13775,Aggressive
45,69436,0,5,yes,buy_more,wealth_creation,none,16876,Aggressive
31,66065,2,20,no,hold,retirement,some,21337,Moderate
31,52850,2,7,yes,hold,child_education,experienced,15497,Aggressive
22,26496,3,10,yes,hold,retirement,none,3290,Aggressive
58,109735,0,1,no,sell,short_term,none,12805,Conservative
25,45988,1,15,yes,buy_more,child_education,none,14880,Aggressive
51,47268,0,5,yes,sell,wealth_creation,experienced,10835,Moderate
30,42018,0,10,yes,hold,short_term,none,7768,Moderate
34,39348,2,1,no,sell,wealth_creation,none,10232,Conservative
31,98206,1,15,yes,hold,wealth_creation,experienced,13210,Aggressive
53,91465,0,7,no,buy_more,child_education,none,26760,Moderate
22,59872,3,5,no,hold,wealth_creation,none,12472,Moderate
35,46705,1,3,no,hold,retirement,some,14539,Conservative
32,64770,4,3,no,hold,tax_saving,none,15746,Conservative
31,50676,2,3,no,hold,short_term,some,6489,Conservative
28,44999,3,2,no,hold,tax_saving,none,15283,Conservative
57,57076,2,5,yes,hold,wealth_creation,some,9744,Moderate
36,40194,0,5,yes,hold,short_term,some,11245,Aggressive
37,54913,0,5,yes,hold,wealth_creation,none,6955,Aggressive
36,53739,3,10,yes,sell,wealth_creation,some,9410,Moderate
60,64300,0,5,yes,hold,retirement,experienced,17456,Moderate
34,37100,1,2,no,sell,tax_saving,none,9604,Conservative
34,67478,2,15,yes,hold,child_education,experienced,22382,Aggressive
34,32603,0,5,no,hold,retirement,experienced,9433,Aggressive
34,37886,0,7,yes,buy_more,retirement,none,5578,Aggressive
24,38637,1,20,no,sell,short_term,some,11938,Conservative
45,30259,1,10,yes,hold,wealth_creation,experienced,9874,Aggressive
22,77423,2,7,no,sell,wealth_creation,some,26031,Conservative
30,31695,0,7,no,buy_more,tax_saving,some,10146,Aggressive
29,35792,1,15,yes,sell,wealth_creation,none,9256,Moderate
32,86243,0,15,no,hold,retirement,experienced,24902,Aggressive
51,37920,2,2,no,sell,short_term,none,9265,Conservative
44,45041,0,7,no,buy_more,retirement,some,6572,Aggressive
60,31088,0,15,no,sell,child_education,experienced,9165,Conservative
35,71312,3,10,yes,hold,short_term,none,8434,Moderate
58,71756,0,2,no,sell,retirement,some,12872,Conservative
22,68358,2,5,no,hold,short_term,some,10462,Moderate
41,62435,0,7,no,sell,short_term,experienced,6346,Moderate
52,50671,0,3,no,hold,child_education,some,14678,Conservative
42,38716,0,10,no,sell,short_term,some,7417,Conservative
58,33971,3,5,yes,buy_more,wealth_creation,none,7069,Moderate
33,87593,1,3,no,hold,tax_saving,none,17572,Conservative
22,69158,0,5,yes,hold,short_term,none,17760,Aggressive
51,35882,1,15,no,sell,short_term,some,3687,Conservative
23,49907,1,15,yes,sell,wealth_creation,some,9993,Aggressive
51,42828,2,15,no,buy_more,child_education,none,5485,Moderate
50,29504,4,15,yes,buy_more,wealth_creation,none,10075,Moderate
54,53100,1,20,yes,hold,child_education,none,3613,Moderate
40,40661,1,5,yes,buy_more,wealth_creation,experienced,13357,Aggressive
56,31931,0,2,yes,sell,retirement,none,2170,Conservative
27,25194,4,10,no,buy_more,retirement,some,2085,Aggressive
38,24252,1,7,yes,hold,child_education,some,7806,Aggressive
25,41475,0,5,yes,buy_more,short_term,experienced,10134,Aggressive
51,47179,4,20,yes,hold,wealth_creation,some,6950,Moderate
49,33061,4,5,yes,sell,child_education,none,7488,Conservative
53,65698,1,15,yes,hold,retirement,none,6559,Aggressive
51,47596,0,7,yes,buy_more,retirement,none,3306,Aggressive
33,63551,2,1,no,sell,retirement,some,4116,Conservative
23,45147,3,15,no,hold,wealth_creation,none,5914,Moderate
58,34399,1,10,no,hold,tax_saving,none,3571,Conservative
40,51603,0,7,yes,hold,retirement,none,8823,Aggressive
24,27772,0,7,yes,hold,retirement,some,8692,Aggressive
58,62489,0,3,yes,hold,wealth_creation,none,10221,Conservative
60,32153,0,3,no,buy_more,retirement,none,5452,Conservative
38,74102,2,1,yes,hold,tax_saving,none,6389,Conservative
51,42095,0,2,yes,buy_more,tax_saving,some,14590,Moderate
22,79074,1,5,no,sell,retirement,none,7399,Conservative
24,29578,3,7,yes,sell,retirement,some,4480,Moderate
32,36134,1,2,yes,sell,tax_saving,some,12058,Conservative
47,58187,0,7,no,hold,short_term,some,10850,Moderate
26,83010,4,3,no,hold,wealth_creation,none,12570,Moderate
22,103774,0,3,yes,sell,tax_saving,some,27453,Moderate
47,49941,3,20,yes,hold,child_education,some,2991,Moderate
51,112081,0,20,yes,hold,short_term,none,16404,Moderate
50,43029,1,15,yes,hold,wealth_creation,none,9641,Aggressive
52,80373,2,1,yes,hold,child_education,experienced,27913,Moderate
53,32080,1,10,yes,hold,tax_saving,none,10915,Aggressive
45,59224,1,2,yes,buy_more,tax_saving,some,14086,Moderate
41,17089,0,7,yes,hold,short_term,none,2598,Moderate
55,29592,1,15,no,buy_more,wealth_creation,some,6362,Moderate
34,60476,0,5,no,buy_more,child_education,none,19966,Aggressive
24,27157,2,20,yes,buy_more,retirement,some,6793,Aggressive
51,59404,1,10,no,sell,wealth_creation,none,5629,Conservative
32,73710,1,3,no,hold,retirement,none,25169,Conservative
60,39120,0,2,yes,hold,short_term,some,12544,Conservative
37,31696,1,15,no,sell,wealth_creation,none,3646,Moderate
55,39601,1,5,yes,hold,wealth_creation,none,9783,Moderate
22,31741,0,1,no,sell,child_education,some,9949,Conservative
47,46838,2,2,yes,hold,retirement,experienced,5440,Conservative
38,51325,0,20,yes,buy_more,retirement,none,16788,Aggressive
39,42714,0,3,no,hold,tax_saving,some,4442,Conservative
31,104136,2,20,no,buy_more,wealth_creation,none,16365,Moderate
59,35463,0,10,yes,buy_more,retirement,some,11806,Aggressive
36,91687,0,3,no,buy_more,wealth_creation,some,30623,Moderate
55,30682,2,5,no,sell,retirement,some,1748,Conservative
38,50652,2,10,yes,buy_more,wealth_creation,none,15697,Aggressive
22,83482,0,5,yes,sell,short_term,none,21548,Moderate
56,81561,0,1,yes,buy_more,wealth_creation,some,25407,Moderate
28,40574,1,3,no,sell,wealth_creation,some,7651,Conservative
31,62930,1,15,yes,sell,wealth_creation,some,21676,Aggressive
55,59250,1,10,yes,hold,child_education,none,16262,Moderate
56,38446,2,7,yes,hold,short_term,none,10680,Conservative
57,64678,2,3,yes,buy_more,wealth_creation,some,11517,Moderate
38,113337,4,5,yes,hold,short_term,none,19006,Conservative
51,60613,0,10,yes,hold,wealth_creation,experienced,6768,Aggressive
34,63250,0,2,yes,sell,retirement,some,4267,Conservative
50,66334,0,20,yes,buy_more,wealth_creation,some,21255,Aggressive
41,25401,0,15,yes,hold,tax_saving,none,5771,Aggressive
23,60300,1,3,yes,buy_more,wealth_creation,none,13111,Aggressive
37,31022,3,15,yes,buy_more,wealth_creation,experienced,4696,Aggressive
39,37592,0,10,no,hold,short_term,some,10221,Moderate
31,129686,0,10,yes,hold,child_education,none,22314,Aggressive
35,43740,1,2,yes,hold,child_education,experienced,12806,Moderate
41,35133,4,15,no,buy_more,tax_saving,none,2597,Aggressive
22,82344,0,5,no,hold,tax_saving,some,10229,Moderate
27,32001,2,10,no,buy_more,tax_saving,none,4320,Aggressive
51,40081,3,3,no,buy_more,wealth_creation,experienced,2284,Moderate
35,85997,1,3,yes,hold,short_term,experienced,21416,Aggressive
45,49973,2,20,yes,hold,retirement,none,13017,Aggressive
43,24276,1,5,yes,hold,child_education,none,4224,Aggressive
43,62617,0,1,yes,sell,wealth_creation,some,18073,Conservative
37,41010,1,15,no,buy_more,retirement,none,13784,Aggressive
40,98020,0,3,no,sell,wealth_creation,some,26564,Conservative
53,37317,2,15,no,hold,child_education,some,9403,Moderate
59,78672,3,15,no,hold,wealth_creation,none,14545,Conservative
31,108995,0,1,no,buy_more,tax_saving,experienced,23547,Conservative
47,33425,1,7,yes,hold,wealth_creation,some,4560,Moderate
59,44938,0,20,no,hold,short_term,none,5537,Conservative
21,58388,0,20,yes,sell,tax_saving,some,3378,Aggressive
52,33329,2,7,yes,buy_more,child_education,experienced,6474,Aggressive
40,55361,0,10,yes,hold,wealth_creation,some,6506,Aggressive
59,44302,2,7,no,hold,wealth_creation,experienced,8426,Conservative
44,43902,0,3,no,buy_more,retirement,none,12894,Moderate
54,50112,3,7,yes,hold,wealth_creation,none,8024,Moderate
27,50618,1,5,no,sell,child_education,some,7419,Moderate
26,52772,1,5,yes,sell,retirement,none,9712,Moderate
58,37441,2,5,no,hold,child_education,none,7437,Conservative
42,38184,1,15,yes,sell,retirement,some,5032,Aggressive
43,46473,0,3,yes,hold,child_education,none,10687,Moderate
27,48043,3,3,yes,sell,short_term,none,2820,Conservative
30,40236,0,1,no,hold,child_education,none,7879,Conservative
53,56713,0,2,no,hold,tax_saving,none,13878,Conservative
33,21662,1,20,yes,hold,short_term,none,4113,Moderate
44,35287,1,5,yes,hold,retirement,none,12120,Moderate
33,43218,2,3,yes,hold,wealth_creation,experienced,4170,Aggressive
31,33347,3,20,no,hold,short_term,none,6199,Moderate
27,102041,1,1,yes,buy_more,retirement,none,14034,Aggressive
58,49438,0,5,no,hold,short_term,experienced,15867,Conservative
58,53079,0,10,yes,buy_more,wealth_creation,some,5513,Aggressive
25,39440,0,10,yes,hold,wealth_creation,none,8141,Aggressive
35,48673,2,3,no,hold,tax_saving,experienced,8629,Moderate
43,28371,0,10,no,hold,retirement,experienced,9225,Aggressive
36,45414,2,7,yes,sell,tax_saving,some,9867,Moderate
49,32155,1,10,yes,buy_more,child_education,some,6099,Aggressive
31,43267,2,3,yes,hold,retirement,some,9777,Moderate
23,15491,0,15,yes,sell,wealth_creation,experienced,4080,Aggressive
34,29507,0,7,yes,hold,retirement,some,1758,Aggressive
44,94728,3,10,no,hold,tax_saving,experienced,11749,Aggressive
28,71230,1,20,yes,sell,short_term,none,8598,Moderate
53,88749,1,15,yes,sell,child_education,some,15502,Moderate
21,91534,2,10,yes,buy_more,wealth_creation,experienced,20403,Aggressive
23,66359,3,3,yes,hold,retirement,none,21551,Conservative
41,39982,0,1,yes,sell,retirement,none,8785,Conservative
41,30737,3,7,no,sell,wealth_creation,some,3210,Conservative
32,82128,0,1,yes,hold,tax_saving,some,17062,Moderate
31,50466,4,10,no,hold,child_education,some,9011,Moderate
23,150589,0,10,yes,hold,retirement,experienced,36701,Aggressive
47,41593,0,7,yes,buy_more,short_term,none,10025,Moderate
36,119110,0,2,yes,sell,wealth_creation,some,29544,Conservative
25,45681,3,15,no,sell,child_education,some,15951,Conservative
36,89430,4,7,yes,sell,child_education,none,5212,Conservative
58,105188,0,7,no,hold,child_education,none,29312,Conservative
31,30935,0,7,yes,sell,wealth_creation,some,9480,Aggressive
56,39409,0,2,no,hold,wealth_creation,some,4868,Conservative
31,30796,0,10,yes,buy_more,retirement,some,8537,Aggressive
28,28184,2,1,yes,sell,retirement,some,2296,Moderate
31,66183,0,7,no,buy_more,tax_saving,some,14081,Moderate
33,44869,4,2,yes,buy_more,child_education,none,6583,Conservative
25,50189,4,3,yes,hold,tax_saving,none,5942,Moderate
44,62963,0,3,no,buy_more,wealth_creation,some,15372,Moderate
34,21251,1,1,no,hold,retirement,some,3629,Conservative
49,87469,4,15,no,hold,short_term,experienced,8730,Conservative
40,41894,3,10,yes,hold,retirement,some,9718,Aggressive
38,62291,2,1,yes,sell,retirement,some,12585,Conservative
39,64816,0,1,yes,hold,retirement,experienced,4062,Aggressive
27,90840,0,10,yes,buy_more,child_education,some,26909,Aggressive
49,46761,2,1,yes,hold,wealth_creation,some,16180,Conservative
25,18851,1,5,yes,hold,child_education,experienced,2878,Aggressive
49,50297,2,2,yes,hold,wealth_creation,none,17412,Conservative
60,53654,2,7,yes,buy_more,short_term,some,18711,Moderate
51,30778,1,20,yes,sell,child_education,some,5826,Moderate
39,52384,0,2,yes,hold,child_education,some,17087,Moderate
33,41670,1,20,yes,sell,retirement,experienced,11862,Aggressive
55,26789,3,15,yes,buy_more,retirement,none,8045,Moderate
31,66314,0,20,no,hold,retirement,none,5752,Moderate
40,38037,0,10,yes,sell,wealth_creation,none,10806,Moderate
51,40828,4,15,yes,hold,retirement,experienced,4938,Aggressive
57,39808,2,7,no,hold,short_term,none,10917,Conservative
57,85473,1,15,yes,sell,wealth_creation,some,10322,Moderate
24,48126,3,2,yes,buy_more,child_education,none,13724,Moderate
56,50797,1,10,no,hold,child_education,some,16159,Conservative
25,40203,4,7,no,sell,short_term,some,8061,Conservative
44,60372,3,1,no,buy_more,short_term,none,10865,Conservative
58,89966,0,3,no,sell,retirement,none,8430,Conservative
47,65613,1,3,no,sell,retirement,none,7925,Conservative
58,66775,0,5,yes,hold,wealth_creation,none,23215,Conservative
34,64395,2,3,yes,sell,child_education,some,17337,Conservative
33,26341,2,3,yes,hold,retirement,some,7394,Moderate
34,33048,1,3,yes,hold,wealth_creation,none,9722,Moderate
35,44701,4,7,no,sell,short_term,none,10061,Conservative
48,35360,1,2,yes,buy_more,wealth_creation,some,6447,Aggressive
39,30362,2,3,no,hold,child_education,experienced,4688,Moderate
50,21110,2,3,yes,hold,child_education,some,1228,Moderate
37,26743,1,5,yes,sell,retirement,experienced,7833,Moderate
33,43676,0,1,no,buy_more,tax_saving,some,13516,Moderate
28,47512,2,20,yes,sell,retirement,experienced,7263,Aggressive
43,34307,2,3,yes,sell,wealth_creation,none,7015,Moderate
56,50793,0,3,yes,buy_more,child_education,some,11347,Moderate
55,40326,2,7,yes,sell,retirement,none,9970,Conservative
31,80078,1,15,yes,buy_more,child_education,some,19616,Aggressive
40,45582,0,5,no,hold,child_education,experienced,4969,Moderate
49,67060,3,3,no,buy_more,short_term,some,17167,Conservative
45,53714,0,7,no,sell,wealth_creation,none,14812,Conservative
23,26083,2,5,no,buy_more,wealth_creation,some,1439,Aggressive
44,47061,2,5,no,sell,wealth_creation,some,11076,Conservative
22,28112,0,20,yes,sell,retirement,none,4920,Aggressive
25,46692,1,20,no,buy_more,retirement,none,14733,Aggressive
47,35055,0,7,no,sell,retirement,some,11677,Conservative
25,58214,0,1,yes,hold,short_term,none,13105,Moderate
34,26794,2,7,yes,hold,retirement,none,4551,Aggressive
44,49346,0,20,no,sell,wealth_creation,experienced,16354,Moderate
47,63423,4,20,no,sell,short_term,experienced,8304,Conservative
38,73748,1,3,no,hold,retirement,none,14584,Moderate
24,34756,0,3,yes,hold,wealth_creation,experienced,5419,Aggressive
52,49413,3,2,no,hold,retirement,experienced,4748,Conservative
58,53256,1,15,yes,hold,retirement,some,16950,Moderate
56,98342,2,5,no,hold,retirement,some,12307,Conservative
50,25169,2,5,no,hold,retirement,experienced,7263,Conservative
37,32532,3,5,no,sell,wealth_creation,some,8977,Conservative
56,173166,0,3,no,hold,retirement,none,43300,Conservative
40,43351,0,15,yes,sell,wealth_creation,none,3584,Moderate
26,20932,4,5,no,hold,short_term,some,3562,Conservative
55,37716,0,3,no,sell,short_term,none,12373,Conservative
33,15000,2,10,yes,hold,wealth_creation,none,2396,Aggressive
58,54634,2,7,yes,sell,child_education,some,3064,Conservative
35,70573,1,10,no,sell,short_term,none,18890,Conservative
55,32524,2,15,yes,sell,tax_saving,none,8335,Conservative
42,39663,4,2,yes,hold,wealth_creation,experienced,8886,Moderate
39,74283,0,1,no,hold,retirement,none,11800,Conservative
32,22301,2,1,yes,hold,wealth_creation,some,3274,Moderate
54,27045,2,10,yes,buy_more,tax_saving,some,3214,Aggressive
23,44238,0,20,no,hold,child_education,experienced,10065,Aggressive
39,34942,3,5,yes,sell,child_education,none,12189,Conservative
35,42948,1,10,no,buy_more,retirement,none,12241,Aggressive
42,27758,0,10,yes,hold,child_education,some,6841,Aggressive
31,53983,3,20,no,sell,short_term,some,11922,Conservative
47,45836,4,5,yes,sell,short_term,experienced,11990,Conservative
36,62763,0,2,no,hold,child_education,none,12588,Conservative
28,53646,2,10,no,hold,wealth_creation,none,16320,Moderate
28,53799,0,15,no,hold,wealth_creation,none,12081,Aggressive
48,25569,0,10,yes,sell,child_education,some,3176,Moderate
31,61185,0,15,yes,buy_more,retirement,none,13398,Aggressive
33,42239,3,5,yes,hold,short_term,none,5221,Moderate
46,45480,0,10,yes,buy_more,child_education,some,9582,Aggressive
34,78567,0,3,yes,sell,child_education,none,22892,Moderate
36,35463,2,5,no,hold,retirement,none,9513,Conservative
30,90042,1,3,yes,buy_more,short_term,none,11805,Moderate
34,93902,0,2,yes,sell,retirement,experienced,25239,Moderate
48,68785,0,1,yes,hold,child_education,some,5993,Conservative
42,31530,2,10,no,sell,wealth_creation,some,7680,Conservative
60,18327,2,15,no,hold,tax_saving,some,2647,Conservative
51,79656,2,3,yes,buy_more,child_education,experienced,18730,Aggressive
21,51540,0,5,yes,hold,tax_saving,none,15910,Aggressive
36,35054,1,1,yes,buy_more,tax_saving,none,3159,Moderate
32,83125,2,5,no,sell,wealth_creation,experienced,21524,Conservative
44,33266,0,3,no,buy_more,tax_saving,some,8482,Aggressive
31,40502,0,7,yes,hold,short_term,experienced,11222,Aggressive
59,62081,1,15,yes,sell,child_education,some,21156,Conservative
32,29699,0,7,no,buy_more,retirement,some,5787,Aggressive
41,46664,0,10,no,sell,wealth_creation,some,4241,Moderate
25,80026,4,10,yes,sell,wealth_creation,none,20709,Moderate
57,53906,1,2,yes,buy_more,retirement,experienced,11513,Moderate
57,85934,2,5,yes,sell,short_term,some,25227,Conservative
52,81643,0,2,no,sell,tax_saving,none,23504,Conservative
35,49191,2,5,yes,sell,retirement,none,13278,Moderate
23,17127,1,15,no,buy_more,tax_saving,none,2896,Aggressive
49,29804,4,5,no,sell,wealth_creation,none,5743,Conservative
38,69113,1,5,no,hold,short_term,none,22448,Conservative
60,24401,2,3,no,sell,retirement,none,4411,Conservative
48,42318,0,3,yes,hold,retirement,experienced,9563,Moderate
42,57086,1,20,no,sell,retirement,some,14560,Moderate
60,94969,4,3,no,buy_more,wealth_creation,none,8045,Conservative
53,37844,2,10,no,buy_more,short_term,none,10627,Conservative
39,36696,2,1,yes,buy_more,tax_saving,some,1999,Aggressive
21,47877,3,2,yes,hold,retirement,some,16499,Moderate
24,57406,4,3,no,hold,tax_saving,none,12659,Conservative
38,45733,0,15,yes,sell,wealth_creation,experienced,4592,Aggressive
43,78603,0,3,no,hold,short_term,none,22422,Conservative
22,34213,1,10,yes,hold,wealth_creation,none,10378,Aggressive
26,51744,4,2,yes,hold,short_term,none,5765,Conservative
49,59894,1,7,no,sell,tax_saving,experienced,3735,Conservative
51,40941,0,7,no,hold,tax_saving,experienced,8489,Moderate
22,71529,1,7,no,sell,wealth_creation,some,17322,Moderate
41,52419,0,3,yes,hold,retirement,some,5267,Aggressive
24,69911,0,2,yes,buy_more,retirement,none,15274,Aggressive
49,53495,0,15,yes,sell,child_education,none,11122,Moderate
54,58068,0,7,no,sell,tax_saving,none,17947,Conservative
55,36879,2,3,yes,sell,tax_saving,experienced,10870,Moderate
44,36906,0,5,yes,hold,tax_saving,some,3306,Aggressive
46,85048,0,1,yes,hold,retirement,some,22291,Moderate
58,65249,1,5,no,buy_more,wealth_creation,experienced,13105,Moderate
45,30935,0,5,no,buy_more,tax_saving,none,5873,Moderate
38,53177,1,2,yes,hold,retirement,none,5248,Conservative
51,16844,0,5,no,hold,child_education,none,4620,Conservative
44,37862,0,7,yes,sell,retirement,experienced,11756,Moderate
54,75543,2,20,yes,buy_more,short_term,none,8434,Moderate
41,46336,0,10,yes,hold,wealth_creation,none,2725,Aggressive
55,51692,0,7,no,sell,child_education,none,12031,Conservative
22,15000,0,10,yes,buy_more,child_education,experienced,5165,Aggressive
22,41088,0,3,yes,hold,wealth_creation,none,10421,Aggressive
24,57080,0,10,no,sell,wealth_creation,some,7181,Moderate
43,60438,0,1,no,hold,child_education,experienced,18845,Moderate
49,75588,0,1,no,sell,tax_saving,some,15980,Conservative
29,44595,0,7,no,sell,retirement,none,9049,Conservative
27,45499,3,3,no,sell,short_term,none,3056,Conservative
55,26917,0,10,yes,hold,wealth_creation,none,1835,Aggressive
51,44710,0,7,no,sell,wealth_creation,some,10005,Conservative
46,27786,1,1,yes,sell,child_education,experienced,8113,Conservative
40,21342,0,5,yes,hold,child_education,none,5889,Aggressive
37,30081,2,7,no,sell,retirement,none,9993,Conservative
21,96655,0,10,yes,hold,wealth_creation,none,19411,Aggressive
28,43401,1,15,yes,hold,wealth_creation,some,10252,Aggressive
56,54119,4,5,yes,sell,child_education,none,12888,Conservative
34,38906,0,15,no,sell,child_education,experienced,6382,Moderate
49,21900,0,5,no,sell,child_education,none,1113,Conservative
49,74701,2,1,yes,hold,retirement,none,22535,Conservative
33,18444,4,7,yes,buy_more,retirement,some,1293,Aggressive
29,38190,1,3,no,sell,tax_saving,experienced,12899,Conservative
48,47830,2,2,no,sell,retirement,none,14499,Conservative
24,54378,0,3,yes,sell,retirement,experienced,4411,Aggressive
40,35351,2,15,yes,hold,wealth_creation,some,3061,Moderate
56,21437,0,15,no,hold,short_term,some,5812,Conservative
49,34183,2,20,yes,hold,short_term,some,7284,Moderate
51,34998,0,3,no,hold,short_term,experienced,8563,Conservative
24,34617,1,5,yes,sell,retirement,some,4742,Moderate
28,75851,0,10,no,hold,short_term,none,23901,Moderate
32,28392,2,3,no,buy_more,wealth_creation,some,6044,Moderate
32,56130,2,5,no,sell,wealth_creation,none,12328,Conservative
28,52640,3,3,no,hold,tax_saving,none,18275,Conservative
59,75523,4,7,yes,hold,short_term,none,21257,Conservative
27,46170,1,7,yes,sell,retirement,some,11849,Aggressive
49,69983,2,3,yes,buy_more,child_education,experienced,21694,Moderate
44,45365,0,1,no,sell,tax_saving,some,15754,Conservative
45,59603,3,10,no,sell,tax_saving,some,17509,Conservative
29,24926,2,7,yes,hold,child_education,none,7276,Aggressive
33,15000,1,3,no,buy_more,short_term,experienced,1611,Moderate
45,58098,1,3,yes,sell,tax_saving,none,18126,Conservative
32,59517,2,20,yes,hold,wealth_creation,none,18709,Aggressive
48,60716,3,7,yes,sell,tax_saving,experienced,13910,Moderate
22,38707,3,7,no,hold,child_education,experienced,9490,Aggressive
23,95834,1,7,yes,hold,child_education,none,22725,Aggressive
50,39857,1,20,yes,hold,short_term,some,8508,Moderate
45,59242,4,5,no,buy_more,short_term,some,6221,Conservative
22,64060,2,3,yes,hold,short_term,none,15842,Moderate
56,106237,1,5,yes,sell,short_term,experienced,17403,Conservative
21,42503,1,10,yes,buy_more,retirement,none,8966,Aggressive
59,36536,2,2,yes,sell,wealth_creation,some,11703,Conservative
50,24980,2,3,yes,hold,tax_saving,none,2067,Conservative
60,98574,1,3,yes,hold,tax_saving,none,33183,Conservative
58,59256,3,7,no,buy_more,tax_saving,none,13063,Conservative
33,60106,3,7,no,hold,child_education,none,20132,Conservative
51,199290,1,5,no,hold,child_education,experienced,21960,Conservative
29,56742,0,3,yes,hold,child_education,some,3761,Aggressive
39,27281,1,10,yes,hold,child_education,none,6446,Aggressive
30,44884,2,1,yes,buy_more,short_term,some,9338,Aggressive
40,31613,1,10,yes,sell,short_term,none,8550,Moderate
55,41021,3,3,no,sell,wealth_creation,some,9452,Conservative
38,40897,0,15,yes,hold,child_education,some,8354,Aggressive
24,37640,0,5,no,sell,wealth_creation,none,12073,Conservative
33,26187,3,7,no,buy_more,short_term,some,3850,Moderate
52,100370,4,2,yes,hold,retirement,none,13195,Conservative
41,56077,1,3,no,hold,tax_saving,experienced,16329,Conservative
43,44291,0,10,yes,hold,wealth_creation,some,6886,Aggressive
38,68936,1,7,no,buy_more,short_term,none,15091,Conservative
32,60595,1,10,no,hold,child_education,none,14192,Moderate
44,55495,1,7,yes,sell,retirement,none,7677,Moderate
46,66719,0,7,yes,hold,retirement,experienced,10456,Aggressive
56,52066,0,15,yes,buy_more,child_education,experienced,3239,Aggressive
45,66277,2,5,no,buy_more,retirement,experienced,8871,Moderate
60,68795,2,15,yes,hold,short_term,some,10169,Moderate
54,52744,2,5,no,hold,child_education,experienced,2903,Conservative
24,44392,1,5,yes,hold,short_term,none,13182,Moderate
36,97604,0,10,no,hold,retirement,some,30804,Aggressive
36,39535,1,1,yes,hold,short_term,none,4079,Conservative
21,58459,4,2,no,sell,child_education,experienced,13540,Conservative
28,59057,1,1,no,sell,wealth_creation,experienced,10783,Moderate
51,37260,2,7,yes,hold,short_term,some,3291,Moderate
35,34080,1,7,yes,hold,wealth_creation,some,1959,Aggressive
26,41804,3,1,no,sell,child_education,experienced,10411,Conservative
32,39281,1,2,no,buy_more,retirement,none,2903,Conservative
31,25433,1,3,no,sell,wealth_creation,some,8070,Conservative
27,36564,3,3,yes,hold,retirement,some,10490,Aggressive
25,55259,0,2,no,buy_more,child_education,some,14770,Moderate
51,86653,1,2,no,buy_more,tax_saving,some,26240,Conservative
53,62910,1,15,no,buy_more,retirement,none,5157,Moderate
40,15217,4,10,yes,buy_more,retirement,none,3622,Aggressive
45,65420,2,3,yes,hold,child_education,experienced,7321,Moderate
57,38132,0,3,no,hold,retirement,some,7852,Conservative
54,60107,3,2,no,buy_more,tax_saving,some,9470,Conservative
22,48709,2,5,no,hold,tax_saving,none,4223,Conservative
59,44949,1,5,no,hold,short_term,none,12152,Conservative
23,46816,0,15,yes,sell,short_term,some,6580,Moderate
22,48528,0,10,no,hold,child_education,none,4215,Aggressive
37,89767,2,5,no,sell,retirement,none,28171,Conservative
50,48589,1,2,no,hold,wealth_creation,none,4391,Conservative
24,79896,3,7,no,hold,retirement,none,8918,Conservative
32,74828,0,20,yes,sell,wealth_creation,none,4273,Aggressive
31,66182,2,1,yes,hold,tax_saving,some,13605,Moderate
36,21939,0,15,no,hold,tax_saving,some,6528,Aggressive
60,81022,2,3,no,buy_more,child_education,some,24741,Conservative
34,39892,0,10,yes,sell,child_education,experienced,10895,Aggressive
29,67648,1,3,no,sell,wealth_creation,some,12948,Conservative
25,31645,0,7,yes,hold,short_term,experienced,10026,Aggressive
28,28759,2,3,yes,hold,short_term,none,8056,Moderate
26,119297,0,7,no,hold,child_education,none,37789,Moderate
43,31867,2,7,no,hold,retirement,none,3882,Conservative
37,82104,0,7,no,buy_more,tax_saving,experienced,18915,Aggressive
40,51703,1,10,no,sell,wealth_creation,experienced,2919,Moderate
54,40576,1,1,yes,hold,wealth_creation,some,8376,Moderate
44,48041,0,10,yes,sell,tax_saving,experienced,15039,Aggressive
27,27296,0,2,no,buy_more,wealth_creation,none,7411,Moderate
36,48718,0,10,yes,buy_more,retirement,some,13779,Aggressive
33,30114,2,2,no,hold,short_term,none,4370,Conservative
54,41029,4,5,yes,buy_more,retirement,some,6952,Moderate
33,74338,0,5,yes,sell,wealth_creation,none,25711,Conservative
26,54961,2,20,yes,hold,tax_saving,some,7154,Aggressive
50,25160,2,7,no,buy_more,tax_saving,some,1908,Moderate
38,71909,2,2,no,buy_more,short_term,some,11987,Conservative
24,48864,1,10,yes,hold,child_education,none,13690,Aggressive
48,38407,4,3,yes,sell,wealth_creation,some,7953,Conservative
29,68597,1,3,yes,sell,retirement,none,4329,Moderate
55,45467,3,5,no,sell,retirement,none,11340,Conservative
54,29011,0,10,yes,buy_more,tax_saving,some,7852,Aggressive
35,112590,3,20,no,hold,wealth_creation,none,25989,Moderate
43,48640,4,20,no,hold,child_education,some,4932,Moderate
43,47257,3,2,yes,sell,tax_saving,none,5071,Conservative
47,40851,0,1,no,hold,wealth_creation,some,7034,Conservative
23,83365,3,15,no,hold,child_education,some,13126,Moderate
33,38708,0,3,yes,hold,short_term,none,3118,Conservative
27,24459,2,7,yes,hold,short_term,none,7528,Moderate
48,36119,0,20,yes,sell,tax_saving,some,11824,Moderate
23,89058,2,3,no,sell,retirement,experienced,8295,Conservative
41,71286,1,5,no,buy_more,tax_saving,none,15590,Moderate
50,43706,0,15,no,hold,retirement,none,7820,Moderate
58,90940,0,7,no,hold,tax_saving,some,15705,Moderate
32,68636,0,20,no,buy_more,child_education,none,15381,Moderate
21,43479,1,7,yes,hold,tax_saving,none,8107,Aggressive
49,45494,3,3,yes,hold,retirement,none,8436,Conservative
21,56851,2,10,no,hold,retirement,experienced,5292,Aggressive
23,33713,2,10,no,sell,child_education,some,8872,Conservative
60,49120,3,20,yes,hold,retirement,none,11001,Moderate
55,56321,1,5,yes,buy_more,tax_saving,some,3762,Aggressive
49,22945,1,7,yes,hold,short_term,none,3731,Conservative
54,45017,1,5,yes,sell,wealth_creation,none,5191,Conservative
24,42771,0,3,no,buy_more,short_term,experienced,7142,Aggressive
24,77857,1,20,no,sell,retirement,some,6669,Moderate
33,21374,2,20,no,hold,short_term,some,4983,Conservative
21,41287,2,7,yes,hold,retirement,experienced,9267,Aggressive
56,39466,2,20,no,hold,wealth_creation,none,8991,Conservative
23,75510,0,5,yes,sell,wealth_creation,none,12068,Moderate
42,48069,2,15,yes,hold,child_education,none,12815,Aggressive
55,110000,0,7,no,buy_more,tax_saving,some,33307,Moderate
50,66038,3,10,no,buy_more,child_education,none,11550,Moderate
30,40757,0,10,no,buy_more,tax_saving,some,7332,Aggressive
39,54603,1,7,yes,sell,child_education,none,17447,Moderate
42,41800,1,15,yes,sell,tax_saving,none,9678,Moderate
51,72166,0,5,no,hold,wealth_creation,some,14642,Moderate
38,26916,1,15,no,hold,short_term,none,7298,Moderate
32,33837,0,3,yes,sell,wealth_creation,some,4840,Moderate
52,60177,1,3,yes,sell,child_education,experienced,3600,Moderate
56,85100,3,10,yes,sell,child_education,experienced,22175,Moderate
40,18198,0,10,yes,hold,retirement,some,4437,Aggressive
22,90990,1,15,yes,hold,child_education,none,16247,Aggressive
41,46024,3,3,no,buy_more,retirement,some,2934,Moderate
56,20999,1,1,yes,sell,short_term,none,6972,Conservative
60,15000,3,7,no,hold,child_education,experienced,4038,Conservative
37,24631,1,15,no,hold,retirement,some,4080,Aggressive
27,48588,1,20,yes,hold,retirement,none,5360,Aggressive
43,47588,0,15,yes,sell,short_term,some,10307,Moderate
54,65182,0,5,no,sell,wealth_creation,none,3674,Conservative
58,38281,2,15,no,sell,wealth_creation,some,7164,Conservative
23,29773,3,3,no,hold,short_term,some,10316,Conservative
32,40705,0,20,yes,hold,wealth_creation,experienced,11061,Aggressive
40,49767,3,7,no,hold,retirement,experienced,17193,Moderate
24,54385,1,5,no,hold,child_education,none,9180,Moderate
56,34367,1,7,yes,hold,short_term,some,2616,Conservative
25,73544,3,10,yes,sell,short_term,none,24970,Moderate
47,37062,3,3,no,sell,wealth_creation,experienced,11473,Conservative
57,33144,1,2,yes,sell,child_education,some,7250,Conservative
48,38404,0,10,yes,sell,retirement,experienced,4568,Aggressive
51,79513,0,20,no,buy_more,retirement,experienced,21597,Aggressive
31,46177,0,7,yes,buy_more,wealth_creation,none,2575,Aggressive
54,35863,2,2,no,buy_more,short_term,none,11631,Conservative
37,74365,0,7,no,hold,retirement,some,19272,Moderate
23,128571,2,2,no,hold,wealth_creation,none,13209,Conservative
35,53871,0,3,yes,hold,tax_saving,none,5352,Moderate
34,85410,1,1,yes,hold,tax_saving,some,5756,Moderate
41,78138,1,5,no,sell,retirement,some,21968,Conservative
31,37326,1,5,no,buy_more,short_term,some,3297,Aggressive
39,49611,1,2,yes,buy_more,wealth_creation,none,10220,Aggressive
38,27525,4,3,yes,sell,wealth_creation,none,4333,Conservative
34,44702,3,7,yes,hold,retirement,none,9598,Moderate
48,36983,2,3,yes,buy_more,child_education,some,9557,Moderate
33,40892,0,2,no,buy_more,short_term,some,4620,Moderate
51,34980,3,7,no,hold,retirement,some,3853,Conservative
31,43079,3,10,yes,hold,wealth_creation,experienced,6516,Aggressive
55,62286,3,15,no,hold,retirement,experienced,20589,Conservative
35,46454,1,5,no,hold,tax_saving,none,8510,Moderate
22,21184,0,10,no,sell,short_term,some,2692,Moderate
26,35040,2,15,no,sell,retirement,none,7213,Moderate
53,24742,1,10,yes,hold,child_education,some,2575,Aggressive
55,54711,0,7,no,hold,wealth_creation,none,15294,Conservative
29,61481,1,1,yes,buy_more,retirement,none,8962,Moderate
45,55019,1,3,yes,hold,retirement,experienced,18970,Moderate
43,34395,0,3,no,hold,retirement,some,8219,Moderate
26,54780,2,5,yes,hold,child_education,none,12789,Aggressive
39,39673,2,20,no,buy_more,wealth_creation,experienced,5441,Aggressive
48,29372,1,3,yes,hold,short_term,none,3040,Conservative
59,68450,0,7,yes,hold,retirement,none,5019,Moderate
54,70835,4,20,no,sell,wealth_creation,none,21725,Conservative
24,75132,1,7,yes,sell,wealth_creation,some,25836,Moderate
30,37281,1,3,yes,buy_more,wealth_creation,some,4271,Aggressive
38,83342,1,20,yes,sell,retirement,some,29005,Aggressive
27,39257,1,5,no,hold,retirement,some,9216,Moderate
43,65780,2,1,no,sell,child_education,some,18813,Conservative
21,38952,0,5,yes,hold,short_term,none,13497,Moderate
25,44320,3,3,no,hold,retirement,none,15183,Conservative
22,16489,0,15,no,hold,short_term,none,3634,Moderate
32,42793,4,3,yes,buy_more,wealth_creation,some,8906,Moderate
51,51071,2,15,yes,sell,short_term,experienced,12906,Moderate
28,40760,0,1,no,hold,child_education,none,4725,Moderate
60,108043,1,20,yes,buy_more,retirement,none,18004,Aggressive
31,29053,0,1,no,hold,child_education,some,8665,Moderate
22,38039,4,20,yes,buy_more,retirement,none,3154,Aggressive
34,32624,2,1,no,hold,wealth_creation,some,6124,Conservative
50,38036,1,15,yes,sell,tax_saving,some,5504,Aggressive
25,77974,1,15,no,buy_more,short_term,some,17524,Aggressive
23,95331,4,7,no,hold,retirement,none,10183,Moderate
54,35762,2,1,yes,hold,retirement,experienced,11744,Conservative
44,35406,1,7,yes,sell,wealth_creation,none,10179,Moderate
34,29123,1,7,no,hold,wealth_creation,none,2166,Moderate
51,88241,0,7,yes,hold,wealth_creation,none,13038,Moderate
54,81182,2,7,yes,sell,retirement,some,5111,Conservative
35,46737,1,20,no,buy_more,child_education,some,4064,Aggressive
43,26153,3,20,yes,sell,short_term,some,4631,Moderate
21,27228,1,7,yes,hold,child_education,some,4052,Aggressive
33,52933,1,2,yes,sell,retirement,some,10914,Conservative
44,62768,1,2,yes,hold,retirement,none,8616,Moderate
28,19345,2,10,no,hold,tax_saving,none,2895,Moderate
60,42421,1,20,yes,hold,tax_saving,none,14315,Moderate
59,101542,3,5,yes,hold,tax_saving,some,31728,Moderate
31,44450,0,2,no,buy_more,retirement,some,2400,Conservative
36,95830,2,5,no,buy_more,child_education,experienced,22106,Aggressive
28,65648,3,5,yes,buy_more,wealth_creation,some,6082,Aggressive
41,30093,2,20,no,hold,wealth_creation,some,8631,Aggressive
25,42971,0,10,no,hold,tax_saving,experienced,12925,Aggressive
36,46262,2,2,yes,sell,retirement,none,11478,Conservative
43,31932,0,5,yes,sell,retirement,some,8045,Moderate
45,31683,0,1,no,hold,child_education,some,9677,Conservative
44,96572,2,7,yes,hold,tax_saving,some,7778,Moderate
29,31577,3,10,yes,hold,retirement,experienced,8282,Aggressive
52,79641,0,1,no,hold,wealth_creation,some,6847,Conservative
48,40278,4,5,yes,hold,retirement,experienced,2525,Conservative
51,48458,1,15,yes,buy_more,child_education,none,11706,Aggressive
39,63122,3,15,yes,sell,child_education,experienced,8308,Moderate
56,37445,2,7,no,hold,tax_saving,none,2387,Conservative
36,63294,3,5,no,sell,child_education,none,4363,Conservative
53,19518,3,20,yes,sell,wealth_creation,none,6712,Conservative
29,59746,4,10,yes,buy_more,child_education,some,6986,Aggressive
30,16141,2,20,no,sell,wealth_creation,none,2781,Conservative
42,44263,0,1,no,sell,child_education,none,5752,Conservative
43,71999,1,3,no,hold,child_education,some,23802,Moderate
50,64863,2,1,yes,sell,wealth_creation,some,4679,Conservative
32,27329,0,15,yes,hold,retirement,none,5820,Aggressive
55,28959,4,10,yes,buy_more,retirement,some,5598,Aggressive
34,35957,0,2,no,hold,wealth_creation,experienced,9263,Moderate
42,53305,3,20,no,hold,retirement,some,17030,Moderate
58,19646,1,20,yes,hold,wealth_creation,some,984,Moderate
42,48729,3,3,no,buy_more,tax_saving,experienced,2678,Moderate
48,56395,4,7,no,sell,retirement,experienced,9202,Conservative
57,43158,1,10,no,hold,child_education,none,7357,Conservative
59,62093,2,1,yes,hold,retirement,none,19692,Conservative
40,54212,0,10,yes,hold,retirement,none,7245,Aggressive
37,38417,3,3,no,sell,retirement,some,11697,Conservative
28,20510,3,15,yes,hold,child_education,experienced,1574,Aggressive
42,52053,0,15,yes,buy_more,wealth_creation,none,3811,Aggressive
57,31924,0,15,yes,hold,retirement,some,8732,Aggressive
40,37787,1,10,yes,sell,retirement,none,10534,Moderate
34,60815,0,2,yes,sell,wealth_creation,some,4764,Conservative
25,92762,3,5,no,hold,child_education,experienced,32273,Moderate
36,48188,0,10,no,hold,tax_saving,some,3572,Moderate
30,62901,4,5,yes,buy_more,wealth_creation,experienced,19829,Aggressive
60,25590,4,10,no,hold,wealth_creation,some,2768,Conservative
42,54747,3,5,no,sell,retirement,some,3098,Conservative
26,47716,1,2,no,buy_more,tax_saving,experienced,14621,Moderate
23,85233,0,7,no,hold,wealth_creation,some,8975,Moderate
55,38437,3,10,no,hold,short_term,experienced,8026,Conservative
58,43970,2,7,no,hold,retirement,none,13104,Conservative
51,78941,4,7,yes,hold,retirement,none,7611,Conservative
25,47032,1,5,no,sell,tax_saving,none,12807,Conservative
24,29763,0,10,yes,sell,short_term,experienced,6234,Aggressive
28,154544,4,7,no,sell,wealth_creation,none,19589,Conservative
51,30170,3,7,yes,hold,short_term,experienced,1884,Moderate
51,47614,0,5,yes,sell,child_education,some,6136,Moderate
54,57297,2,7,no,buy_more,child_education,some,10166,Moderate
24,55294,0,1,no,sell,wealth_creation,some,8867,Moderate
27,45008,1,10,yes,hold,child_education,some,11930,Aggressive
57,45109,1,3,no,hold,short_term,none,7801,Conservative
58,44102,1,15,yes,sell,tax_saving,some,7237,Moderate
50,29668,0,15,yes,hold,tax_saving,experienced,8712,Aggressive
25,129003,0,7,no,buy_more,retirement,none,24404,Aggressive
23,44400,1,15,yes,buy_more,tax_saving,none,15346,Aggressive
23,64126,0,10,yes,sell,short_term,experienced,14257,Aggressive
48,42167,1,2,yes,hold,child_education,none,13964,Conservative
54,41787,1,10,yes,sell,wealth_creation,none,13148,Moderate
46,39936,2,20,no,hold,child_education,experienced,6957,Moderate
31,24405,2,1,yes,hold,retirement,some,5705,Conservative
51,45602,0,3,no,buy_more,child_education,none,4206,Moderate
23,40816,0,7,no,hold,tax_saving,experienced,8494,Aggressive
54,83048,3,5,yes,sell,short_term,some,14715,Conservative
56,28609,3,7,no,buy_more,tax_saving,none,5582,Conservative
49,37808,4,7,yes,hold,child_education,some,3980,Conservative
56,32718,4,10,yes,sell,retirement,experienced,10138,Conservative
44,93820,2,1,no,buy_more,wealth_creation,some,6941,Moderate
39,33148,3,5,no,hold,child_education,some,9425,Conservative
33,63135,1,15,yes,hold,retirement,some,21038,Aggressive
57,75854,2,5,no,sell,tax_saving,none,6212,Conservative
48,45901,4,7,no,sell,tax_saving,some,8267,Conservative
28,26381,2,1,yes,sell,child_education,none,5948,Conservative
59,26532,1,3,no,buy_more,child_education,experienced,9217,Conservative
23,72178,1,5,yes,sell,wealth_creation,none,22347,Conservative
44,27798,0,5,yes,hold,short_term,none,4844,Moderate
28,58478,1,10,yes,buy_more,tax_saving,none,19904,Aggressive
47,51609,3,7,yes,buy_more,short_term,experienced,7709,Aggressive
37,58087,2,15,no,buy_more,retirement,some,8829,Aggressive
38,60609,0,15,yes,buy_more,wealth_creation,none,12235,Aggressive
47,32204,2,3,yes,buy_more,tax_saving,some,9141,Aggressive
51,31603,1,1,yes,buy_more,retirement,some,3402,Aggressive
36,67623,1,15,yes,hold,short_term,experienced,18443,Aggressive
60,36930,1,5,no,sell,retirement,none,1876,Conservative
40,15000,1,5,yes,sell,child_education,none,1931,Moderate
27,65639,2,2,yes,hold,child_education,experienced,22470,Moderate
21,30751,2,10,yes,sell,tax_saving,some,7593,Aggressive
29,60488,2,3,yes,hold,child_education,some,11418,Aggressive
48,91745,1,2,no,sell,child_education,none,24727,Conservative
42,49391,2,7,yes,hold,short_term,experienced,8918,Aggressive
34,76733,0,10,no,hold,tax_saving,experienced,6292,Aggressive
40,52533,1,3,no,sell,wealth_creation,some,10468,Conservative
54,100141,1,10,yes,hold,child_education,none,33709,Moderate
43,30395,2,5,yes,sell,short_term,none,4005,Conservative
23,48839,3,5,yes,hold,wealth_creation,none,3216,Aggressive
22,66364,0,5,yes,sell,tax_saving,some,18077,Aggressive
40,44995,3,2,yes,hold,retirement,some,8383,Conservative
37,82330,0,5,no,buy_more,short_term,some,12383,Moderate
55,40359,1,15,yes,sell,child_education,none,7920,Conservative
44,124394,3,2,yes,buy_more,retirement,none,40925,Moderate
51,127387,2,20,no,buy_more,retirement,experienced,15932,Aggressive
44,55655,3,2,no,buy_more,child_education,none,6130,Conservative
34,62860,3,5,yes,buy_more,retirement,experienced,13211,Aggressive
47,83805,0,7,yes,hold,short_term,some,15838,Moderate
45,28731,4,15,yes,sell,wealth_creation,none,2727,Moderate
49,27162,4,2,no,sell,tax_saving,some,6089,Conservative
28,86283,1,2,no,sell,retirement,experienced,19184,Conservative
46,55453,0,7,yes,hold,retirement,experienced,12844,Aggressive
32,44270,0,3,yes,buy_more,tax_saving,none,7705,Aggressive
52,49266,3,7,yes,sell,wealth_creation,none,6750,Conservative
52,16752,4,15,no,hold,short_term,some,2487,Conservative
45,44992,3,1,yes,buy_more,child_education,none,13511,Conservative
58,34930,1,15,yes,sell,child_education,none,8296,Conservative
42,74097,0,1,yes,sell,wealth_creation,experienced,12552,Moderate
22,76708,1,15,no,sell,wealth_creation,some,17948,Moderate
45,63545,1,20,yes,sell,retirement,some,9842,Moderate
52,58568,0,10,no,hold,short_term,some,18085,Conservative
25,24989,0,20,yes,hold,wealth_creation,none,6704,Aggressive
25,63945,0,15,yes,hold,child_education,none,5133,Aggressive
31,65070,0,1,yes,sell,short_term,some,4349,Conservative
54,85848,2,1,yes,hold,retirement,some,5153,Conservative
42,127159,1,1,yes,sell,wealth_creation,some,7408,Conservative
60,22887,1,5,yes,hold,short_term,none,4556,Conservative
55,41158,1,7,yes,sell,child_education,none,4290,Conservative
43,35100,4,5,yes,buy_more,wealth_creation,none,8857,Aggressive
48,52977,2,10,no,hold,short_term,none,10321,Conservative
34,49317,2,5,yes,sell,retirement,experienced,3848,Moderate
24,44119,2,1,no,hold,child_education,some,2283,Conservative
36,77840,2,3,no,hold,tax_saving,experienced,4749,Moderate
44,29862,2,20,no,buy_more,short_term,experienced,6271,Aggressive
28,30683,1,5,yes,buy_more,wealth_creation,some,6933,Aggressive
29,30918,1,5,no,sell,child_education,none,4820,Conservative
21,41683,1,2,no,hold,short_term,some,3070,Conservative
50,28201,1,20,yes,sell,retirement,none,9317,Moderate
56,47960,0,3,yes,hold,tax_saving,experienced,8235,Moderate
54,45502,1,7,yes,sell,wealth_creation,experienced,8135,Moderate
36,34408,1,1,yes,hold,child_education,some,5657,Moderate
44,72634,1,1,yes,buy_more,short_term,none,4927,Conservative
59,47725,1,10,yes,hold,wealth_creation,none,12558,Moderate
44,79078,0,7,no,buy_more,wealth_creation,none,19725,Aggressive
32,44901,0,10,yes,sell,child_education,none,4460,Aggressive
34,48489,1,3,yes,buy_more,child_education,experienced,6331,Aggressive
50,38053,2,20,no,buy_more,tax_saving,none,8146,Moderate
38,48865,0,7,yes,hold,short_term,experienced,7966,Aggressive
54,67541,0,20,yes,sell,wealth_creation,some,23597,Moderate
55,40737,0,2,yes,hold,wealth_creation,some,8104,Conservative
22,61900,1,5,yes,hold,child_education,none,19477,Moderate
49,34005,0,5,yes,sell,short_term,none,3787,Conservative
35,68980,1,10,yes,buy_more,retirement,some,14959,Aggressive
41,37761,1,10,no,buy_more,wealth_creation,some,5533,Aggressive
31,71916,4,5,no,buy_more,wealth_creation,some,23757,Moderate
35,50384,2,1,yes,sell,retirement,none,10850,Conservative
34,97190,0,2,no,hold,child_education,none,23926,Conservative
23,29163,1,1,no,sell,retirement,none,2123,Conservative
52,25228,2,15,no,sell,wealth_creation,some,4952,Conservative
26,37149,0,3,yes,sell,child_education,some,8315,Moderate
36,26289,4,2,no,sell,retirement,none,3604,Conservative
28,26311,1,5,yes,hold,wealth_creation,some,7123,Aggressive
27,64841,0,1,yes,sell,tax_saving,none,12318,Conservative
35,48928,0,20,no,sell,wealth_creation,some,10685,Moderate
57,39503,3,3,yes,hold,wealth_creation,some,6252,Conservative
58,41186,4,20,yes,hold,tax_saving,some,10418,Moderate
36,37468,3,10,yes,buy_more,child_education,none,3033,Aggressive
41,103018,0,7,no,hold,child_education,some,20796,Moderate
60,35207,2,5,yes,sell,retirement,some,11220,Conservative
30,27039,0,10,yes,hold,tax_saving,none,3259,Aggressive
58,70138,1,10,no,hold,short_term,none,21780,Conservative
25,44485,2,1,yes,sell,wealth_creation,some,14035,Moderate
30,122693,4,15,yes,sell,wealth_creation,some,14616,Moderate
34,38685,1,5,no,buy_more,tax_saving,some,2871,Moderate
22,71732,1,5,no,sell,wealth_creation,none,20036,Conservative
53,79776,0,5,no,sell,child_education,none,26930,Conservative
55,38769,1,10,yes,sell,retirement,some,4912,Moderate
36,35090,0,5,yes,buy_more,retirement,none,11365,Aggressive
54,68433,3,5,no,hold,child_education,none,7695,Conservative
51,63494,0,1,yes,buy_more,child_education,none,10018,Moderate
53,25983,2,5,no,buy_more,wealth_creation,experienced,8204,Moderate
53,29501,0,2,yes,buy_more,short_term,none,4166,Moderate
43,15655,1,15,no,sell,child_education,some,4331,Conservative
25,64082,0,5,yes,hold,wealth_creation,some,6029,Aggressive
57,43572,1,20,no,buy_more,short_term,none,7129,Conservative
45,45571,1,10,yes,buy_more,short_term,none,15139,Aggressive
57,22899,2,10,no,buy_more,wealth_creation,none,2699,Moderate
59,29907,4,20,yes,buy_more,child_education,none,7791,Moderate
28,39534,0,3,yes,hold,child_education,experienced,12882,Aggressive
37,36223,1,7,yes,hold,wealth_creation,some,10341,Aggressive
28,51690,3,1,yes,hold,retirement,experienced,17284,Moderate
23,63739,0,2,yes,hold,child_education,experienced,21233,Moderate
59,136124,3,5,yes,sell,tax_saving,none,11446,Conservative
57,48581,4,10,no,hold,retirement,some,11197,Conservative
58,80977,3,15,no,sell,short_term,some,14419,Conservative
56,33742,1,3,no,sell,short_term,some,8598,Conservative
46,23069,2,10,yes,hold,retirement,experienced,6292,Aggressive
41,41833,1,3,yes,hold,wealth_creation,none,5169,Moderate
60,23885,1,1,yes,hold,child_education,some,6925,Conservative
43,49345,4,1,yes,hold,child_education,none,8524,Conservative
46,34502,0,7,no,hold,wealth_creation,experienced,8522,Moderate
29,20344,2,5,no,hold,retirement,none,3627,Moderate
50,107067,1,3,yes,hold,wealth_creation,none,16470,Conservative
53,38487,0,1,yes,hold,tax_saving,experienced,9936,Moderate
48,23460,2,7,yes,sell,wealth_creation,none,4986,Conservative
40,73436,2,15,yes,hold,tax_saving,some,22462,Aggressive
28,35317,1,1,yes,buy_more,retirement,some,10093,Aggressive
22,80063,3,10,yes,sell,child_education,some,24859,Moderate
46,35241,1,7,yes,buy_more,child_education,none,9858,Aggressive
48,38430,3,5,yes,sell,short_term,none,12491,Conservative
51,57249,2,1,no,hold,wealth_creation,some,5553,Conservative
59,64019,3,20,no,buy_more,tax_saving,some,15501,Moderate
40,69273,0,5,yes,hold,wealth_creation,experienced,5176,Aggressive
54,47080,1,5,yes,hold,wealth_creation,some,9411,Aggressive
49,62185,3,15,yes,hold,short_term,some,19178,Moderate
32,68564,0,15,no,sell,child_education,none,18353,Moderate
54,53651,1,10,yes,hold,child_education,experienced,12064,Aggressive
23,45972,2,15,no,hold,retirement,none,11869,Moderate
44,25581,2,2,yes,sell,short_term,experienced,2608,Conservative
58,64191,3,10,no,sell,wealth_creation,experienced,21134,Conservative
47,49960,2,5,yes,buy_more,tax_saving,experienced,5682,Moderate
58,40695,4,15,yes,sell,wealth_creation,none,4073,Conservative
23,87115,1,5,yes,buy_more,short_term,none,8014,Aggressive
42,25783,2,1,yes,sell,child_education,some,8530,Conservative
52,102725,3,5,yes,hold,wealth_creation,some,19338,Moderate
46,48531,2,10,no,hold,child_education,none,10187,Conservative
56,56550,0,7,no,hold,short_term,some,9257,Moderate
39,41037,1,10,no,hold,tax_saving,some,2387,Moderate
48,23151,1,1,no,hold,tax_saving,none,1620,Conservative
37,46035,2,2,yes,hold,wealth_creation,none,2519,Conservative
55,56990,1,7,no,hold,retirement,some,12064,Conservative
25,66456,2,5,no,hold,retirement,none,7180,Moderate
31,44841,3,10,yes,hold,short_term,some,7651,Moderate
24,18276,0,20,no,hold,retirement,some,3437,Aggressive
49,24495,2,7,no,hold,wealth_creation,experienced,5138,Moderate
30,123427,1,5,no,sell,child_education,some,39230,Conservative
33,29982,0,7,no,sell,short_term,some,1887,Conservative
54,93169,1,15,yes,buy_more,retirement,experienced,18472,Aggressive
35,32198,1,10,no,buy_more,short_term,some,2883,Moderate
26,45156,3,10,yes,sell,retirement,some,14809,Aggressive
21,64948,1,3,no,sell,short_term,none,21123,Conservative
30,33891,0,10,no,buy_more,retirement,some,3117,Aggressive
57,100357,1,2,yes,hold,retirement,none,8551,Conservative
42,50720,3,10,yes,hold,child_education,none,4207,Aggressive
60,60317,1,15,no,hold,wealth_creation,some,4790,Moderate
29,43459,0,15,yes,hold,retirement,none,4234,Aggressive
35,65934,4,2,yes,hold,retirement,none,6376,Conservative
27,99753,0,15,yes,buy_more,wealth_creation,some,9880,Aggressive
36,46208,0,2,no,hold,child_education,some,4370,Moderate
43,106763,1,5,yes,hold,retirement,some,17442,Aggressive
53,37226,2,10,yes,sell,retirement,some,4696,Moderate
35,69136,3,5,no,sell,child_education,some,12107,Conservative
51,61089,0,5,yes,buy_more,wealth_creation,experienced,19433,Aggressive
46,30307,2,10,no,buy_more,retirement,none,4715,Moderate
32,53971,2,10,yes,buy_more,retirement,none,7336,Aggressive
57,49183,3,7,yes,sell,child_education,none,15950,Conservative
38,33391,3,7,no,buy_more,tax_saving,some,4891,Moderate
27,57589,2,10,yes,sell,tax_saving,none,4987,Moderate
59,52356,0,5,no,hold,tax_saving,some,12340,Moderate
57,47445,0,1,yes,hold,tax_saving,some,6383,Conservative
22,47531,4,7,no,hold,short_term,experienced,9790,Conservative
57,47074,1,10,yes,hold,child_education,experienced,13199,Aggressive
58,41545,1,3,no,hold,tax_saving,none,9126,Conservative
54,52204,3,2,yes,buy_more,child_education,none,15276,Conservative
31,36689,3,15,no,sell,retirement,some,5628,Conservative
46,162034,2,15,yes,sell,wealth_creation,experienced,16301,Moderate
42,25998,3,7,no,hold,tax_saving,none,4378,Conservative
45,37679,0,10,yes,sell,retirement,some,6540,Aggressive
45,39042,2,20,yes,sell,retirement,none,10337,Conservative
46,122788,4,7,no,sell,retirement,none,31440,Conservative
41,27063,0,3,yes,sell,wealth_creation,none,3864,Conservative
48,59377,0,7,no,hold,child_education,some,19523,Conservative
42,54818,2,15,no,buy_more,retirement,some,7273,Moderate
21,56960,1,10,yes,buy_more,tax_saving,some,19875,Aggressive
22,85507,0,1,no,hold,retirement,some,5114,Conservative
59,84721,0,15,yes,sell,tax_saving,some,21360,Moderate
57,40017,0,10,no,hold,wealth_creation,none,9446,Moderate
44,53493,0,5,yes,hold,retirement,experienced,12061,Aggressive
27,21187,3,20,yes,buy_more,wealth_creation,none,6011,Aggressive
52,51256,2,10,no,hold,retirement,experienced,11648,Moderate
26,34293,2,15,no,hold,wealth_creation,some,7989,Aggressive
36,45077,0,20,no,sell,tax_saving,some,14118,Moderate
34,22961,1,1,no,buy_more,child_education,some,2434,Moderate
21,58817,0,10,yes,buy_more,tax_saving,experienced,12313,Aggressive
53,22846,3,5,yes,hold,tax_saving,none,6022,Conservative
41,52403,4,15,yes,buy_more,tax_saving,some,7460,Aggressive
33,28228,1,15,no,sell,wealth_creation,none,3270,Moderate
41,33445,4,15,yes,sell,tax_saving,some,2965,Moderate
21,82423,0,10,no,buy_more,tax_saving,some,10616,Aggressive
38,63867,0,10,yes,hold,wealth_creation,none,15955,Aggressive
41,82218,2,3,yes,sell,short_term,none,19279,Conservative
34,98901,1,5,no,sell,wealth_creation,some,10040,Conservative
54,34621,4,2,yes,sell,retirement,experienced,6832,Conservative
30,96233,0,15,yes,sell,tax_saving,some,10983,Aggressive
26,25349,2,7,yes,hold,short_term,some,8385,Aggressive
42,68579,0,7,no,sell,short_term,experienced,18327,Conservative
56,39261,0,3,yes,hold,wealth_creation,experienced,4004,Moderate
36,32252,1,7,yes,hold,tax_saving,some,4415,Moderate
22,64635,4,5,yes,hold,child_education,some,19773,Moderate
59,74998,1,20,no,buy_more,retirement,some,16284,Moderate
38,74003,2,15,yes,sell,tax_saving,none,11602,Moderate
27,53997,0,7,no,sell,wealth_creation,experienced,12393,Aggressive
45,52019,0,10,yes,sell,short_term,none,8679,Moderate
33,62136,0,2,no,hold,wealth_creation,some,20096,Moderate
58,56201,3,2,no,hold,short_term,experienced,17538,Conservative
32,62543,0,7,no,sell,retirement,some,6136,Moderate
43,53733,0,10,yes,hold,retirement,none,13607,Aggressive
42,71628,2,1,yes,buy_more,retirement,none,21579,Conservative
30,23570,1,3,yes,sell,wealth_creation,some,2672,Moderate
40,46208,1,7,yes,sell,child_education,none,14391,Conservative
25,26298,0,1,yes,buy_more,retirement,none,4624,Aggressive
46,55520,1,5,yes,buy_more,retirement,none,7901,Aggressive
51,102628,2,5,yes,sell,child_education,some,35429,Conservative
59,39603,0,20,yes,hold,wealth_creation,some,10154,Aggressive
34,51909,2,3,yes,sell,tax_saving,none,7119,Conservative
32,68900,0,2,yes,hold,retirement,some,14393,Moderate
42,19332,3,1,no,hold,child_education,some,4698,Conservative
48,38756,4,2,yes,sell,tax_saving,some,10215,Conservative
60,57758,0,10,no,sell,retirement,experienced,6516,Moderate
22,15000,1,5,yes,hold,tax_saving,none,3524,Aggressive
30,31584,1,3,no,hold,wealth_creation,some,9607,Moderate
31,80449,3,20,yes,buy_more,wealth_creation,none,23418,Aggressive
31,76983,1,10,yes,hold,wealth_creation,none,10645,Aggressive
39,58014,2,2,no,buy_more,tax_saving,some,19786,Conservative
55,72910,0,3,yes,hold,tax_saving,some,3920,Conservative
22,54003,0,15,yes,hold,retirement,some,15320,Aggressive
53,62939,2,10,yes,sell,short_term,experienced,9134,Conservative
45,42529,2,20,no,sell,retirement,some,14135,Conservative
45,51643,3,1,no,hold,short_term,none,15922,Conservative
48,36880,3,10,yes,sell,retirement,some,11593,Moderate
25,86557,2,1,no,sell,wealth_creation,some,10868,Conservative
50,97217,1,5,yes,sell,tax_saving,some,28088,Conservative
30,91213,3,10,yes,buy_more,tax_saving,some,13663,Aggressive
41,40796,3,10,yes,hold,short_term,experienced,7513,Aggressive
48,31914,3,1,yes,buy_more,tax_saving,some,10253,Moderate
45,87084,4,3,no,buy_more,child_education,some,23176,Conservative
33,62614,1,10,no,hold,child_education,some,15163,Aggressive
36,56832,2,2,no,hold,child_education,some,5040,Conservative
40,36859,2,5,no,hold,wealth_creation,none,7795,Moderate
22,59370,0,3,yes,hold,retirement,none,5168,Moderate
50,30080,2,2,no,buy_more,short_term,some,2181,Conservative
24,65207,1,15,yes,buy_more,wealth_creation,some,21777,Aggressive
39,91171,1,1,no,hold,short_term,none,20761,Conservative
47,102126,0,7,yes,buy_more,retirement,some,5294,Aggressive
24,67429,2,10,no,hold,short_term,experienced,12859,Aggressive
60,26320,2,1,no,hold,retirement,experienced,3580,Conservative
36,53572,1,7,yes,sell,child_education,none,5152,Moderate
21,128393,0,5,yes,sell,short_term,some,37970,Moderate
47,33160,1,15,yes,sell,retirement,experienced,3186,Aggressive
43,47732,0,10,yes,hold,tax_saving,experienced,4768,Aggressive
46,92603,0,10,no,sell,tax_saving,none,11092,Conservative
51,64712,1,5,yes,buy_more,child_education,none,17066,Aggressive
40,149652,3,15,yes,sell,tax_saving,none,16045,Moderate
54,35249,1,7,yes,sell,tax_saving,some,5160,Conservative
35,31401,1,5,yes,hold,wealth_creation,some,10070,Aggressive
42,85038,3,2,yes,sell,short_term,none,18669,Conservative
27,28619,1,1,no,sell,retirement,some,2916,Conservative
45,44866,3,3,no,sell,child_education,none,13817,Conservative
31,47593,0,3,no,hold,tax_saving,none,9692,Moderate
48,78135,1,20,yes,sell,child_education,some,23461,Moderate
53,64629,0,20,yes,hold,short_term,some,4758,Aggressive
55,60215,1,2,yes,sell,retirement,none,5933,Conservative
58,40900,4,20,yes,sell,wealth_creation,none,3171,Conservative
25,84689,2,10,yes,sell,wealth_creation,none,16461,Moderate
26,300024,2,5,yes,sell,retirement,experienced,49868,Aggressive
58,66908,0,20,no,buy_more,retirement,experienced,11695,Aggressive
36,51269,4,10,yes,hold,child_education,some,8201,Aggressive
22,27336,1,7,no,hold,tax_saving,experienced,4845,Aggressive
32,36795,0,3,no,buy_more,tax_saving,some,6047,Aggressive
54,44526,4,3,no,sell,wealth_creation,none,4359,Conservative
35,38539,1,15,yes,buy_more,retirement,some,8506,Aggressive
24,48667,1,3,no,hold,wealth_creation,experienced,15123,Moderate
49,109109,0,1,yes,hold,wealth_creation,some,37994,Moderate
28,85924,0,3,yes,buy_more,child_education,experienced,7320,Aggressive
35,45639,3,5,yes,sell,short_term,some,7912,Conservative
21,28460,1,5,yes,hold,retirement,experienced,3481,Aggressive
45,89484,4,20,yes,hold,short_term,some,19692,Moderate
38,47950,0,5,no,hold,tax_saving,experienced,7581,Aggressive
55,22540,2,15,no,sell,retirement,experienced,7062,Conservative
34,67547,2,7,yes,sell,retirement,none,22328,Conservative
29,77773,2,7,yes,buy_more,retirement,some,11473,Aggressive
27,16454,1,2,yes,hold,child_education,none,2582,Moderate
29,33824,1,3,no,sell,child_education,experienced,7119,Conservative
39,46643,2,15,yes,sell,tax_saving,some,11224,Moderate
24,68222,3,10,yes,hold,retirement,none,18811,Aggressive
37,38867,0,5,yes,sell,wealth_creation,some,3110,Aggressive
55,33709,1,15,no,sell,wealth_creation,none,2202,Conservative
51,67997,2,15,yes,buy_more,wealth_creation,some,17235,Aggressive
46,39705,0,2,yes,sell,tax_saving,none,7687,Conservative
56,62562,0,7,yes,sell,retirement,experienced,15754,Moderate
52,29727,4,10,no,hold,retirement,some,4176,Moderate
47,26674,0,10,yes,sell,tax_saving,experienced,2711,Aggressive
55,68862,0,2,no,sell,wealth_creation,none,5741,Conservative
25,54920,2,3,no,hold,short_term,none,15701,Conservative
53,74243,0,5,yes,hold,short_term,experienced,12688,Conservative
32,38573,0,3,no,hold,tax_saving,some,2887,Moderate
50,34276,0,2,no,buy_more,child_education,none,4251,Conservative
57,90429,0,7,yes,buy_more,tax_saving,experienced,27893,Moderate
40,24702,1,7,no,hold,short_term,none,4803,Conservative
24,86090,3,2,yes,hold,tax_saving,none,26343,Conservative
35,88807,0,7,yes,buy_more,child_education,some,29626,Aggressive
37,72188,1,1,yes,sell,wealth_creation,some,5059,Conservative
58,35971,2,5,no,hold,wealth_creation,some,11977,Conservative
58,33947,0,10,no,sell,wealth_creation,none,5476,Conservative
43,44599,1,15,yes,sell,tax_saving,none,11572,Moderate
59,27370,1,3,no,buy_more,wealth_creation,none,4678,Conservative
38,31800,0,15,no,sell,child_education,some,7453,Moderate
37,65521,1,15,no,hold,tax_saving,none,16441,Moderate
54,65657,0,7,yes,sell,wealth_creation,some,5902,Moderate
47,30567,3,20,yes,hold,tax_saving,experienced,5481,Aggressive
41,66453,4,3,yes,buy_more,short_term,experienced,7441,Aggressive
39,60140,3,1,yes,hold,child_education,some,5159,Moderate
49,96707,0,15,yes,buy_more,tax_saving,none,22008,Aggressive
51,63329,2,5,yes,hold,retirement,some,16090,Aggressive
40,78933,1,5,yes,buy_more,child_education,experienced,10045,Aggressive
22,60759,0,1,no,buy_more,child_education,none,3171,Moderate
25,76188,4,1,yes,sell,child_education,none,25997,Conservative
26,27468,2,2,yes,buy_more,short_term,none,5286,Moderate
39,46407,0,3,no,sell,retirement,some,11395,Conservative
45,48168,4,20,yes,hold,child_education,experienced,3495,Aggressive
53,43928,0,3,no,sell,retirement,some,10369,Conservative
30,59859,1,15,no,hold,retirement,some,16687,Aggressive
52,65216,0,1,yes,buy_more,tax_saving,some,4187,Moderate
47,58484,0,5,yes,buy_more,wealth_creation,experienced,12110,Aggressive
23,45268,4,15,yes,hold,short_term,none,4191,Aggressive
35,35204,1,3,yes,buy_more,tax_saving,some,3311,Aggressive
33,80316,0,3,no,hold,retirement,experienced,18829,Moderate
56,57375,2,15,yes,sell,tax_saving,experienced,13527,Moderate
57,30996,3,2,yes,buy_more,child_education,none,6699,Conservative
53,44929,3,1,yes,sell,child_education,none,9122,Conservative
42,22370,4,20,yes,buy_more,retirement,experienced,4272,Aggressive
40,49807,3,5,yes,sell,wealth_creation,experienced,9680,Aggressive
33,44834,2,7,yes,sell,retirement,none,6740,Conservative
51,37853,0,2,yes,hold,short_term,none,4814,Conservative
24,100014,4,3,no,hold,tax_saving,none,12971,Conservative
31,29136,0,5,no,sell,wealth_creation,some,9394,Moderate
26,67364,0,10,no,sell,wealth_creation,none,8758,Moderate
40,131139,1,3,yes,sell,short_term,none,21290,Conservative
32,79600,0,15,yes,buy_more,short_term,some,16017,Aggressive
28,48329,2,10,no,hold,wealth_creation,none,13184,Aggressive
36,29427,3,7,no,sell,retirement,experienced,8331,Conservative
55,26557,1,5,no,sell,wealth_creation,some,7077,Conservative
43,40733,1,7,yes,sell,child_education,some,5739,Moderate
53,35984,1,10,yes,hold,tax_saving,experienced,3559,Aggressive
57,35461,2,2,yes,hold,short_term,none,10464,Conservative
57,42326,0,15,no,sell,wealth_creation,none,13220,Conservative
35,46816,0,5,no,buy_more,wealth_creation,some,15162,Aggressive
56,60982,2,20,no,sell,retirement,some,18752,Conservative
57,28085,1,20,no,hold,wealth_creation,some,4449,Conservative
59,36061,1,1,no,hold,retirement,experienced,3463,Conservative
35,45622,0,5,yes,hold,tax_saving,experienced,11456,Aggressive
30,44892,0,7,no,sell,wealth_creation,none,10990,Conservative
44,112015,2,7,no,hold,child_education,none,13931,Conservative
58,54421,1,15,no,hold,wealth_creation,some,12846,Conservative
57,23715,1,2,no,buy_more,retirement,experienced,8287,Conservative
43,59170,3,7,yes,hold,retirement,none,5950,Moderate
26,62664,2,20,no,buy_more,wealth_creation,none,10250,Aggressive
37,46336,0,20,no,hold,short_term,none,7752,Moderate
49,28395,2,1,no,hold,tax_saving,experienced,3238,Conservative
43,108133,0,20,no,sell,tax_saving,none,30971,Moderate
34,30289,0,2,no,buy_more,child_education,some,7941,Moderate
34,65995,2,7,yes,sell,wealth_creation,none,7595,Moderate
23,53638,0,3,no,hold,wealth_creation,some,16485,Moderate
32,64238,0,7,no,hold,retirement,none,11417,Moderate
47,105671,3,1,no,buy_more,retirement,some,22748,Conservative
30,63116,2,3,yes,hold,wealth_creation,none,16124,Moderate
60,38124,4,3,no,sell,short_term,none,11904,Conservative
24,80635,3,15,no,buy_more,child_education,none,9519,Aggressive
44,36901,0,7,yes,buy_more,wealth_creation,experienced,8402,Aggressive
40,52764,2,10,no,hold,wealth_creation,some,13268,Moderate
54,27394,1,10,no,hold,child_education,none,8654,Conservative
56,30792,2,5,no,hold,short_term,none,8673,Conservative
42,50167,0,1,yes,buy_more,short_term,some,16270,Moderate
46,57851,0,2,yes,sell,wealth_creation,none,4198,Conservative
48,22786,0,5,no,buy_more,wealth_creation,experienced,4047,Aggressive
41,61314,2,20,no,hold,short_term,none,8700,Conservative
28,33902,0,3,yes,buy_more,retirement,some,6751,Aggressive
38,87191,1,10,no,hold,tax_saving,some,25568,Moderate
30,41840,3,15,yes,sell,retirement,experienced,8274,Moderate
39,29565,2,15,yes,buy_more,tax_saving,some,1790,Aggressive
45,50721,1,3,no,buy_more,tax_saving,none,12743,Conservative
29,32457,0,20,yes,buy_more,retirement,none,1723,Aggressive
30,86770,4,7,yes,sell,wealth_creation,some,6883,Moderate
53,49032,1,7,no,hold,retirement,none,13156,Moderate
36,45786,1,10,yes,buy_more,short_term,none,13703,Aggressive
28,63979,4,3,yes,hold,child_education,experienced,9304,Moderate
49,31187,0,15,yes,sell,wealth_creation,none,6883,Moderate
49,27443,1,7,no,sell,retirement,some,5877,Conservative
54,58909,0,10,no,sell,child_education,none,3928,Conservative
51,29886,0,15,yes,sell,child_education,none,6379,Moderate
60,29881,1,7,yes,hold,short_term,none,1592,Conservative
43,71434,2,1,yes,buy_more,wealth_creation,none,21143,Moderate
32,62086,0,3,no,hold,retirement,none,17038,Conservative
55,27883,2,15,no,sell,child_education,experienced,3767,Conservative
31,37100,3,7,yes,hold,wealth_creation,some,4774,Moderate
32,32640,3,15,no,hold,wealth_creation,none,3493,Moderate
54,109026,0,5,no,buy_more,short_term,none,36614,Conservative
56,73696,2,7,yes,buy_more,short_term,experienced,22384,Aggressive
34,40563,0,15,yes,sell,retirement,none,12222,Moderate
50,63531,2,10,no,buy_more,child_education,none,12062,Moderate
57,26627,1,5,no,sell,tax_saving,experienced,7813,Conservative
52,36217,2,1,yes,hold,retirement,some,8238,Conservative
21,51389,0,15,yes,buy_more,retirement,none,7186,Aggressive
47,60084,2,10,no,buy_more,tax_saving,some,10762,Moderate
27,46917,0,5,no,sell,tax_saving,none,8103,Moderate
54,54808,0,7,yes,sell,retirement,some,8525,Moderate
23,50779,2,3,yes,sell,tax_saving,none,6230,Conservative
60,45541,0,5,yes,sell,wealth_creation,experienced,7717,Moderate
28,42904,2,2,no,sell,wealth_creation,some,9858,Conservative
37,40464,2,3,no,sell,child_education,none,4404,Conservative
30,54413,2,15,yes,hold,wealth_creation,some,5036,Aggressive
53,58974,2,5,no,sell,child_education,none,15160,Conservative
36,53597,2,15,yes,hold,wealth_creation,experienced,11142,Aggressive
50,28843,3,5,no,hold,retirement,none,4489,Conservative
23,31272,0,1,yes,sell,retirement,none,10081,Conservative
39,58659,1,5,yes,hold,child_education,some,11051,Aggressive
57,95058,2,2,yes,buy_more,retirement,none,14213,Conservative
58,52500,0,10,yes,hold,retirement,none,6031,Moderate
29,40731,0,15,no,hold,wealth_creation,some,5985,Aggressive
36,54228,0,10,yes,hold,short_term,some,7164,Aggressive
37,29390,1,10,yes,hold,wealth_creation,none,9112,Aggressive
43,88346,1,15,no,hold,retirement,some,28058,Aggressive
42,53314,2,10,yes,buy_more,tax_saving,some,9264,Aggressive
25,36269,2,7,yes,buy_more,child_education,experienced,4652,Aggressive
51,45476,2,10,yes,hold,child_education,some,4052,Aggressive
30,38670,0,5,no,hold,child_education,some,10241,Aggressive
33,88455,2,1,no,buy_more,wealth_creation,experienced,27750,Moderate
54,44756,2,10,no,hold,retirement,none,7757,Moderate
48,52570,0,10,no,hold,retirement,some,16426,Aggressive
36,63460,0,3,yes,sell,child_education,some,7885,Moderate
57,35124,0,20,yes,sell,short_term,some,8170,Conservative
36,53485,4,1,no,hold,tax_saving,some,3975,Conservative
43,55464,0,10,yes,buy_more,wealth_creation,none,12143,Aggressive
30,24359,0,20,no,hold,wealth_creation,some,5885,Aggressive
28,54924,0,3,yes,buy_more,wealth_creation,some,13363,Aggressive
40,48021,0,15,yes,buy_more,wealth_creation,experienced,13620,Aggressive
43,51973,1,15,no,buy_more,wealth_creation,none,4075,Aggressive
53,49813,2,10,yes,buy_more,retirement,experienced,6653,Aggressive
36,55084,1,20,no,sell,retirement,none,14207,Conservative
56,89483,3,7,no,hold,retirement,some,20368,Conservative
45,28831,0,5,no,sell,child_education,some,9653,Conservative
23,42025,1,10,no,hold,child_education,some,11987,Moderate
50,66169,2,5,yes,sell,short_term,experienced,12657,Conservative
43,60865,2,5,yes,buy_more,child_education,some,12789,Aggressive
36,60278,3,2,no,buy_more,retirement,none,14943,Conservative
39,169246,0,5,yes,sell,retirement,some,8981,Moderate
33,64625,1,10,yes,hold,retirement,some,10292,Aggressive
45,81545,2,20,yes,hold,retirement,some,7059,Aggressive
43,42694,0,20,no,hold,short_term,none,5201,Moderate
38,31356,3,3,no,buy_more,retirement,none,9370,Conservative
32,42555,0,7,yes,sell,child_education,none,9129,Moderate
36,67533,0,7,yes,sell,short_term,some,20809,Moderate
40,58869,2,2,yes,buy_more,retirement,some,18640,Moderate
39,58774,2,7,yes,sell,child_education,experienced,17149,Moderate
33,44513,3,5,yes,buy_more,child_education,none,12402,Aggressive
44,41431,3,20,no,sell,tax_saving,some,4136,Conservative
30,45209,0,3,no,hold,retirement,experienced,5912,Moderate
41,67915,2,15,no,hold,wealth_creation,none,17740,Moderate
25,71562,4,15,no,buy_more,tax_saving,some,10041,Aggressive
39,31169,0,10,no,sell,short_term,experienced,5066,Moderate
52,69082,1,3,no,buy_more,wealth_creation,none,22859,Conservative
53,36577,3,3,no,buy_more,child_education,some,9574,Conservative
48,60537,0,20,no,buy_more,wealth_creation,none,4963,Aggressive
50,44963,4,1,no,buy_more,child_education,none,11976,Conservative
23,99171,1,2,yes,buy_more,retirement,some,28574,Aggressive
34,40613,3,20,yes,buy_more,child_education,none,13158,Aggressive
47,53123,2,10,no,hold,retirement,experienced,13574,Moderate
53,64406,2,10,no,buy_more,short_term,some,5069,Moderate
44,33081,2,2,no,buy_more,child_education,none,9248,Conservative
55,47439,0,5,yes,hold,wealth_creation,none,11712,Moderate
31,43479,2,15,no,sell,retirement,experienced,8123,Moderate
27,38901,4,5,no,sell,child_education,none,10820,Conservative
24,40220,4,3,no,buy_more,child_education,none,8347,Conservative
44,80854,4,1,yes,buy_more,short_term,none,26656,Conservative
47,37445,2,7,yes,sell,wealth_creation,some,12337,Conservative
32,63252,2,3,yes,buy_more,retirement,none,7440,Moderate
52,56475,1,15,no,sell,wealth_creation,experienced,10288,Moderate
50,26143,2,3,yes,hold,short_term,none,2864,Conservative
35,61921,2,2,no,buy_more,retirement,none,9239,Conservative
30,25949,0,20,yes,buy_more,retirement,some,3034,Aggressive
50,65032,0,20,no,hold,child_education,none,13238,Moderate
47,39017,2,10,yes,buy_more,short_term,some,1958,Aggressive
27,49205,0,20,no,buy_more,short_term,experienced,14142,Aggressive
31,27380,0,2,no,buy_more,child_education,some,2674,Moderate
40,51796,0,5,no,buy_more,tax_saving,experienced,6849,Aggressive
41,74393,3,3,no,hold,wealth_creation,experienced,7623,Moderate
27,34093,4,5,yes,sell,child_education,none,5324,Conservative
58,37300,2,10,yes,sell,child_education,none,2726,Conservative
36,60148,4,15,yes,sell,retirement,some,18505,Moderate
36,60829,3,1,no,sell,wealth_creation,experienced,10613,Conservative
23,16393,0,5,no,sell,wealth_creation,experienced,5364,Moderate
56,121410,0,20,yes,sell,retirement,some,7780,Moderate
30,62183,0,7,no,hold,retirement,none,6328,Conservative
60,67078,0,3,yes,sell,retirement,some,20173,Conservative
40,45954,1,5,yes,hold,short_term,some,8691,Moderate
55,21270,0,5,yes,sell,retirement,experienced,1442,Conservative
28,66411,3,5,no,sell,child_education,some,4250,Conservative
27,38012,2,5,yes,hold,tax_saving,none,12105,Aggressive
53,62615,1,7,no,buy_more,wealth_creation,some,8046,Moderate
53,44424,4,5,no,hold,child_education,some,7697,Conservative
42,54563,4,7,no,hold,short_term,some,17411,Conservative
22,34587,2,1,yes,buy_more,short_term,some,8656,Aggressive
58,72328,2,1,no,hold,child_education,experienced,20333,Conservative
36,28716,4,5,no,sell,child_education,some,5497,Conservative
58,134659,2,15,yes,sell,short_term,none,34819,Conservative
55,134198,3,10,yes,hold,short_term,none,30234,Conservative
55,102202,0,2,yes,hold,wealth_creation,none,10331,Conservative
48,87026,1,5,yes,buy_more,short_term,some,19302,Aggressive
47,47190,1,7,yes,sell,tax_saving,some,15462,Conservative
42,82863,0,5,no,buy_more,child_education,some,12725,Aggressive
21,46944,0,10,yes,hold,tax_saving,some,9302,Aggressive
36,24365,0,20,no,buy_more,retirement,some,4259,Aggressive
50,96417,0,2,yes,hold,wealth_creation,none,24739,Moderate
53,81468,0,7,no,sell,wealth_creation,some,19397,Conservative
43,48334,1,7,no,hold,wealth_creation,experienced,9334,Moderate
49,28244,3,7,yes,sell,tax_saving,none,1812,Conservative
21,37654,2,2,yes,sell,child_education,none,4870,Conservative
39,21600,2,7,yes,buy_more,wealth_creation,some,3118,Aggressive
41,75003,0,1,yes,hold,child_education,none,20231,Moderate
56,23825,3,10,no,sell,short_term,some,4023,Conservative
33,55774,0,10,no,hold,retirement,experienced,9118,Aggressive
30,33534,0,5,no,hold,wealth_creation,none,6162,Moderate
35,25796,1,20,no,sell,child_education,experienced,4632,Moderate
27,54571,4,15,yes,sell,child_education,none,14477,Moderate
43,42183,4,7,yes,buy_more,retirement,some,10591,Aggressive
46,71480,2,20,yes,sell,tax_saving,none,19932,Moderate
53,27710,2,15,no,buy_more,wealth_creation,some,3109,Moderate
59,34863,1,2,yes,sell,tax_saving,experienced,9497,Conservative
23,16740,2,7,yes,hold,retirement,none,2324,Aggressive
30,18343,0,7,no,hold,wealth_creation,experienced,917,Aggressive
33,110104,0,7,yes,sell,wealth_creation,some,26631,Aggressive
30,125193,4,20,yes,hold,tax_saving,experienced,6702,Aggressive
54,51109,4,5,yes,hold,retirement,some,4057,Moderate
26,33835,0,1,yes,hold,short_term,some,2109,Moderate
22,42860,0,5,yes,buy_more,child_education,experienced,9939,Aggressive
55,72628,0,10,yes,buy_more,tax_saving,some,8160,Aggressive
59,38891,1,5,yes,sell,child_education,experienced,11385,Conservative
30,54553,0,1,no,hold,short_term,none,8558,Conservative
34,48740,2,3,yes,sell,retirement,none,7337,Conservative
41,37950,0,10,no,sell,retirement,some,7758,Aggressive
42,38685,0,2,no,sell,short_term,none,10928,Conservative
60,55937,0,5,no,hold,short_term,some,14483,Conservative
37,31583,2,2,no,hold,child_education,experienced,3536,Conservative
21,60070,0,5,yes,hold,retirement,some,16762,Aggressive
37,39647,1,2,yes,buy_more,retirement,experienced,8010,Aggressive
43,51912,2,2,yes,buy_more,child_education,none,17973,Conservative
41,91380,2,10,yes,sell,child_education,none,18736,Moderate
41,45447,0,2,no,sell,wealth_creation,none,6174,Conservative
57,74154,2,2,no,hold,wealth_creation,experienced,20640,Conservative
53,21885,0,7,yes,hold,child_education,some,1286,Moderate
31,39669,2,1,yes,sell,wealth_creation,experienced,10607,Conservative
35,49635,1,1,no,sell,short_term,none,10569,Conservative
47,116482,4,5,yes,hold,child_education,none,11962,Conservative
37,20292,4,5,yes,hold,wealth_creation,some,1161,Aggressive
38,46943,2,7,no,hold,wealth_creation,some,3003,Moderate
27,94420,3,20,no,buy_more,child_education,some,7037,Aggressive
31,34431,0,5,yes,buy_more,wealth_creation,some,6759,Aggressive
50,44543,2,7,yes,buy_more,retirement,some,11682,Aggressive
54,56913,0,15,no,hold,tax_saving,experienced,5130,Aggressive
52,53264,0,5,yes,hold,tax_saving,none,5203,Moderate
33,99170,1,10,no,sell,retirement,none,29176,Moderate
26,59982,2,7,no,buy_more,short_term,none,7100,Moderate
27,89098,2,7,no,hold,retirement,some,26584,Moderate
36,41689,3,20,no,sell,retirement,experienced,3273,Moderate
41,35128,1,1,no,hold,retirement,some,10576,Conservative
56,44286,4,15,yes,hold,tax_saving,experienced,11947,Moderate
56,29097,3,5,yes,buy_more,child_education,some,2743,Moderate
21,60936,3,7,no,sell,tax_saving,some,9224,Conservative
49,41206,0,5,yes,hold,child_education,some,6178,Aggressive
32,36231,1,3,no,buy_more,retirement,experienced,3266,Moderate
28,61352,2,1,yes,hold,wealth_creation,none,10008,Moderate
43,29299,4,20,yes,hold,wealth_creation,some,7422,Aggressive
22,69336,0,7,yes,hold,child_education,some,18662,Aggressive
34,39527,0,15,no,hold,tax_saving,experienced,4382,Aggressive
43,82585,0,3,yes,sell,short_term,none,22011,Conservative
31,41079,0,3,yes,sell,wealth_creation,none,5340,Conservative
44,65144,3,5,yes,hold,child_education,some,4087,Aggressive
39,53146,0,3,yes,sell,child_education,some,5760,Moderate
52,68511,1,5,no,hold,child_education,none,10459,Conservative
28,51507,2,20,no,hold,wealth_creation,some,3130,Aggressive
23,23189,1,15,no,hold,retirement,some,1822,Aggressive
42,77184,0,5,no,hold,tax_saving,none,12108,Moderate
31,47124,2,5,yes,hold,wealth_creation,some,15427,Moderate
49,69932,1,7,no,sell,short_term,none,16835,Conservative
24,66877,4,7,no,hold,retirement,some,22090,Conservative
44,34614,2,10,no,sell,tax_saving,none,2117,Conservative
60,32478,4,7,yes,buy_more,retirement,some,10082,Moderate
24,65835,0,1,yes,sell,tax_saving,some,5971,Moderate
33,42767,2,1,yes,buy_more,retirement,none,5178,Moderate
54,74711,1,20,yes,hold,child_education,some,5983,Aggressive
42,45243,2,10,yes,buy_more,retirement,some,7843,Aggressive
27,77694,1,20,no,buy_more,tax_saving,none,8603,Aggressive
29,59307,0,5,yes,buy_more,retirement,experienced,16119,Aggressive
51,55803,0,7,yes,hold,retirement,experienced,15428,Aggressive
55,41427,3,5,no,sell,wealth_creation,some,5681,Conservative
35,54425,3,15,no,hold,retirement,some,15779,Aggressive
39,83849,0,3,yes,sell,tax_saving,some,8309,Moderate
52,47839,2,10,yes,hold,retirement,none,2969,Aggressive
28,62257,2,2,no,buy_more,short_term,none,6195,Conservative
29,50054,1,2,no,hold,child_education,some,6193,Moderate
51,51848,0,2,no,sell,short_term,some,3375,Conservative
28,106461,3,7,yes,buy_more,retirement,some,8829,Aggressive
51,84185,2,15,no,sell,wealth_creation,experienced,11854,Conservative
40,50804,2,20,no,buy_more,retirement,none,15532,Moderate
60,53987,2,7,yes,buy_more,wealth_creation,none,16554,Moderate
22,35744,2,7,yes,sell,child_education,some,12441,Moderate
58,45349,0,10,no,sell,retirement,some,3600,Moderate
30,56343,4,1,no,buy_more,wealth_creation,none,2848,Conservative
22,71881,0,10,yes,sell,child_education,none,15791,Moderate
49,68675,3,10,no,buy_more,wealth_creation,some,15862,Aggressive
42,29757,3,7,no,hold,retirement,some,3596,Conservative
54,76087,2,1,yes,hold,child_education,none,21997,Conservative
25,47101,1,3,yes,hold,retirement,some,15862,Aggressive
24,31440,0,5,yes,hold,short_term,experienced,4700,Aggressive
43,89444,1,20,no,hold,retirement,some,29851,Aggressive
56,94700,2,7,yes,hold,child_education,some,7697,Moderate
37,55198,0,7,no,hold,short_term,none,10636,Conservative
52,67437,0,5,yes,sell,wealth_creation,some,7360,Aggressive
57,69241,4,10,no,buy_more,child_education,none,15602,Conservative
55,91867,0,5,no,hold,retirement,experienced,6553,Conservative
41,68025,0,2,no,hold,child_education,none,13694,Conservative
48,26971,0,10,no,hold,short_term,experienced,2749,Moderate
42,121105,2,5,yes,hold,retirement,some,21221,Aggressive
47,79185,1,5,yes,sell,tax_saving,some,20304,Conservative
43,38976,2,5,yes,buy_more,retirement,some,5851,Aggressive
42,30843,1,3,no,hold,tax_saving,none,6542,Conservative
38,61522,0,20,yes,buy_more,tax_saving,none,21006,Aggressive
47,43251,1,15,yes,buy_more,wealth_creation,none,13520,Aggressive
51,56868,0,20,yes,hold,child_education,some,19852,Aggressive
57,68496,3,20,no,hold,child_education,some,7062,Moderate
45,37990,0,3,yes,sell,tax_saving,experienced,7531,Moderate
25,29665,0,5,yes,hold,short_term,none,8462,Moderate
44,58315,1,10,no,hold,retirement,some,19168,Moderate
33,38560,0,1,yes,hold,child_education,none,4714,Moderate
22,52351,1,20,no,sell,child_education,some,18130,Moderate
23,26782,1,1,no,hold,child_education,none,4885,Conservative
44,43761,4,7,no,sell,short_term,experienced,12324,Conservative
58,67624,0,10,yes,hold,wealth_creation,some,13897,Aggressive
41,64387,1,15,yes,hold,retirement,some,8967,Aggressive
38,34380,2,7,no,sell,tax_saving,none,2842,Conservative
24,28977,0,7,yes,sell,retirement,some,2855,Aggressive
48,49369,2,3,no,sell,tax_saving,none,12056,Conservative
23,63099,3,7,no,hold,wealth_creation,some,13639,Aggressive
54,58825,2,10,yes,buy_more,short_term,some,10578,Aggressive
53,38930,4,7,no,sell,tax_saving,none,9258,Conservative
60,56051,2,10,yes,hold,retirement,none,11334,Moderate
32,96380,1,1,yes,sell,short_term,none,8905,Conservative
27,53761,4,5,yes,hold,wealth_creation,some,6906,Aggressive
32,23507,0,20,no,sell,retirement,none,4220,Moderate
52,53714,1,5,no,buy_more,wealth_creation,none,9096,Moderate
29,122980,2,7,yes,hold,retirement,none,39446,Aggressive
56,27465,3,7,no,hold,wealth_creation,none,9134,Conservative
27,49680,3,20,yes,sell,wealth_creation,some,10443,Aggressive
22,44273,0,2,yes,buy_more,retirement,some,5741,Aggressive
29,51182,2,3,no,sell,wealth_creation,none,14825,Conservative
51,53498,0,15,no,hold,wealth_creation,some,5593,Aggressive
45,81878,2,10,no,buy_more,child_education,some,16183,Aggressive
35,50927,2,7,no,hold,retirement,none,17736,Moderate
47,87096,0,5,yes,buy_more,wealth_creation,experienced,27211,Aggressive
46,46492,3,5,yes,hold,retirement,some,15290,Moderate
43,41874,1,20,yes,buy_more,retirement,some,3323,Aggressive
41,36274,1,10,no,sell,wealth_creation,some,6842,Moderate
25,21640,4,20,yes,hold,wealth_creation,some,6075,Aggressive
31,55497,2,20,yes,hold,short_term,none,5372,Aggressive
42,123537,1,7,no,hold,short_term,none,34675,Conservative
26,60246,0,7,yes,hold,child_education,experienced,9189,Aggressive
40,66771,0,7,no,hold,child_education,experienced,21110,Aggressive
25,40706,0,15,no,hold,retirement,experienced,7134,Aggressive
52,43916,0,7,yes,sell,retirement,some,5493,Moderate
25,76350,0,2,yes,hold,wealth_creation,experienced,24818,Aggressive
24,121044,1,20,no,buy_more,tax_saving,some,31935,Aggressive
46,95757,2,10,no,sell,tax_saving,some,18087,Conservative
29,70428,0,15,yes,sell,wealth_creation,experienced,23826,Aggressive
35,49802,2,5,no,hold,child_education,experienced,11490,Moderate
33,53872,3,5,yes,sell,tax_saving,some,12181,Moderate
29,34923,0,10,no,hold,child_education,some,5530,Aggressive
51,25548,2,10,no,hold,child_education,some,7674,Moderate
48,29523,0,1,yes,hold,wealth_creation,some,6659,Moderate
30,50131,1,5,no,buy_more,retirement,some,11855,Aggressive
48,42984,2,10,yes,buy_more,wealth_creation,none,14221,Aggressive
49,25304,0,20,no,hold,wealth_creation,experienced,3314,Aggressive
42,48204,0,1,no,buy_more,child_education,none,13847,Moderate
44,42476,3,3,no,sell,child_education,none,12455,Conservative
58,28917,0,5,yes,sell,retirement,none,1995,Conservative
39,41498,2,3,yes,hold,retirement,none,11067,Moderate
36,42428,2,1,yes,hold,child_education,none,12690,Conservative
42,37142,0,7,yes,sell,tax_saving,none,7833,Moderate
54,74384,2,7,yes,hold,short_term,experienced,6200,Moderate
49,20820,1,5,no,sell,wealth_creation,some,1533,Conservative
24,20058,0,5,yes,sell,retirement,experienced,1144,Aggressive
39,49093,4,20,no,hold,wealth_creation,experienced,7846,Moderate
50,51187,1,5,yes,buy_more,retirement,some,12098,Aggressive
29,58799,2,10,yes,buy_more,wealth_creation,none,12996,Aggressive
60,38463,0,3,no,hold,retirement,none,7805,Conservative
53,32433,0,15,yes,hold,wealth_creation,experienced,5681,Aggressive
54,48859,2,15,no,sell,short_term,some,12422,Conservative
24,40186,2,3,no,hold,retirement,experienced,12657,Moderate
44,98516,0,7,no,hold,child_education,experienced,29352,Aggressive
42,42365,2,10,no,buy_more,retirement,none,11206,Moderate
46,47861,1,5,no,hold,short_term,experienced,6590,Conservative
55,149333,0,10,no,buy_more,retirement,some,49598,Moderate
35,44907,2,3,yes,buy_more,child_education,some,13847,Moderate
42,62960,2,5,yes,sell,retirement,experienced,21049,Moderate
48,65567,1,20,no,buy_more,wealth_creation,some,15455,Aggressive
51,68127,2,2,yes,sell,child_education,none,10211,Conservative
51,55841,1,2,yes,buy_more,retirement,none,10366,Moderate
34,53488,4,2,no,hold,short_term,some,7927,Conservative
60,51284,3,20,yes,hold,short_term,some,7963,Conservative
21,37827,1,2,yes,hold,wealth_creation,none,6720,Moderate
40,56754,1,3,no,hold,retirement,none,18757,Conservative
45,122136,4,10,yes,buy_more,child_education,none,24334,Moderate
23,84525,3,10,yes,buy_more,child_education,some,14480,Aggressive
39,56205,0,7,no,hold,retirement,some,13591,Moderate
44,72050,0,20,no,buy_more,child_education,experienced,9791,Aggressive
45,33152,1,1,no,hold,child_education,none,1745,Conservative
25,43598,3,7,yes,hold,tax_saving,none,11726,Moderate
32,75096,4,7,yes,sell,short_term,none,11244,Conservative
30,95724,3,5,no,buy_more,retirement,experienced,11606,Aggressive
46,34651,0,15,yes,hold,wealth_creation,some,7294,Aggressive
34,39434,3,7,no,hold,child_education,none,3877,Moderate
43,130825,0,3,no,hold,short_term,none,17450,Conservative
50,51190,1,2,yes,buy_more,wealth_creation,none,10426,Moderate
52,111358,1,2,no,sell,tax_saving,some,38119,Conservative
28,53803,1,15,no,hold,retirement,some,6627,Aggressive
57,54763,1,3,no,hold,retirement,some,10411,Conservative
27,42724,0,15,no,sell,retirement,none,8903,Moderate
21,74918,0,2,yes,hold,retirement,some,19768,Aggressive
22,90309,3,20,no,buy_more,wealth_creation,some,18657,Aggressive
29,30768,0,15,no,sell,wealth_creation,none,8307,Aggressive
55,41831,1,2,no,buy_more,short_term,none,12936,Conservative
29,73997,0,2,yes,buy_more,child_education,none,9977,Aggressive
48,46244,0,10,no,sell,wealth_creation,some,13905,Moderate
37,39260,0,1,yes,hold,retirement,some,5057,Moderate
22,77210,2,3,yes,sell,child_education,some,22607,Moderate
38,80543,1,10,yes,hold,retirement,some,19410,Aggressive
22,40041,0,15,yes,hold,tax_saving,none,8831,Aggressive
40,53936,3,10,yes,hold,retirement,experienced,10203,Aggressive
43,28458,0,15,yes,buy_more,child_education,some,6079,Aggressive
41,32762,2,7,yes,buy_more,wealth_creation,none,3943,Aggressive
32,51837,0,10,yes,hold,child_education,experienced,10337,Aggressive
51,49718,3,5,yes,buy_more,child_education,none,11562,Moderate
44,31726,0,10,yes,buy_more,child_education,some,5217,Aggressive
31,35518,1,10,yes,hold,short_term,some,5844,Aggressive
38,30355,2,7,yes,sell,short_term,some,4681,Conservative
25,60160,1,20,yes,buy_more,child_education,none,17769,Aggressive
57,20222,3,5,no,buy_more,retirement,none,3343,Conservative
51,31094,0,7,yes,hold,child_education,experienced,6968,Aggressive
32,21198,1,7,no,hold,retirement,experienced,7242,Moderate
47,59193,3,3,yes,hold,wealth_creation,experienced,3494,Moderate
48,21780,3,5,yes,hold,wealth_creation,none,2525,Moderate
45,49725,1,20,yes,buy_more,child_education,some,16288,Aggressive
23,102517,1,5,yes,buy_more,wealth_creation,some,27168,Aggressive
56,104093,2,10,no,sell,tax_saving,none,16960,Conservative
59,21749,2,7,no,sell,tax_saving,none,1673,Conservative
59,56065,3,15,no,hold,short_term,experienced,11447,Conservative
60,31412,3,10,yes,hold,retirement,none,8957,Conservative
58,28655,1,2,yes,buy_more,tax_saving,none,5068,Conservative
50,46580,2,5,no,sell,tax_saving,none,14122,Conservative
23,85197,1,10,yes,buy_more,child_education,some,11684,Aggressive
39,64205,0,2,yes,hold,child_education,some,12747,Moderate
30,35531,3,7,yes,hold,retirement,none,2737,Moderate
29,67323,2,3,no,hold,retirement,some,13981,Moderate
54,17860,0,1,no,buy_more,short_term,none,5506,Conservative
53,34932,2,20,yes,hold,wealth_creation,none,3341,Aggressive
41,33834,0,20,yes,hold,short_term,none,7878,Moderate
50,50779,0,10,no,hold,child_education,some,7326,Moderate
26,44744,2,3,yes,hold,retirement,experienced,6981,Aggressive
29,45997,2,20,yes,hold,child_education,some,2418,Aggressive
55,45314,1,7,yes,buy_more,wealth_creation,none,9511,Moderate
39,49517,0,20,yes,hold,child_education,experienced,17113,Aggressive
42,62508,1,1,yes,sell,wealth_creation,some,5879,Conservative
39,52428,0,2,no,hold,child_education,some,6305,Conservative
29,43132,4,10,no,sell,retirement,experienced,5084,Moderate
54,58734,0,15,no,hold,tax_saving,some,12841,Moderate
51,71093,3,2,yes,sell,retirement,some,7604,Conservative
48,38169,0,3,yes,sell,short_term,none,12805,Conservative
35,47727,0,7,no,hold,child_education,none,12356,Moderate
46,82690,1,20,yes,hold,child_education,experienced,19646,Aggressive
59,29844,2,10,yes,hold,short_term,some,1527,Conservative
46,110427,4,20,yes,sell,retirement,experienced,21110,Moderate
40,26832,1,10,yes,sell,child_education,some,7857,Aggressive
31,41964,1,15,yes,sell,wealth_creation,experienced,8480,Aggressive
41,31965,0,7,yes,hold,tax_saving,none,8677,Aggressive
35,131211,1,2,no,sell,wealth_creation,none,33408,Conservative
45,39084,1,10,yes,hold,child_education,none,12852,Aggressive
22,39129,3,7,no,hold,wealth_creation,none,6260,Moderate
28,41488,1,5,no,sell,wealth_creation,some,12347,Moderate
52,51175,2,3,yes,hold,retirement,some,6557,Moderate
36,42285,3,10,no,hold,tax_saving,none,9186,Moderate
38,46175,0,15,no,hold,wealth_creation,some,10868,Aggressive
42,15000,1,5,yes,hold,child_education,none,2742,Aggressive
38,50298,3,20,no,hold,short_term,some,4059,Moderate
51,49415,1,5,no,hold,child_education,some,8907,Moderate
30,78225,1,2,no,buy_more,wealth_creation,none,8534,Conservative
51,88351,3,2,yes,hold,short_term,some,17333,Conservative
29,45050,0,5,yes,hold,wealth_creation,some,2531,Aggressive
35,70777,3,1,yes,hold,child_education,some,13803,Moderate
44,29860,1,10,yes,buy_more,wealth_creation,some,4873,Aggressive
56,69237,1,10,yes,sell,wealth_creation,none,3742,Moderate
30,37887,0,7,no,hold,wealth_creation,some,8972,Aggressive
44,28764,1,15,yes,hold,wealth_creation,experienced,4139,Aggressive
23,45093,0,20,yes,hold,child_education,none,10132,Aggressive
24,92061,0,5,yes,hold,retirement,none,29070,Aggressive
51,53180,1,2,yes,hold,short_term,experienced,16449,Moderate
49,96126,0,3,no,hold,wealth_creation,some,19328,Conservative
36,34998,2,7,no,hold,retirement,none,6697,Conservative
45,78553,0,5,yes,sell,child_education,some,16495,Moderate
36,36553,0,10,yes,buy_more,short_term,experienced,6107,Aggressive
32,54252,0,10,yes,hold,child_education,none,7515,Aggressive
38,54041,1,7,no,sell,wealth_creation,some,5257,Conservative
33,66017,0,2,yes,sell,short_term,experienced,21424,Conservative
53,54876,0,3,yes,hold,short_term,none,3758,Conservative
37,35149,1,5,yes,hold,tax_saving,experienced,5396,Aggressive
33,72848,2,15,yes,hold,retirement,experienced,7279,Aggressive
42,106856,2,10,yes,hold,retirement,some,7283,Aggressive
51,37695,0,7,no,sell,retirement,some,3838,Conservative
31,21464,3,10,yes,sell,short_term,some,4009,Moderate
58,61371,2,7,yes,buy_more,short_term,some,13359,Moderate
39,42233,2,1,yes,buy_more,tax_saving,none,13443,Moderate
47,46212,0,3,yes,buy_more,retirement,none,11791,Aggressive
59,62961,0,2,no,sell,short_term,none,18295,Conservative
38,39919,1,1,no,buy_more,retirement,none,8622,Conservative
28,43434,0,3,no,buy_more,child_education,some,4794,Moderate
50,46861,2,10,no,hold,wealth_creation,experienced,14290,Moderate
21,94976,0,2,no,hold,short_term,none,18269,Conservative
39,49688,0,2,no,sell,retirement,some,13980,Conservative
60,28111,0,2,yes,hold,wealth_creation,some,1459,Moderate
37,28619,0,3,no,buy_more,wealth_creation,some,5257,Aggressive
48,52190,1,3,no,hold,wealth_creation,some,7915,Conservative
42,29488,0,1,no,sell,retirement,none,4103,Conservative
29,24269,1,3,yes,hold,tax_saving,none,6126,Moderate
33,65250,0,20,no,hold,retirement,none,19402,Moderate
41,66704,1,5,yes,hold,child_education,experienced,20624,Aggressive
25,41536,4,3,no,hold,wealth_creation,experienced,12054,Moderate
37,55946,3,5,yes,buy_more,wealth_creation,some,16420,Aggressive
37,53351,1,3,yes,sell,tax_saving,some,16033,Conservative
54,64285,1,7,yes,sell,short_term,some,16590,Conservative
25,64352,2,5,no,sell,retirement,some,17888,Conservative
54,15174,4,15,no,buy_more,short_term,none,1765,Conservative
37,43992,1,20,yes,buy_more,child_education,none,14832,Aggressive
47,61886,0,10,yes,buy_more,wealth_creation,none,12435,Aggressive
43,40753,2,3,yes,buy_more,retirement,experienced,5250,Aggressive
32,49825,0,5,yes,hold,retirement,some,9285,Aggressive
58,68721,2,3,yes,hold,child_education,some,20408,Conservative
29,50838,0,10,no,hold,retirement,experienced,13103,Aggressive
22,96622,0,1,no,hold,retirement,some,9254,Moderate
51,81401,2,10,yes,hold,child_education,some,14781,Moderate
45,46473,2,5,no,sell,child_education,some,12851,Conservative
56,44841,1,5,yes,hold,wealth_creation,none,11577,Conservative
39,15000,3,5,no,hold,retirement,none,1603,Conservative
21,42322,3,5,yes,sell,tax_saving,some,11547,Moderate
21,26662,1,10,no,buy_more,child_education,none,6730,Aggressive
38,54152,4,7,yes,sell,wealth_creation,some,6677,Conservative
30,52511,1,3,yes,buy_more,retirement,experienced,7470,Aggressive
57,67046,0,1,yes,sell,child_education,experienced,11788,Conservative
25,91904,3,15,no,buy_more,short_term,none,23170,Aggressive
56,48444,1,5,no,hold,wealth_creation,none,16249,Conservative
29,136787,3,7,no,sell,child_education,experienced,47659,Conservative
25,54426,0,5,no,sell,tax_saving,experienced,13975,Moderate
31,27184,0,7,yes,hold,child_education,none,4722,Aggressive
26,38065,0,7,no,buy_more,retirement,experienced,2684,Aggressive
37,41450,2,1,no,sell,wealth_creation,experienced,9446,Conservative
34,63988,3,7,yes,sell,short_term,none,12446,Conservative
42,32007,1,7,yes,hold,wealth_creation,none,8040,Aggressive
42,42869,0,2,yes,hold,wealth_creation,experienced,14547,Aggressive
21,45594,1,10,yes,hold,short_term,some,4561,Aggressive
25,40068,0,3,yes,sell,tax_saving,some,6458,Moderate
27,70624,2,1,no,hold,wealth_creation,experienced,15738,Conservative
28,65420,2,10,no,sell,wealth_creation,experienced,10154,Aggressive
24,82863,0,15,yes,hold,short_term,none,8519,Aggressive
33,42236,1,3,no,sell,tax_saving,some,9695,Conservative
42,84215,2,10,no,buy_more,wealth_creation,experienced,5205,Aggressive
33,26534,0,1,no,hold,wealth_creation,none,4328,Conservative
34,26244,1,10,no,hold,retirement,none,8970,Moderate
39,28389,2,5,no,buy_more,child_education,experienced,5492,Aggressive
42,49224,1,10,yes,buy_more,child_education,some,3961,Aggressive
34,84210,0,5,no,buy_more,tax_saving,none,25287,Moderate
29,37385,0,5,yes,hold,tax_saving,none,3877,Aggressive
37,39556,2,15,yes,buy_more,retirement,experienced,4954,Aggressive
21,44479,0,1,yes,sell,wealth_creation,none,15066,Moderate
40,63435,3,3,no,buy_more,wealth_creation,none,17922,Conservative
58,39540,1,5,no,hold,wealth_creation,experienced,5795,Moderate
36,38559,1,7,yes,hold,retirement,experienced,9415,Aggressive
25,26757,2,1,no,buy_more,retirement,some,5253,Moderate
49,37900,1,7,yes,hold,child_education,some,12042,Moderate
26,83271,0,5,no,hold,tax_saving,some,18160,Moderate
28,51068,0,7,yes,buy_more,child_education,none,12677,Aggressive
26,35138,2,15,no,hold,short_term,experienced,3329,Aggressive
56,85499,1,5,no,sell,child_education,some,10683,Conservative
60,37671,3,7,yes,sell,retirement,some,2183,Conservative
43,92872,1,5,no,hold,retirement,some,21033,Moderate
45,92191,1,2,no,sell,tax_saving,some,20167,Conservative
46,50272,0,10,yes,hold,tax_saving,none,7155,Aggressive
45,24975,0,15,no,buy_more,retirement,some,2988,Aggressive
42,137348,3,15,no,sell,tax_saving,some,25534,Conservative
60,58353,0,20,yes,buy_more,retirement,experienced,4734,Aggressive
50,42372,3,5,yes,hold,retirement,experienced,12961,Moderate
24,75377,0,7,no,buy_more,child_education,none,22580,Aggressive
36,67240,1,2,no,sell,tax_saving,some,15387,Conservative
59,88426,0,20,no,hold,wealth_creation,none,28338,Conservative
37,36386,2,7,no,hold,retirement,some,8515,Conservative
29,56574,0,3,no,buy_more,child_education,experienced,11160,Aggressive
55,28749,1,10,yes,buy_more,child_education,some,6612,Aggressive
45,66161,3,7,yes,buy_more,wealth_creation,none,5003,Aggressive
43,48517,2,20,yes,sell,wealth_creation,some,5591,Moderate
37,55628,0,10,yes,hold,tax_saving,none,12098,Aggressive
25,45896,2,15,no,hold,retirement,none,3840,Aggressive
36,43785,1,7,no,sell,tax_saving,none,12823,Conservative
38,33166,0,7,yes,buy_more,retirement,none,3351,Aggressive
58,69961,1,10,no,hold,retirement,some,12280,Conservative
33,95833,3,2,yes,buy_more,tax_saving,none,18722,Moderate
26,38158,1,1,yes,buy_more,wealth_creation,some,3715,Aggressive
38,62886,2,20,no,sell,tax_saving,none,7712,Conservative
60,59544,2,15,yes,hold,wealth_creation,some,11629,Moderate
40,49199,1,20,no,hold,wealth_creation,none,4036,Moderate
36,24662,0,1,yes,buy_more,child_education,none,2617,Moderate
47,27290,2,3,yes,hold,wealth_creation,some,1554,Moderate
46,34494,1,15,no,sell,tax_saving,none,6965,Conservative
32,18721,0,2,no,hold,wealth_creation,none,5554,Conservative
59,92375,0,5,no,sell,child_education,some,27088,Conservative
44,57841,3,5,no,hold,short_term,none,9050,Conservative
23,48364,0,15,no,buy_more,retirement,some,12392,Aggressive
37,18295,0,7,no,sell,retirement,none,6347,Conservative
57,21574,0,3,yes,sell,tax_saving,some,3819,Conservative
36,48969,0,7,yes,hold,short_term,none,15873,Moderate
43,118981,4,2,no,buy_more,retirement,experienced,33738,Moderate
45,35796,1,10,no,sell,tax_saving,none,3688,Conservative
49,72309,2,7,yes,sell,tax_saving,experienced,13252,Moderate
55,39499,2,7,yes,hold,wealth_creation,none,13004,Conservative
26,50254,1,5,yes,hold,short_term,some,5038,Aggressive
41,84677,2,3,yes,sell,wealth_creation,none,5697,Conservative
42,41953,4,1,yes,buy_more,tax_saving,none,5461,Moderate
27,35934,2,20,no,buy_more,short_term,none,1849,Moderate
47,92793,2,5,no,hold,child_education,none,8177,Conservative
25,50036,1,5,no,sell,tax_saving,some,8900,Conservative
39,80100,3,5,no,hold,wealth_creation,some,22374,Moderate
34,36013,0,20,yes,sell,short_term,some,4109,Aggressive
27,92318,2,10,no,hold,child_education,some,28147,Aggressive
53,55444,1,2,no,buy_more,wealth_creation,none,19204,Conservative
30,59614,1,7,no,sell,wealth_creation,some,11282,Moderate
31,52012,3,5,yes,sell,retirement,some,18081,Conservative
55,39047,2,10,no,sell,short_term,none,8720,Conservative
56,48983,0,20,yes,sell,wealth_creation,some,3334,Conservative
22,40168,2,10,yes,sell,retirement,none,3340,Moderate
32,75493,4,15,yes,hold,tax_saving,some,15391,Aggressive
49,44740,2,7,yes,buy_more,child_education,experienced,14609,Aggressive
52,24998,3,5,no,sell,retirement,some,1988,Conservative
60,23023,3,7,yes,hold,tax_saving,some,5099,Moderate
43,22538,3,10,yes,buy_more,child_education,none,6610,Aggressive
21,64736,0,3,no,hold,child_education,some,22329,Moderate
55,29197,1,7,no,buy_more,wealth_creation,some,9413,Moderate
27,56108,3,2,yes,hold,retirement,experienced,4590,Aggressive
25,52128,3,3,yes,sell,wealth_creation,experienced,3807,Moderate
47,47613,0,15,yes,sell,wealth_creation,none,5312,Moderate
45,59711,0,2,no,buy_more,wealth_creation,some,7999,Conservative
23,52640,0,15,no,buy_more,tax_saving,some,16304,Aggressive
27,15000,2,5,yes,hold,short_term,some,3653,Aggressive
44,42377,3,10,no,hold,tax_saving,none,14097,Conservative
31,59355,1,15,no,hold,child_education,experienced,10425,Aggressive
48,102552,0,10,no,sell,short_term,some,17745,Conservative
37,104705,0,15,yes,sell,tax_saving,none,14018,Moderate
44,26544,3,3,no,buy_more,retirement,none,4811,Moderate
39,41882,0,5,yes,sell,child_education,some,12031,Aggressive
35,24227,0,10,yes,hold,short_term,some,6275,Aggressive
34,97143,0,10,yes,hold,wealth_creation,none,27872,Aggressive
48,77325,3,10,yes,hold,retirement,none,23136,Aggressive
41,57397,1,10,yes,buy_more,short_term,none,2943,Aggressive
44,52825,0,3,yes,sell,retirement,none,6401,Moderate
44,91243,0,3,yes,buy_more,short_term,some,22470,Aggressive
29,84549,4,20,yes,sell,retirement,none,15545,Moderate
57,82546,1,7,no,sell,tax_saving,some,7035,Conservative
43,60204,1,10,no,hold,wealth_creation,none,4180,Aggressive
49,41891,0,7,no,buy_more,wealth_creation,experienced,13949,Aggressive
56,69231,0,20,yes,hold,child_education,experienced,21083,Aggressive
57,70772,3,15,yes,sell,wealth_creation,none,10312,Conservative
47,44990,2,3,no,hold,retirement,experienced,10878,Conservative
52,41853,1,15,no,sell,retirement,some,3935,Conservative
39,81633,3,3,yes,buy_more,retirement,experienced,7387,Aggressive
50,103657,1,5,no,buy_more,wealth_creation,none,15558,Moderate
33,34988,3,15,no,hold,retirement,experienced,4701,Aggressive
49,43541,0,5,no,hold,wealth_creation,some,14970,Moderate
24,57406,0,3,no,hold,short_term,none,3289,Conservative
57,61020,3,10,yes,hold,child_education,experienced,13069,Aggressive
30,38751,3,20,no,sell,retirement,experienced,11866,Moderate
47,114414,2,2,no,hold,child_education,none,6609,Conservative
21,59274,2,10,no,hold,child_education,some,12810,Aggressive
27,62262,3,7,no,buy_more,tax_saving,experienced,10210,Aggressive
60,108174,2,5,no,hold,short_term,some,12414,Conservative
54,40051,0,10,no,buy_more,wealth_creation,some,4830,Aggressive
29,47108,1,7,yes,buy_more,retirement,none,13865,Aggressive
26,27889,2,10,yes,buy_more,child_education,some,5280,Aggressive
53,45362,1,10,no,buy_more,child_education,some,2892,Moderate
60,25083,3,20,no,sell,wealth_creation,some,4330,Conservative
27,68633,1,15,yes,hold,retirement,some,20247,Aggressive
47,59219,0,1,yes,buy_more,retirement,some,15204,Moderate
32,43274,0,10,no,buy_more,wealth_creation,none,14561,Aggressive
50,46854,3,7,yes,sell,child_education,some,13209,Moderate
37,69055,0,2,yes,hold,retirement,none,6994,Moderate
26,29404,3,7,no,buy_more,tax_saving,some,2059,Aggressive
33,53737,0,10,yes,sell,child_education,experienced,10143,Aggressive
42,67156,1,3,yes,hold,wealth_creation,some,12319,Aggressive
52,21981,3,5,no,hold,tax_saving,none,4710,Conservative
21,66717,1,7,no,hold,wealth_creation,experienced,16779,Aggressive
59,23078,3,5,yes,hold,retirement,none,2914,Conservative
46,46494,0,15,yes,sell,tax_saving,none,16109,Conservative
56,29041,1,2,yes,buy_more,retirement,experienced,5762,Moderate
58,93345,1,10,no,sell,short_term,none,24688,Conservative
27,29123,3,10,yes,buy_more,wealth_creation,some,5024,Aggressive
24,23328,0,5,yes,sell,child_education,experienced,5956,Aggressive
52,52052,0,7,no,buy_more,tax_saving,none,17958,Moderate
28,40693,2,2,no,hold,child_education,some,3909,Conservative
26,24907,4,3,yes,hold,short_term,some,4502,Moderate
39,62107,3,7,no,sell,short_term,some,16092,Conservative
57,20006,3,3,no,hold,wealth_creation,some,6142,Conservative
52,30751,1,10,yes,sell,wealth_creation,some,7415,Conservative
41,37841,1,7,no,sell,short_term,experienced,4517,Conservative
28,70333,3,1,yes,hold,short_term,experienced,17129,Moderate
34,87812,3,5,yes,sell,short_term,none,20795,Conservative
48,80519,3,15,yes,buy_more,retirement,some,5080,Aggressive
27,45753,3,3,yes,hold,retirement,some,10617,Aggressive
41,16443,3,10,no,sell,retirement,some,3449,Conservative
21,58447,0,2,no,buy_more,retirement,none,7997,Conservative
34,95011,0,20,no,sell,short_term,none,11560,Conservative
30,85408,4,5,no,buy_more,tax_saving,none,23945,Moderate
48,60374,1,5,yes,hold,tax_saving,some,4194,Moderate
57,28702,0,7,no,hold,retirement,none,3884,Conservative
26,38700,1,5,no,buy_more,short_term,some,10074,Aggressive
52,117033,2,10,yes,sell,retirement,experienced,13196,Moderate
47,25912,3,1,no,hold,retirement,none,2209,Conservative
59,29245,3,2,no,sell,child_education,some,10085,Conservative
57,74917,0,3,yes,hold,short_term,none,16458,Conservative
25,40375,1,7,yes,sell,retirement,some,5274,Moderate
50,28802,0,15,yes,sell,retirement,none,2770,Moderate
44,97497,3,1,no,sell,wealth_creation,experienced,5082,Conservative
25,60323,0,15,no,hold,tax_saving,none,16584,Moderate
31,41282,2,15,no,buy_more,retirement,experienced,6491,Aggressive
58,29272,1,1,no,buy_more,tax_saving,none,3172,Conservative
42,123171,2,2,yes,hold,wealth_creation,experienced,39545,Moderate
34,48484,1,5,no,buy_more,tax_saving,none,12552,Moderate
33,91931,2,2,yes,buy_more,short_term,none,26947,Conservative
54,73286,2,10,no,hold,child_education,experienced,18081,Moderate
32,38777,0,7,yes,sell,retirement,none,12603,Conservative
27,38916,1,5,yes,hold,retirement,some,5967,Aggressive
43,93980,1,10,yes,sell,retirement,some,9108,Aggressive
60,94668,0,3,yes,buy_more,retirement,some,4922,Aggressive
28,21065,2,15,yes,hold,wealth_creation,none,1266,Aggressive
31,62780,0,7,yes,sell,retirement,experienced,19220,Moderate
39,46418,3,5,no,buy_more,child_education,some,10883,Moderate
28,30791,0,7,no,sell,child_education,experienced,1960,Moderate
47,55148,2,3,yes,buy_more,short_term,some,4523,Moderate
31,26707,0,20,yes,buy_more,wealth_creation,some,6915,Aggressive
26,39739,1,5,no,hold,short_term,some,6575,Moderate
31,34224,0,15,no,hold,tax_saving,none,9662,Moderate
58,39147,2,20,no,sell,short_term,experienced,12956,Conservative
58,47469,0,7,no,hold,retirement,experienced,13139,Conservative
41,31038,2,10,yes,buy_more,child_education,some,3242,Aggressive
37,99501,1,7,yes,sell,wealth_creation,experienced,24367,Moderate
53,61204,4,2,no,sell,wealth_creation,none,13991,Conservative
28,109924,2,20,no,hold,wealth_creation,none,33458,Moderate
47,45613,2,5,no,hold,retirement,none,5021,Conservative
48,38293,3,15,no,hold,child_education,some,10173,Moderate
49,108151,0,7,yes,sell,tax_saving,some,24867,Moderate
29,37792,2,2,yes,sell,child_education,none,7304,Conservative
49,45241,1,5,yes,buy_more,child_education,some,6212,Aggressive
45,67779,2,3,no,sell,tax_saving,none,3918,Conservative
56,28085,0,2,no,sell,child_education,some,8191,Conservative
27,67513,1,10,yes,sell,child_education,none,5551,Aggressive
45,63736,2,1,yes,buy_more,retirement,none,10402,Conservative
54,86785,1,20,no,sell,wealth_creation,some,17256,Conservative
32,73168,0,5,yes,hold,wealth_creation,none,10895,Moderate
50,87991,1,5,no,hold,tax_saving,some,21886,Conservative
24,46644,3,3,yes,sell,short_term,none,6928,Conservative
49,33249,0,2,no,buy_more,wealth_creation,experienced,6812,Moderate
45,126689,1,7,no,buy_more,child_education,none,9952,Moderate
28,24661,4,5,yes,hold,short_term,none,4447,Aggressive
23,25798,3,7,no,hold,wealth_creation,some,5801,Moderate
50,63215,0,7,no,sell,short_term,none,19504,Conservative
30,101848,1,3,yes,hold,child_education,some,10640,Moderate
40,53385,0,5,yes,sell,wealth_creation,some,8092,Moderate
23,76855,4,3,no,hold,wealth_creation,none,9821,Conservative
59,19968,1,3,no,sell,short_term,experienced,1912,Conservative
42,39151,1,10,no,hold,wealth_creation,some,6486,Aggressive
58,21093,0,1,yes,hold,retirement,some,6802,Conservative
27,69646,1,3,no,hold,child_education,experienced,11274,Moderate
29,24434,0,7,no,sell,retirement,experienced,3216,Moderate
45,27583,2,5,yes,sell,retirement,none,9306,Conservative
45,61778,1,20,yes,hold,child_education,some,16349,Aggressive
52,79048,1,15,yes,hold,tax_saving,some,12719,Aggressive
58,45636,3,10,no,buy_more,wealth_creation,some,12540,Moderate
53,63359,0,7,yes,hold,wealth_creation,some,15305,Aggressive
26,62442,0,5,no,sell,retirement,none,19135,Conservative
33,44491,1,1,yes,hold,retirement,some,3706,Moderate
57,29952,2,15,no,hold,child_education,some,6348,Conservative
42,63208,0,5,yes,buy_more,retirement,none,16474,Aggressive
55,64595,2,5,no,sell,retirement,some,22563,Conservative
43,73299,1,7,no,buy_more,short_term,none,16897,Conservative
22,56411,1,10,no,hold,child_education,some,5201,Aggressive
39,28974,1,7,no,sell,short_term,none,9893,Conservative
53,66879,0,2,yes,hold,retirement,some,12548,Moderate
47,48990,0,20,yes,hold,wealth_creation,none,9624,Aggressive
26,39449,2,2,yes,hold,child_education,some,4968,Moderate
29,42933,1,20,yes,hold,short_term,some,12626,Aggressive
55,35932,1,5,no,hold,child_education,some,7502,Conservative
60,73128,4,20,yes,hold,wealth_creation,some,25022,Moderate
51,25896,0,15,no,hold,short_term,experienced,5327,Moderate
24,31348,1,5,yes,hold,child_education,none,3265,Aggressive
